"pregnancy_id","maternal_age","gestational_week","region","mean_temperature_c","mean_pm25","heat_exposure","preeclampsia_binary","preeclampsia","gestational_diabetes_binary","gestational_diabetes","birthweight_g","trimester","temperature_first_trimester","temperature_second_trimester","temperature_third_trimester"
1,36.9,37,"Abu Dhabi",31.7,37.3,"Lower",0,"No",0,"No",2661,"Third",30.4,30.9,32.9
2,33,14,"Abu Dhabi",27.9,38.1,"Lower",0,"No",0,"No",3071,"Second",30.6,26.8,30.1
3,21.8,25,"Abu Dhabi",29.5,25.6,"Lower",0,"No",0,"No",3707,"Second",28.6,33.7,27.8
4,25.7,5,"Dubai",36.7,46.7,"High",0,"No",0,"No",3724,"First",36.6,39.1,35.9
5,33,32,"Abu Dhabi",32.8,27,"Lower",0,"No",0,"No",2746,"Third",33.8,33,34
6,18.7,24,"Abu Dhabi",30.8,28.4,"Lower",0,"No",0,"No",3276,"Second",30.7,33.1,30.8
7,30.6,39,"Sharjah",37.5,33.4,"High",0,"No",0,"No",2556,"Third",36.3,41.1,36.3
8,41.2,29,"Abu Dhabi",32,18.1,"Lower",0,"No",0,"No",3263,"Third",29.3,32.4,33.1
9,24.8,6,"Abu Dhabi",33.5,33.8,"Lower",0,"No",0,"No",2712,"First",37.1,33.9,33.9
10,33.7,16,"Dubai",32.1,40.7,"Lower",0,"No",0,"No",2681,"Second",31.2,29.9,33.5
11,18.2,14,"Dubai",34.2,36.8,"Lower",0,"No",0,"No",3309,"Second",35.6,35.7,32.5
12,36.7,18,"Dubai",27.5,30.2,"Lower",0,"No",0,"No",3118,"Second",27,29.6,29.2
13,24.2,22,"Dubai",36.6,25.7,"High",0,"No",0,"No",3074,"Second",37.1,35.5,38.4
14,40.9,15,"Abu Dhabi",31.6,20.3,"Lower",0,"No",0,"No",2721,"Second",30.7,30.1,33.5
15,22.2,21,"Dubai",32,27.4,"Lower",0,"No",0,"No",3813,"Second",33.4,32.5,31.8
16,27.6,15,"Sharjah",31.9,27.8,"Lower",0,"No",0,"No",3570,"Second",31.1,31.5,33.1
17,32.7,31,"Dubai",37,17.2,"High",0,"No",0,"No",3088,"Third",36.6,40.4,36.6
18,18,35,"Dubai",34.8,37.1,"Lower",0,"No",0,"No",3442,"Third",33.6,34.3,36.5
19,26.6,7,"Sharjah",33.8,29.4,"Lower",0,"No",0,"No",2374,"First",34.3,33,34.5
20,18.5,13,"Sharjah",32.9,32.9,"Lower",0,"No",0,"No",3306,"First",31.3,33.6,33.2
21,27.2,38,"Dubai",30.4,31.7,"Lower",0,"No",0,"No",2718,"Third",30.9,28.7,31
22,27.3,30,"Dubai",33.2,28.1,"Lower",0,"No",0,"No",2721,"Third",34,31.6,31.6
23,24.3,16,"Sharjah",32.3,30.6,"Lower",0,"No",0,"No",3310,"Second",31.2,34.8,34.3
24,19.7,30,"Dubai",38.6,42.2,"High",0,"No",0,"No",2993,"Third",39.2,40.9,39.1
25,29.1,25,"Abu Dhabi",29.9,43.4,"Lower",0,"No",0,"No",4014,"Second",29.8,32.3,28.9
26,23,37,"Dubai",33.2,40.9,"Lower",1,"Yes",0,"No",3669,"Third",33.1,32.5,32.7
27,29.1,25,"Dubai",30.5,18.5,"Lower",0,"No",0,"No",2879,"Second",30.2,32.8,28.8
28,21.8,20,"Dubai",28.9,45.7,"Lower",0,"No",0,"No",3415,"Second",28.9,30,30.1
29,18.1,14,"Dubai",33.6,24.7,"Lower",0,"No",0,"No",3657,"Second",35.1,33.6,35.4
30,34.2,40,"Dubai",29,28.7,"Lower",0,"No",0,"No",3427,"Third",28.8,27,30.6
31,42.6,40,"Sharjah",33.3,29.9,"Lower",0,"No",0,"No",3291,"Third",35.2,33.3,33
32,22.7,18,"Abu Dhabi",30.1,41.1,"Lower",0,"No",0,"No",4283,"Second",27.9,28.3,31.7
33,37.7,36,"Abu Dhabi",29.2,33.9,"Lower",0,"No",0,"No",3735,"Third",28.7,29.6,30.5
34,18.4,33,"Abu Dhabi",29,35.6,"Lower",0,"No",0,"No",3353,"Third",30.2,25.2,27.7
35,33.8,37,"Dubai",35.8,28.8,"High",1,"Yes",1,"Yes",2650,"Third",37.6,36.5,34.4
36,29.5,31,"Dubai",36.4,22.8,"High",0,"No",0,"No",4297,"Third",34,40.2,37.6
37,23.7,32,"Dubai",29.9,32.1,"Lower",0,"No",0,"No",3387,"Third",30.1,28.7,30.7
38,30.9,24,"Sharjah",31.8,37.8,"Lower",0,"No",0,"No",3172,"Second",31,29.9,35
39,38.4,22,"Abu Dhabi",31.5,35.1,"Lower",0,"No",0,"No",3099,"Second",29.7,33.4,30.5
40,30.1,19,"Dubai",29.6,25.7,"Lower",0,"No",0,"No",3781,"Second",28.9,31.9,29.6
41,28,9,"Abu Dhabi",36.1,20.5,"High",0,"No",0,"No",2418,"First",36.5,34.4,36.2
42,41.6,14,"Abu Dhabi",27.4,43.1,"Lower",0,"No",0,"No",3474,"Second",27.3,25.9,27.6
43,29.7,15,"Abu Dhabi",35.1,35.5,"High",0,"No",0,"No",3029,"Second",34.2,35.4,35.5
44,29.9,10,"Abu Dhabi",34.3,38.9,"Lower",0,"No",0,"No",2949,"First",33.2,35.6,33.9
45,20.2,4,"Abu Dhabi",29,19.6,"Lower",0,"No",0,"No",3357,"First",28.6,30.6,31.4
46,18.9,39,"Sharjah",26.5,26.9,"Lower",0,"No",0,"No",2896,"Third",25.9,28.2,27.3
47,43.1,26,"Abu Dhabi",30.2,38.6,"Lower",0,"No",0,"No",2756,"Second",29.1,32.4,27.6
48,26,19,"Abu Dhabi",32.4,24.5,"Lower",0,"No",0,"No",2933,"Second",32.1,32.8,31.6
49,32,27,"Dubai",30.3,20.1,"Lower",0,"No",0,"No",2750,"Second",29.7,30.4,30.1
50,24.4,14,"Abu Dhabi",36,24.8,"High",0,"No",1,"Yes",2916,"Second",37.5,37.1,39.1
51,44.2,31,"Dubai",30.8,30.9,"Lower",0,"No",0,"No",3641,"Third",29.3,30.5,29.4
52,35.1,38,"Dubai",34.7,31.4,"Lower",0,"No",0,"No",3647,"Third",33.8,33.7,34.6
53,43.9,18,"Abu Dhabi",34.7,25.3,"Lower",0,"No",0,"No",3380,"Second",36.6,34.5,36.5
54,41.9,31,"Abu Dhabi",28.3,30,"Lower",0,"No",1,"Yes",3785,"Third",29.6,29.6,30.1
55,32.1,39,"Dubai",32.2,32.7,"Lower",0,"No",0,"No",3101,"Third",33.8,31.6,33.4
56,37.3,38,"Abu Dhabi",30.6,25.1,"Lower",0,"No",0,"No",3891,"Third",29.8,31.6,27.6
57,38,33,"Sharjah",34.8,41.4,"Lower",0,"No",0,"No",3047,"Third",37,32,33.7
58,19.2,39,"Abu Dhabi",29.9,28.3,"Lower",0,"No",0,"No",3597,"Third",29.1,26.8,30.3
59,43.9,19,"Sharjah",29.2,29.1,"Lower",0,"No",0,"No",3902,"Second",29.4,28.1,25
60,23.4,34,"Dubai",33.7,29.9,"Lower",0,"No",0,"No",2616,"Third",33.7,30.3,34.3
61,26.1,9,"Abu Dhabi",32,45.1,"Lower",0,"No",0,"No",2261,"First",30.8,33.6,31.2
62,42.2,39,"Abu Dhabi",36.5,32.2,"High",0,"No",1,"Yes",3461,"Third",37.5,34.8,40.6
63,33.3,35,"Abu Dhabi",33.6,33.6,"Lower",0,"No",0,"No",2235,"Third",35.1,31.8,32.5
64,30.3,25,"Dubai",33.8,33.1,"Lower",0,"No",0,"No",3288,"Second",34.8,33.1,34.2
65,28.8,35,"Sharjah",34.4,22.9,"Lower",0,"No",0,"No",3695,"Third",33.1,36.8,31.6
66,20.2,14,"Abu Dhabi",35.9,28.7,"High",0,"No",0,"No",2892,"Second",37.9,35.6,35.8
67,35,8,"Abu Dhabi",30.1,22.3,"Lower",0,"No",0,"No",3406,"First",28,29.3,29.7
68,30.6,32,"Sharjah",38.1,34,"High",0,"No",0,"No",2346,"Third",38.8,37.9,39
69,33.5,20,"Dubai",28.1,29.4,"Lower",0,"No",0,"No",3130,"Second",28.7,27.5,27.3
70,35.9,13,"Dubai",34.7,48.1,"Lower",0,"No",0,"No",3408,"First",35.2,33,36.7
71,41.7,23,"Abu Dhabi",31.4,26.1,"Lower",0,"No",0,"No",3097,"Second",28,29.4,30.5
72,28.2,38,"Abu Dhabi",25.7,25.3,"Lower",0,"No",0,"No",3393,"Third",26.8,23.9,23.8
73,37.5,34,"Dubai",38.5,17.4,"High",0,"No",0,"No",3210,"Third",36.4,38.7,38.6
74,41.2,40,"Dubai",33.8,38.7,"Lower",1,"Yes",0,"No",3265,"Third",35.1,37.1,32.9
75,23,39,"Dubai",28.7,37,"Lower",0,"No",0,"No",3316,"Third",29,26.7,26.4
76,35.1,4,"Dubai",35.1,7.7,"High",0,"No",0,"No",3053,"First",36,33.4,33.7
77,37.4,32,"Abu Dhabi",34.7,25.2,"Lower",1,"Yes",0,"No",2981,"Third",36.8,33.6,34.7
78,32.6,21,"Sharjah",36.4,26.2,"High",0,"No",0,"No",3194,"Second",35.2,36.2,34.9
79,23.5,14,"Dubai",33.9,25.4,"Lower",0,"No",0,"No",2802,"Second",33.6,33.4,32.5
80,42.3,24,"Abu Dhabi",32,34.2,"Lower",0,"No",0,"No",3030,"Second",33.7,31.8,31.5
81,21.3,8,"Sharjah",32.4,26,"Lower",0,"No",0,"No",3451,"First",29.1,31,32.1
82,43.7,13,"Dubai",29.2,34.2,"Lower",0,"No",0,"No",4002,"First",28.9,31.4,28.8
83,39.1,36,"Dubai",26.5,27.6,"Lower",0,"No",0,"No",2593,"Third",28.3,24.8,24.1
84,44,36,"Dubai",39.6,15.2,"High",0,"No",0,"No",2921,"Third",40.5,37.3,41.3
85,21.1,12,"Sharjah",31.8,32.9,"Lower",0,"No",1,"Yes",2345,"First",29.5,31.5,30.9
86,44.4,13,"Sharjah",32.1,31.2,"Lower",0,"No",0,"No",3398,"First",32.7,30.2,32.8
87,34.8,34,"Dubai",32.7,26.2,"Lower",0,"No",0,"No",2854,"Third",33.1,31.6,34.6
88,43,24,"Dubai",29,29.9,"Lower",0,"No",0,"No",3672,"Second",30.1,27.1,25.8
89,23.5,18,"Sharjah",31.5,36.3,"Lower",0,"No",0,"No",3087,"Second",32,32.1,31.9
90,23.8,21,"Dubai",34,33.4,"Lower",0,"No",0,"No",3111,"Second",32.7,33.8,34
91,42.9,19,"Sharjah",32.8,37.1,"Lower",0,"No",0,"No",3850,"Second",30.3,32,35.8
92,37.5,12,"Dubai",32.9,32.8,"Lower",0,"No",0,"No",3596,"First",29.1,31.7,34.3
93,38.6,28,"Abu Dhabi",31.3,25.9,"Lower",1,"Yes",0,"No",2907,"Third",31.8,32.4,30.5
94,25.7,22,"Abu Dhabi",32.3,16,"Lower",1,"Yes",0,"No",3114,"Second",34.7,29.5,32.9
95,27.3,39,"Dubai",37.1,19.6,"High",0,"No",0,"No",2064,"Third",39.7,37.6,35
96,27.2,26,"Abu Dhabi",27.5,28.5,"Lower",0,"No",0,"No",4102,"Second",28.4,25.5,30
97,39.3,40,"Dubai",31.2,36.8,"Lower",0,"No",0,"No",3049,"Third",32.8,30.9,31.1
98,27.8,4,"Dubai",31.1,37.7,"Lower",0,"No",0,"No",2976,"First",32.6,33.6,31.6
99,36,5,"Dubai",34.3,28.1,"Lower",0,"No",0,"No",2308,"First",34,35.2,34.8
100,28.1,24,"Abu Dhabi",32.7,33.8,"Lower",0,"No",0,"No",2794,"Second",31.7,32.1,28.3
101,21.3,38,"Dubai",33.2,25.9,"Lower",0,"No",0,"No",2210,"Third",32.6,32.2,32.2
102,40.4,35,"Sharjah",31.8,43.6,"Lower",0,"No",0,"No",3029,"Third",32,30.9,28.8
103,29.3,25,"Dubai",32.8,19.8,"Lower",0,"No",0,"No",2854,"Second",31.9,33.2,34.6
104,20.2,37,"Dubai",31.3,15.1,"Lower",1,"Yes",0,"No",3697,"Third",30.5,31.5,30.8
105,22.8,14,"Abu Dhabi",37.8,37.6,"High",1,"Yes",0,"No",2865,"Second",37.6,39.6,36.6
106,22.9,20,"Abu Dhabi",30.8,20.3,"Lower",0,"No",0,"No",3164,"Second",29.7,29.8,31.5
107,36.2,29,"Abu Dhabi",36.6,38.6,"High",0,"No",0,"No",3422,"Third",35.2,39.4,36.4
108,34.4,5,"Abu Dhabi",30.9,21.8,"Lower",0,"No",0,"No",3420,"First",31.2,29.8,28.9
109,25,35,"Dubai",34.9,32.9,"Lower",0,"No",0,"No",3576,"Third",36.4,34.7,36.8
110,33.9,22,"Dubai",28.9,41.2,"Lower",0,"No",0,"No",3297,"Second",29.8,27.3,31.9
111,29,16,"Dubai",30.8,16.9,"Lower",0,"No",0,"No",2559,"Second",30.4,32.2,31.7
112,41.4,11,"Abu Dhabi",28.7,28,"Lower",0,"No",0,"No",3619,"First",29.4,28.1,28.9
113,20.9,40,"Sharjah",31.3,30.7,"Lower",1,"Yes",0,"No",2749,"Third",29,29.4,30.7
114,26.7,7,"Abu Dhabi",34.5,33.3,"Lower",0,"No",0,"No",2918,"First",35.1,36.2,32.9
115,22.5,28,"Abu Dhabi",30.5,26.7,"Lower",0,"No",0,"No",3634,"Third",29.8,32.4,31.5
116,19.4,25,"Abu Dhabi",33.7,29.3,"Lower",0,"No",0,"No",3157,"Second",32.3,34.2,34.4
117,32.9,21,"Dubai",33.4,28.8,"Lower",0,"No",0,"No",2892,"Second",32.1,33.8,32.1
118,21.8,39,"Dubai",32.7,33.6,"Lower",0,"No",0,"No",2802,"Third",30.9,31.4,34.5
119,22.3,18,"Dubai",33.6,20.8,"Lower",0,"No",0,"No",3420,"Second",35.5,34.5,35.1
120,39,27,"Abu Dhabi",30.6,42.2,"Lower",0,"No",0,"No",2915,"Second",27.4,31,30.7
121,30,21,"Dubai",33.7,26.7,"Lower",0,"No",0,"No",3392,"Second",34.6,35.5,36.2
122,21.6,33,"Dubai",35.7,24.4,"High",0,"No",0,"No",3566,"Third",36.3,35.8,34.4
123,33.3,17,"Abu Dhabi",34.2,44.4,"Lower",0,"No",0,"No",2819,"Second",31.7,32.6,31.5
124,38.9,30,"Dubai",24.9,26.5,"Lower",0,"No",0,"No",2770,"Third",24.7,25.4,25.8
125,29.4,6,"Abu Dhabi",28.2,23.7,"Lower",0,"No",0,"No",3571,"First",25.4,30.6,26.2
126,19.6,31,"Abu Dhabi",34,40.2,"Lower",0,"No",0,"No",3203,"Third",32.2,33,34
127,28.4,14,"Sharjah",33.9,33.7,"Lower",0,"No",0,"No",2003,"Second",33.4,33.2,35.1
128,30.5,11,"Abu Dhabi",24.8,33.6,"Lower",0,"No",0,"No",3388,"First",25.8,24.1,25.5
129,19.1,19,"Dubai",34.8,26,"Lower",0,"No",0,"No",3614,"Second",32.7,35.3,37.1
130,29.1,4,"Abu Dhabi",35.8,30.6,"High",0,"No",0,"No",3327,"First",37.6,35.5,38.4
131,28.6,24,"Dubai",35,23.1,"High",0,"No",0,"No",3400,"Second",32.9,32.7,35.3
132,35.3,27,"Sharjah",30.1,38,"Lower",0,"No",0,"No",3554,"Second",30.7,30,28.4
133,19,11,"Dubai",38.7,48,"High",0,"No",0,"No",2479,"First",37.2,36.7,36.8
134,20.5,36,"Abu Dhabi",32.6,37,"Lower",0,"No",0,"No",3057,"Third",31.4,31.3,34.1
135,41.6,33,"Dubai",29.3,10.4,"Lower",0,"No",0,"No",3559,"Third",29.8,29.5,32.2
136,18.1,8,"Abu Dhabi",30.3,27.2,"Lower",0,"No",0,"No",3332,"First",31.1,30.7,30.3
137,22.3,9,"Sharjah",35.4,25.2,"High",0,"No",0,"No",2356,"First",35.9,35.6,34.5
138,31.7,38,"Dubai",39.2,25.4,"High",0,"No",0,"No",2931,"Third",39.1,39.1,38.7
139,33.1,36,"Dubai",35.9,29.3,"High",0,"No",0,"No",3964,"Third",35.7,38.2,34.3
140,27.1,24,"Dubai",30.3,31.2,"Lower",0,"No",1,"Yes",3182,"Second",29.7,33.1,31.2
141,36.9,29,"Dubai",36.8,28.5,"High",0,"No",1,"Yes",2709,"Third",35.6,39.1,36.8
142,25.7,18,"Abu Dhabi",31.2,15.1,"Lower",0,"No",0,"No",3327,"Second",31.3,31.5,30.7
143,31.6,9,"Dubai",35.4,43.3,"High",1,"Yes",0,"No",3797,"First",33.4,34.2,34.6
144,35.3,4,"Dubai",29.4,38.8,"Lower",1,"Yes",0,"No",2910,"First",31.8,29.8,29
145,42.6,9,"Dubai",33.2,28.6,"Lower",0,"No",1,"Yes",3269,"First",34.3,33.9,34.2
146,20,40,"Dubai",37,19.9,"High",0,"No",0,"No",2844,"Third",35.7,37.7,35.4
147,23.4,4,"Dubai",34.4,28.4,"Lower",0,"No",0,"No",2986,"First",32.4,30.1,33.6
148,35.2,22,"Dubai",37.4,43.2,"High",0,"No",0,"No",2804,"Second",39.8,37.8,37.7
149,36.1,24,"Dubai",34.3,43.6,"Lower",0,"No",0,"No",3379,"Second",33.3,34.2,33.4
150,19.5,26,"Abu Dhabi",29.7,25.8,"Lower",0,"No",0,"No",3584,"Second",30.2,29.8,25.9
151,22.4,26,"Sharjah",32.2,36.6,"Lower",0,"No",0,"No",2888,"Second",30.6,30.2,31.7
152,19.3,16,"Sharjah",32,33.5,"Lower",0,"No",0,"No",3351,"Second",28.4,28.7,30.1
153,44.5,17,"Abu Dhabi",30,19.3,"Lower",0,"No",0,"No",3427,"Second",28.7,28.1,28.7
154,32.5,25,"Dubai",35,40.9,"High",0,"No",0,"No",3302,"Second",34.4,34.3,36.1
155,38.4,23,"Dubai",37.7,27.8,"High",0,"No",0,"No",3190,"Second",39.5,37.7,38.5
156,38,7,"Dubai",27.5,21.4,"Lower",0,"No",0,"No",3569,"First",29.1,25.1,26.9
157,27.9,4,"Abu Dhabi",34.2,23.5,"Lower",0,"No",0,"No",2721,"First",32.1,34.8,34.3
158,36.8,39,"Dubai",30.9,34,"Lower",0,"No",0,"No",3493,"Third",32.6,32.5,30.5
159,39.2,9,"Dubai",31.3,31.7,"Lower",1,"Yes",0,"No",3058,"First",31.4,29.3,29.3
160,18.7,31,"Dubai",35.6,24.5,"High",0,"No",0,"No",2863,"Third",35.7,34.6,36.1
161,21.3,36,"Dubai",31.3,45.2,"Lower",0,"No",0,"No",3260,"Third",28.4,28.9,31.1
162,31.6,30,"Dubai",31.9,36.9,"Lower",0,"No",0,"No",3741,"Third",32.9,34.4,33.8
163,43.2,16,"Abu Dhabi",32.1,27.6,"Lower",0,"No",1,"Yes",3222,"Second",29.9,31.7,30.1
164,21,30,"Abu Dhabi",34.2,25.7,"Lower",0,"No",0,"No",2663,"Third",35.8,33.7,34.1
165,21.3,34,"Dubai",26.4,31.8,"Lower",0,"No",0,"No",2785,"Third",28.5,26.7,25.5
166,28.2,24,"Dubai",35.2,26.7,"High",0,"No",0,"No",2201,"Second",31.6,33.4,35
167,19.6,7,"Dubai",30.8,27,"Lower",0,"No",0,"No",3779,"First",30.6,30.1,29.1
168,30.1,23,"Sharjah",32.7,20.3,"Lower",0,"No",0,"No",2930,"Second",32.3,32,31.6
169,30.9,11,"Sharjah",34.6,17.8,"Lower",0,"No",0,"No",3385,"First",34.7,34.3,36.1
170,20.7,33,"Abu Dhabi",33.5,17.5,"Lower",0,"No",0,"No",2108,"Third",31.7,31.8,34.6
171,39.7,19,"Abu Dhabi",34.3,31.4,"Lower",0,"No",0,"No",3024,"Second",32.9,34.1,34.9
172,37.6,23,"Dubai",32.2,34.8,"Lower",0,"No",0,"No",3436,"Second",31.8,32,33.2
173,31.4,9,"Dubai",35.3,27.2,"High",0,"No",0,"No",2835,"First",34.9,37.2,36.5
174,39.2,19,"Dubai",28.6,34.2,"Lower",0,"No",1,"Yes",2517,"Second",29.6,31,29.2
175,24,12,"Sharjah",28.1,28,"Lower",0,"No",0,"No",3304,"First",27.5,27,30.6
176,33.4,12,"Sharjah",31.2,24.9,"Lower",0,"No",0,"No",3378,"First",31.2,30.9,32.8
177,41.8,28,"Dubai",29.7,37.1,"Lower",0,"No",0,"No",3581,"Third",29.6,30.2,31
178,43.4,14,"Dubai",24.4,21,"Lower",1,"Yes",0,"No",3654,"Second",25.4,24.7,23
179,44.8,15,"Abu Dhabi",34.6,25.7,"Lower",0,"No",0,"No",3339,"Second",34.5,35.5,36.7
180,32.2,5,"Dubai",32.2,23,"Lower",0,"No",0,"No",2816,"First",31.9,33.1,34.8
181,18.7,24,"Sharjah",32.8,19.4,"Lower",0,"No",0,"No",3319,"Second",33.4,34.1,31.8
182,25.3,14,"Dubai",34.4,12.9,"Lower",0,"No",0,"No",3313,"Second",35.9,35.9,35.7
183,43.1,38,"Sharjah",28.8,28.6,"Lower",0,"No",1,"Yes",2872,"Third",27.4,27.2,28.8
184,35,39,"Dubai",32,32.9,"Lower",0,"No",0,"No",3591,"Third",33.6,33.8,32.4
185,26.6,5,"Dubai",27.4,38.5,"Lower",0,"No",0,"No",3227,"First",28.3,26,29.2
186,25.1,33,"Abu Dhabi",40.2,26.7,"High",0,"No",0,"No",3259,"Third",39.9,37.3,39.9
187,40.6,4,"Dubai",35.2,33.6,"High",0,"No",0,"No",2767,"First",34.4,36.1,36.4
188,21.9,15,"Abu Dhabi",31.9,18.2,"Lower",0,"No",0,"No",3580,"Second",32.8,31.2,31.8
189,18.9,35,"Sharjah",37.4,13.8,"High",0,"No",0,"No",3392,"Third",38.7,37.8,39.3
190,29.1,23,"Dubai",30.3,34.3,"Lower",1,"Yes",0,"No",3816,"Second",32.1,30.4,30
191,28.7,27,"Abu Dhabi",33.9,20.9,"Lower",0,"No",0,"No",3854,"Second",32.7,33.5,33.8
192,20.7,39,"Abu Dhabi",37.1,23.1,"High",0,"No",0,"No",3789,"Third",35.7,36.8,34.6
193,22.6,35,"Abu Dhabi",34.4,22.1,"Lower",0,"No",1,"Yes",3880,"Third",34.8,34.4,34.8
194,42.7,22,"Dubai",36,29.5,"High",0,"No",0,"No",2475,"Second",34.5,34.9,36.5
195,26.4,17,"Dubai",31.2,37.8,"Lower",0,"No",0,"No",2966,"Second",32.3,31.2,28.4
196,26.2,29,"Sharjah",32.1,33.5,"Lower",1,"Yes",0,"No",4047,"Third",31.9,32.8,31.7
197,21.8,12,"Abu Dhabi",30.2,12.4,"Lower",0,"No",0,"No",3348,"First",30.6,30.6,31.6
198,32.9,15,"Abu Dhabi",36.4,32.7,"High",0,"No",0,"No",3135,"Second",33,35.8,35.6
199,35.4,21,"Abu Dhabi",37.4,34.3,"High",0,"No",0,"No",2667,"Second",37.6,35.3,34.4
200,23.2,21,"Sharjah",32.7,26.4,"Lower",0,"No",0,"No",2844,"Second",35.3,33.5,33.4
201,42,14,"Sharjah",34.9,20.3,"Lower",0,"No",0,"No",3213,"Second",34.1,36.3,32.6
202,35,23,"Dubai",32.8,39,"Lower",0,"No",1,"Yes",2589,"Second",31.7,33.5,30.1
203,26.4,21,"Abu Dhabi",34.4,17,"Lower",0,"No",0,"No",2721,"Second",33.5,30.4,37.2
204,44,4,"Abu Dhabi",30.5,30.5,"Lower",1,"Yes",0,"No",3159,"First",32.5,30.6,29.3
205,29.1,34,"Abu Dhabi",37.3,35.8,"High",1,"Yes",0,"No",2317,"Third",35.3,39,36.6
206,38.2,35,"Dubai",31.5,28.4,"Lower",0,"No",0,"No",2972,"Third",31.5,30.4,32.7
207,21.6,28,"Dubai",27.3,36.3,"Lower",0,"No",0,"No",3500,"Third",29.7,25,28
208,44.2,9,"Abu Dhabi",38.5,28.2,"High",1,"Yes",0,"No",2370,"First",36.9,38.3,40.5
209,40.7,39,"Abu Dhabi",31.7,29.6,"Lower",0,"No",0,"No",3081,"Third",30.7,29.1,35.2
210,33.5,40,"Abu Dhabi",31.1,35.5,"Lower",0,"No",0,"No",3301,"Third",30.2,29.5,30.7
211,37.2,5,"Sharjah",31,29.3,"Lower",0,"No",0,"No",3052,"First",30.9,29.4,29.6
212,22,5,"Dubai",35.2,33.2,"High",0,"No",0,"No",3038,"First",36.3,33.8,34.2
213,19.6,16,"Dubai",33.5,30.6,"Lower",0,"No",1,"Yes",2433,"Second",33.5,36.5,32.5
214,20,4,"Dubai",27.7,22.4,"Lower",0,"No",0,"No",3075,"First",28.5,26.6,28.1
215,43.1,11,"Dubai",35.3,29.5,"High",0,"No",1,"Yes",3729,"First",35,36.4,36.3
216,33,34,"Dubai",36.6,17.4,"High",0,"No",0,"No",4153,"Third",37,36.7,33.1
217,21.3,20,"Dubai",30.6,28.2,"Lower",0,"No",0,"No",2325,"Second",28.9,30.4,31.7
218,21.8,8,"Dubai",30.7,20.3,"Lower",0,"No",0,"No",3464,"First",32.5,32.7,30.1
219,22,23,"Abu Dhabi",28.9,23.4,"Lower",0,"No",0,"No",4050,"Second",28.6,28.5,30.4
220,27.4,18,"Dubai",35.5,27.4,"High",0,"No",0,"No",2610,"Second",33.7,34.3,37
221,19.9,23,"Abu Dhabi",33.5,35.9,"Lower",0,"No",0,"No",2599,"Second",33.1,34,32.9
222,35,16,"Sharjah",36.9,23.7,"High",0,"No",0,"No",2589,"Second",36.9,36.5,37.9
223,21.1,5,"Sharjah",32.1,31.9,"Lower",0,"No",0,"No",2914,"First",33.9,31.2,34.6
224,38.1,28,"Abu Dhabi",30.8,25.5,"Lower",0,"No",0,"No",3583,"Third",30.1,29.4,27.5
225,27.8,24,"Abu Dhabi",37.2,29.7,"High",0,"No",0,"No",3629,"Second",39,36.2,37.3
226,41.4,12,"Abu Dhabi",36.9,24.7,"High",0,"No",0,"No",3144,"First",36.8,36.9,36.3
227,37,11,"Abu Dhabi",31.8,36,"Lower",0,"No",0,"No",3023,"First",32.5,34.2,31.7
228,21.5,16,"Dubai",28.8,18,"Lower",0,"No",0,"No",3207,"Second",29.1,29.7,25.9
229,24.4,35,"Sharjah",30.2,27.9,"Lower",0,"No",0,"No",3182,"Third",31.6,31.1,29.1
230,23,33,"Abu Dhabi",24.3,29.6,"Lower",0,"No",0,"No",3057,"Third",25.4,23.2,24.5
231,29.4,24,"Abu Dhabi",29.9,24.1,"Lower",0,"No",0,"No",3484,"Second",27.6,30.5,31.3
232,23.5,29,"Sharjah",29.8,27.8,"Lower",1,"Yes",0,"No",3338,"Third",29.3,28.4,29.9
233,28.5,18,"Dubai",30.3,25.1,"Lower",0,"No",0,"No",3464,"Second",29,31.5,29
234,31.4,19,"Dubai",29.1,28.1,"Lower",0,"No",0,"No",3411,"Second",32,30,28.8
235,41.7,15,"Dubai",33.9,37.5,"Lower",0,"No",0,"No",3260,"Second",33.9,33.3,33.3
236,37.5,31,"Sharjah",29.1,35.5,"Lower",0,"No",0,"No",3973,"Third",29.6,29.9,30.9
237,44.7,8,"Dubai",29.2,35.3,"Lower",1,"Yes",0,"No",2484,"First",26.7,31.9,28
238,19.9,19,"Sharjah",32.8,26.7,"Lower",0,"No",0,"No",3235,"Second",32.9,31.8,32.9
239,21.8,12,"Sharjah",31.6,40.9,"Lower",0,"No",0,"No",3807,"First",28.9,30.9,31.9
240,42.1,21,"Dubai",30.6,15.1,"Lower",0,"No",0,"No",3007,"Second",29.9,29.1,29.6
241,44.2,24,"Dubai",29.5,15,"Lower",0,"No",0,"No",3425,"Second",29.6,28.9,28.6
242,32.6,16,"Abu Dhabi",29.2,27.9,"Lower",0,"No",0,"No",3266,"Second",30.5,28.6,30.1
243,44.6,28,"Sharjah",36,21.6,"High",1,"Yes",0,"No",2937,"Third",34.1,37.5,35.1
244,40.1,16,"Sharjah",37.1,32.1,"High",0,"No",0,"No",2937,"Second",36.9,35.6,36.2
245,34,26,"Dubai",32.9,31.7,"Lower",0,"No",0,"No",3459,"Second",30.7,31.3,34.1
246,32.1,36,"Dubai",36,37.1,"High",0,"No",0,"No",3400,"Third",38.3,37.2,35.6
247,40,21,"Abu Dhabi",30.9,25.8,"Lower",0,"No",0,"No",2709,"Second",31.3,27.2,30.6
248,26.6,32,"Dubai",28.4,32.7,"Lower",0,"No",1,"Yes",3039,"Third",26.4,28.7,31.5
249,19.1,37,"Abu Dhabi",36,28.5,"High",0,"No",0,"No",3709,"Third",34.5,36.4,37.5
250,20.1,33,"Abu Dhabi",33.5,14.1,"Lower",0,"No",0,"No",3902,"Third",35.4,34.5,35.7
251,36.4,38,"Abu Dhabi",29.3,28.5,"Lower",0,"No",0,"No",3154,"Third",30.9,29.4,28.3
252,27.9,4,"Dubai",31.7,21.5,"Lower",0,"No",0,"No",3520,"First",34.9,31.5,32.4
253,25.9,13,"Dubai",29.5,52.4,"Lower",0,"No",0,"No",2796,"First",27.3,30.7,31.2
254,37,14,"Abu Dhabi",35.4,24.4,"High",0,"No",0,"No",3068,"Second",34.6,36.3,34.3
255,29.7,24,"Dubai",39.6,24.3,"High",0,"No",0,"No",2461,"Second",42.2,39.7,39.3
256,22.6,31,"Abu Dhabi",36.5,29.4,"High",0,"No",0,"No",3994,"Third",36.8,35.1,35.5
257,37.2,17,"Dubai",30.7,37.1,"Lower",0,"No",0,"No",3599,"Second",30,32.7,29.1
258,42.5,8,"Sharjah",32.8,32,"Lower",0,"No",0,"No",2824,"First",36.5,34.1,29.3
259,40.9,10,"Sharjah",35.3,38.7,"High",0,"No",0,"No",3224,"First",35.2,35.8,36.4
260,35.5,16,"Dubai",30.6,32.8,"Lower",0,"No",0,"No",3474,"Second",30.3,31.8,31
261,31,21,"Dubai",27.8,40.3,"Lower",0,"No",1,"Yes",3395,"Second",26.2,27.2,29.4
262,33.9,38,"Abu Dhabi",34.5,36.5,"Lower",0,"No",0,"No",3552,"Third",34.6,34.2,34
263,44.9,39,"Sharjah",32.9,34.3,"Lower",0,"No",0,"No",2806,"Third",31.1,32.7,33.9
264,24.9,13,"Dubai",31.7,18.6,"Lower",0,"No",0,"No",3622,"First",30.9,30.9,32.5
265,37.5,30,"Dubai",36.4,21.6,"High",0,"No",1,"Yes",3097,"Third",38.3,34.7,34.8
266,23.5,16,"Sharjah",33.3,37.2,"Lower",1,"Yes",0,"No",2944,"Second",33,33.2,31.7
267,29.3,19,"Dubai",27.1,19.7,"Lower",0,"No",0,"No",3407,"Second",26.5,26,25.5
268,34,37,"Dubai",29.6,34.9,"Lower",1,"Yes",0,"No",2860,"Third",30.3,31.3,29.4
269,36.1,33,"Dubai",33.5,13.2,"Lower",0,"No",0,"No",2194,"Third",35.6,33.6,32.6
270,38.2,38,"Abu Dhabi",33.4,33,"Lower",0,"No",0,"No",3518,"Third",33.6,32.1,34.1
271,30.4,34,"Dubai",28.6,27.7,"Lower",0,"No",0,"No",3258,"Third",27.2,28.7,29
272,30.9,5,"Abu Dhabi",28.5,21.6,"Lower",0,"No",1,"Yes",3686,"First",27.7,29.1,28
273,21.7,34,"Dubai",33.1,24.8,"Lower",0,"No",0,"No",2898,"Third",33.4,35.7,29.3
274,24.1,39,"Abu Dhabi",38.4,20.8,"High",1,"Yes",0,"No",2583,"Third",38.5,39.9,40.9
275,36.7,9,"Abu Dhabi",33.7,27,"Lower",0,"No",0,"No",2997,"First",34.9,32,32
276,33.9,4,"Abu Dhabi",35.4,21.7,"High",0,"No",0,"No",2665,"First",33.8,33.2,35.4
277,40.4,32,"Abu Dhabi",28,21.2,"Lower",0,"No",0,"No",4007,"Third",27.7,27.3,26.6
278,37.1,36,"Dubai",29,42.4,"Lower",0,"No",0,"No",2991,"Third",26.6,28.8,30.8
279,35.5,35,"Sharjah",34.4,22.1,"Lower",0,"No",0,"No",3786,"Third",34.7,32.6,32
280,18.7,16,"Dubai",39.2,18.8,"High",1,"Yes",1,"Yes",3197,"Second",40.5,36.6,36.3
281,35.4,21,"Dubai",33.4,38.3,"Lower",1,"Yes",0,"No",3169,"Second",32.8,35.1,32.9
282,38.6,36,"Dubai",35.1,31.2,"High",0,"No",0,"No",2885,"Third",35.6,33.8,34.7
283,33.2,10,"Abu Dhabi",34,18.5,"Lower",0,"No",0,"No",3756,"First",35.6,36.7,31.1
284,35.6,31,"Abu Dhabi",35.1,24.2,"High",0,"No",0,"No",3226,"Third",34.7,35.2,36.9
285,39.6,28,"Dubai",35.2,34,"High",0,"No",0,"No",2721,"Third",35.6,37,36.7
286,32.4,26,"Abu Dhabi",27.6,39.3,"Lower",0,"No",0,"No",3420,"Second",27.8,28,28.5
287,20.7,21,"Abu Dhabi",27.8,26.7,"Lower",0,"No",0,"No",3079,"Second",25.5,29.7,25.5
288,19.9,35,"Sharjah",30.6,28.4,"Lower",0,"No",0,"No",2745,"Third",29.4,30,27.6
289,41.7,29,"Sharjah",34.2,31.3,"Lower",0,"No",1,"Yes",3188,"Third",31.9,33.5,34
290,38.7,31,"Abu Dhabi",29,30.5,"Lower",1,"Yes",0,"No",3447,"Third",27.6,33.2,30.5
291,22.9,40,"Abu Dhabi",28.8,27.7,"Lower",0,"No",0,"No",2833,"Third",29.4,26,30.4
292,41.9,19,"Abu Dhabi",28,38.5,"Lower",0,"No",0,"No",3859,"Second",27.2,30.1,29.8
293,35,8,"Abu Dhabi",31.4,36.1,"Lower",0,"No",0,"No",3902,"First",32.1,30.4,32.6
294,41.5,4,"Sharjah",26.2,40.8,"Lower",0,"No",0,"No",3486,"First",26.3,27.6,25.7
295,39.1,34,"Dubai",23.5,29,"Lower",0,"No",0,"No",3564,"Third",24.1,22.3,22.6
296,35.4,11,"Sharjah",35.8,42.5,"High",0,"No",0,"No",2908,"First",35.9,35,33.2
297,34,21,"Sharjah",30.1,30.8,"Lower",0,"No",0,"No",2342,"Second",30.1,29,30.9
298,31.7,13,"Dubai",33.7,24.5,"Lower",1,"Yes",0,"No",2965,"First",31.5,34,34.3
299,19.6,9,"Abu Dhabi",31.9,33.5,"Lower",0,"No",0,"No",3332,"First",31.8,32.1,32.3
300,29.7,13,"Abu Dhabi",35.3,34.1,"High",0,"No",0,"No",2687,"First",38.1,35.7,33.9
301,31.8,13,"Dubai",33.2,27.2,"Lower",0,"No",0,"No",3198,"First",32.3,32.9,29.7
302,31.6,27,"Abu Dhabi",31.7,27,"Lower",0,"No",0,"No",3037,"Second",33.1,32.2,29.8
303,35,34,"Abu Dhabi",38.7,24.5,"High",0,"No",1,"Yes",3369,"Third",38,38.9,39.8
304,27.3,27,"Dubai",26.4,21.7,"Lower",0,"No",0,"No",3795,"Second",29.4,25,26.2
305,40.6,6,"Dubai",32.2,39.3,"Lower",0,"No",1,"Yes",3028,"First",31.9,28.8,34
306,20.9,21,"Dubai",35.2,19.4,"High",0,"No",1,"Yes",3878,"Second",36,34,35.5
307,36.7,9,"Dubai",34.4,31.2,"Lower",0,"No",0,"No",3583,"First",35.8,32.9,35.1
308,25.6,32,"Abu Dhabi",30.6,35.6,"Lower",0,"No",0,"No",3068,"Third",30.9,31.3,30.5
309,37.4,12,"Abu Dhabi",33.8,31.8,"Lower",0,"No",1,"Yes",3535,"First",33.9,31.2,35.9
310,40.3,10,"Sharjah",28,26.9,"Lower",0,"No",0,"No",3185,"First",24.8,25.4,28.9
311,41.6,16,"Sharjah",30.7,35.3,"Lower",0,"No",0,"No",3442,"Second",32.5,29.9,31.4
312,38.1,4,"Dubai",33.6,29.6,"Lower",0,"No",0,"No",2682,"First",33.4,33.2,32.8
313,24.5,22,"Abu Dhabi",34.4,21.3,"Lower",0,"No",0,"No",2556,"Second",37.8,36.1,34.8
314,39.1,22,"Sharjah",33.9,29.1,"Lower",0,"No",0,"No",3176,"Second",33.5,35.4,37.7
315,25.2,39,"Dubai",29,36.4,"Lower",0,"No",0,"No",3147,"Third",29.8,29.5,30.7
316,40.6,21,"Dubai",31.3,27.2,"Lower",1,"Yes",0,"No",2034,"Second",31.7,31.9,30
317,31.4,14,"Abu Dhabi",29.6,20.4,"Lower",0,"No",0,"No",2531,"Second",27.9,27.8,28.8
318,30,29,"Abu Dhabi",33.2,27.8,"Lower",0,"No",0,"No",4257,"Third",33.5,32.9,32.4
319,35.1,22,"Abu Dhabi",30.2,20,"Lower",0,"No",0,"No",2913,"Second",30.7,32.2,30.8
320,34.5,34,"Dubai",30.7,39.8,"Lower",0,"No",0,"No",3273,"Third",29.6,31.3,31
321,42.8,15,"Abu Dhabi",28.9,30,"Lower",0,"No",0,"No",3291,"Second",29.1,31.2,29.1
322,30,13,"Sharjah",35.5,27.5,"High",0,"No",0,"No",2811,"First",33.7,38,37.1
323,23.2,25,"Abu Dhabi",31.7,22.6,"Lower",0,"No",0,"No",2343,"Second",30.2,30.3,31.1
324,43.6,26,"Dubai",28,32.5,"Lower",0,"No",0,"No",3555,"Second",27.6,30.1,26.8
325,23.2,19,"Abu Dhabi",26.5,35,"Lower",0,"No",0,"No",3516,"Second",27.4,27.5,25
326,36.4,39,"Sharjah",29.7,26.2,"Lower",0,"No",0,"No",3894,"Third",27.7,28.3,28
327,39.1,31,"Abu Dhabi",29.2,35.4,"Lower",0,"No",0,"No",2887,"Third",29.2,28.6,27.5
328,35.3,7,"Dubai",33,22.4,"Lower",0,"No",0,"No",3090,"First",31.8,33.2,33
329,27.3,34,"Dubai",29.5,29.4,"Lower",0,"No",1,"Yes",2879,"Third",28.2,29.6,29.9
330,38.2,15,"Sharjah",32,29.9,"Lower",0,"No",0,"No",3049,"Second",30.1,30.2,33.3
331,29.2,8,"Abu Dhabi",33.7,23.5,"Lower",1,"Yes",0,"No",2749,"First",35.1,31.8,33.4
332,37,4,"Abu Dhabi",33.9,31.9,"Lower",0,"No",0,"No",3771,"First",34.6,34,33
333,37.6,21,"Dubai",35.7,20.6,"High",0,"No",0,"No",2469,"Second",37.9,35.2,36.8
334,41.2,39,"Dubai",33.6,18.8,"Lower",0,"No",0,"No",3813,"Third",35.1,36.8,32.1
335,25.3,30,"Sharjah",32.6,22.6,"Lower",0,"No",0,"No",3636,"Third",33.4,33.5,32.8
336,40.7,15,"Dubai",32,31.9,"Lower",0,"No",0,"No",3266,"Second",30.7,31.7,33.2
337,24.3,22,"Dubai",31.4,20.5,"Lower",0,"No",0,"No",3323,"Second",31.1,31.5,32.2
338,32.6,10,"Abu Dhabi",33.4,32.6,"Lower",0,"No",0,"No",3780,"First",32.2,34.1,33.4
339,28.8,40,"Abu Dhabi",31.9,35.6,"Lower",0,"No",0,"No",3686,"Third",34.7,33,32.5
340,34.4,18,"Dubai",34.9,28.6,"Lower",0,"No",0,"No",3120,"Second",35,33.6,35.2
341,27.4,11,"Dubai",28.1,26,"Lower",0,"No",0,"No",2404,"First",30.5,28.4,28.3
342,32.7,13,"Sharjah",32.3,35,"Lower",0,"No",0,"No",2768,"First",29.8,33.6,32.3
343,24.6,31,"Dubai",26.3,32.8,"Lower",0,"No",0,"No",3853,"Third",25.6,27,29.2
344,20.6,33,"Dubai",31.7,34.9,"Lower",0,"No",0,"No",2567,"Third",32,34,30.9
345,39.9,35,"Dubai",30.8,34.8,"Lower",0,"No",0,"No",3803,"Third",26.9,32.2,28.7
346,19.6,28,"Dubai",30.3,34,"Lower",0,"No",1,"Yes",2851,"Third",31.2,27.6,29.9
347,26.5,40,"Sharjah",29.6,40.7,"Lower",0,"No",0,"No",2820,"Third",33.7,28.5,29.2
348,26.3,18,"Sharjah",39.9,45.8,"High",0,"No",0,"No",2679,"Second",41.2,38.4,38.5
349,32.2,21,"Dubai",33.2,28,"Lower",0,"No",0,"No",2969,"Second",33,32,32.4
350,25.9,15,"Dubai",33.6,46.2,"Lower",0,"No",0,"No",3102,"Second",33.5,29.8,33.6
351,33,28,"Dubai",34.2,26.5,"Lower",0,"No",0,"No",3142,"Third",33,28.7,33.3
352,44.7,33,"Abu Dhabi",34,30.3,"Lower",0,"No",0,"No",2151,"Third",34.5,30.4,33
353,18.9,28,"Abu Dhabi",31.8,33.6,"Lower",0,"No",0,"No",3062,"Third",29,34,29.6
354,19.3,4,"Dubai",33.7,27.8,"Lower",0,"No",0,"No",3752,"First",35.9,31.8,33.7
355,35.2,22,"Dubai",29.9,23.2,"Lower",0,"No",0,"No",2648,"Second",27.2,29.1,29
356,42.2,8,"Dubai",36.1,28.2,"High",0,"No",0,"No",3716,"First",35.8,35.3,37.5
357,43.2,19,"Dubai",31.9,34,"Lower",0,"No",0,"No",3769,"Second",31.5,32.9,32.6
358,19.3,32,"Sharjah",31.5,34.2,"Lower",0,"No",0,"No",3225,"Third",33,32.2,30.4
359,31.4,19,"Sharjah",35.2,47.6,"High",0,"No",0,"No",2215,"Second",35.1,36,35.4
360,38.2,22,"Dubai",34.9,12.9,"Lower",0,"No",1,"Yes",2716,"Second",36.5,36.1,35.2
361,23.9,30,"Dubai",32.8,38.3,"Lower",0,"No",0,"No",3240,"Third",32.5,33,33.5
362,25.1,20,"Dubai",29.8,20.8,"Lower",0,"No",0,"No",3136,"Second",29.9,27.5,31.2
363,42.4,31,"Abu Dhabi",31.9,37.9,"Lower",0,"No",0,"No",3174,"Third",32.6,32,33.7
364,22.4,33,"Dubai",23.6,25.6,"Lower",0,"No",0,"No",3827,"Third",22.4,22.1,24.7
365,34.3,19,"Dubai",30.8,23,"Lower",0,"No",0,"No",3163,"Second",32.1,31.4,30.7
366,24,23,"Dubai",33.3,15.9,"Lower",0,"No",0,"No",3278,"Second",32.4,33.3,33.3
367,40.8,32,"Abu Dhabi",36.4,32.6,"High",0,"No",0,"No",2804,"Third",37.8,33.9,34.6
368,43.1,39,"Dubai",38.1,23.8,"High",0,"No",0,"No",3093,"Third",37.8,36.4,37.2
369,33.8,20,"Abu Dhabi",35.1,28.8,"High",1,"Yes",0,"No",2937,"Second",34.8,32.4,34.2
370,42.6,24,"Sharjah",33.5,25.4,"Lower",0,"No",0,"No",3346,"Second",34.3,32.5,31.7
371,37.7,39,"Dubai",35.6,33.3,"High",0,"No",0,"No",3151,"Third",35.2,34,35.3
372,32.9,26,"Abu Dhabi",37.2,29,"High",0,"No",0,"No",4197,"Second",40.6,36.5,38
373,43,17,"Dubai",31,26,"Lower",0,"No",1,"Yes",3867,"Second",29.9,32.7,30.6
374,31.4,20,"Abu Dhabi",27.3,34.4,"Lower",0,"No",0,"No",2245,"Second",27.3,29.9,27.9
375,38.1,32,"Dubai",31.7,29.7,"Lower",0,"No",0,"No",3720,"Third",32.6,28.6,35.1
376,21.6,36,"Dubai",32.4,20.8,"Lower",0,"No",0,"No",2976,"Third",32.8,31.4,32.6
377,35.4,13,"Abu Dhabi",36.1,38.1,"High",0,"No",0,"No",2485,"First",34.8,35.1,36.4
378,20.3,20,"Dubai",29,26.7,"Lower",0,"No",0,"No",3167,"Second",30.7,28.7,27.5
379,24.7,34,"Abu Dhabi",30.4,34.9,"Lower",0,"No",0,"No",2988,"Third",29.3,29.6,31.6
380,23.3,20,"Dubai",34,54.2,"Lower",0,"No",0,"No",2952,"Second",34.1,36.9,33.6
381,37.4,30,"Abu Dhabi",37.5,22.5,"High",0,"No",0,"No",2665,"Third",35.3,34.6,36.9
382,42.3,11,"Abu Dhabi",30.3,27.5,"Lower",0,"No",0,"No",3630,"First",31.2,30.2,30.9
383,27.2,16,"Abu Dhabi",32.7,42.9,"Lower",0,"No",0,"No",3838,"Second",32.2,31.8,29.1
384,32.3,32,"Sharjah",32.5,28.7,"Lower",0,"No",0,"No",3434,"Third",33.2,33.2,30
385,44.6,15,"Dubai",32.8,23.2,"Lower",0,"No",0,"No",2159,"Second",33.9,32,34.3
386,36.6,6,"Abu Dhabi",29.7,35.7,"Lower",0,"No",0,"No",3118,"First",29,29.8,30.1
387,35.1,30,"Dubai",28.7,20.3,"Lower",0,"No",0,"No",4112,"Third",26.1,28.3,28.9
388,24.1,31,"Abu Dhabi",33.2,23.5,"Lower",0,"No",0,"No",2188,"Third",30.6,33.4,32.2
389,23.7,20,"Abu Dhabi",27.8,16.5,"Lower",0,"No",1,"Yes",3202,"Second",27.7,30.9,28.5
390,31.9,11,"Abu Dhabi",32,28.8,"Lower",0,"No",0,"No",3629,"First",32.1,34.7,31.6
391,43.6,36,"Dubai",30.1,36.6,"Lower",0,"No",0,"No",3470,"Third",30.7,29.9,30.5
392,38.9,28,"Abu Dhabi",32.9,27.3,"Lower",1,"Yes",0,"No",3025,"Third",33.2,32.1,36.1
393,26.7,30,"Dubai",32.9,59.3,"Lower",0,"No",1,"Yes",3641,"Third",32.8,32.5,32
394,18.7,16,"Dubai",29.5,13.4,"Lower",0,"No",0,"No",3615,"Second",29.9,27.5,27.5
395,19.5,9,"Sharjah",33,34.7,"Lower",0,"No",0,"No",3318,"First",33.6,28.6,35.4
396,36.1,29,"Dubai",33.6,27.3,"Lower",0,"No",0,"No",3860,"Third",35.9,31.7,33.5
397,22,22,"Abu Dhabi",29.4,32.4,"Lower",0,"No",0,"No",2775,"Second",29.1,29.3,31.7
398,39.5,35,"Abu Dhabi",39.5,36.6,"High",1,"Yes",0,"No",3613,"Third",36.8,40.2,40.6
399,31.9,39,"Abu Dhabi",34.8,27.8,"Lower",0,"No",0,"No",3251,"Third",36.1,34.6,35.4
400,18.6,14,"Sharjah",33.4,33.8,"Lower",0,"No",0,"No",3389,"Second",33.9,32.3,36.2
401,27,9,"Dubai",34.7,37.2,"Lower",0,"No",0,"No",2636,"First",34,35,34.9
402,29,31,"Dubai",29.3,35.4,"Lower",0,"No",0,"No",3874,"Third",29.6,26.9,30.1
403,36.3,26,"Abu Dhabi",35.6,8.4,"High",1,"Yes",0,"No",3588,"Second",35.3,36.7,36.2
404,22,27,"Abu Dhabi",34.2,48,"Lower",0,"No",0,"No",3245,"Second",35.7,33.9,35.3
405,29.1,11,"Abu Dhabi",31,24.8,"Lower",0,"No",0,"No",3037,"First",31.4,31.6,31.9
406,20.4,15,"Sharjah",32.7,29.1,"Lower",0,"No",0,"No",2634,"Second",32.1,34.3,33.4
407,18.9,16,"Abu Dhabi",29.3,25.2,"Lower",1,"Yes",0,"No",3789,"Second",30.5,31.3,29.3
408,30.2,16,"Sharjah",35,43.8,"High",0,"No",0,"No",4093,"Second",34.5,34.5,33.4
409,28.4,20,"Dubai",38.3,41.3,"High",0,"No",0,"No",1868,"Second",39.3,39.9,36.2
410,38.2,10,"Dubai",27.2,28.9,"Lower",0,"No",0,"No",2514,"First",26.2,29.2,27.9
411,44,14,"Sharjah",27.4,37.3,"Lower",0,"No",0,"No",3745,"Second",26.3,29,25.8
412,31.2,35,"Dubai",36.2,38.3,"High",0,"No",0,"No",3310,"Third",35.7,36.1,38.4
413,26.9,13,"Abu Dhabi",34.1,9.7,"Lower",1,"Yes",0,"No",3312,"First",32.7,31.8,35.2
414,36,22,"Dubai",31.7,34.6,"Lower",0,"No",0,"No",3766,"Second",28.2,31.5,33.6
415,25.5,14,"Abu Dhabi",29,26,"Lower",0,"No",0,"No",3343,"Second",27.3,29.9,26.6
416,23.9,16,"Abu Dhabi",33.4,31.1,"Lower",0,"No",0,"No",3224,"Second",31.7,32.8,34
417,30.2,36,"Dubai",31.9,34.7,"Lower",0,"No",0,"No",3255,"Third",32.2,31.5,31.7
418,25.5,25,"Dubai",25.1,36.7,"Lower",0,"No",0,"No",4024,"Second",23.3,24.6,26.6
419,43.7,30,"Dubai",29.1,47.1,"Lower",0,"No",0,"No",3190,"Third",28.3,28.7,29.1
420,28.6,24,"Abu Dhabi",28.4,28.7,"Lower",0,"No",0,"No",3986,"Second",26,28.6,28.7
421,23.2,17,"Abu Dhabi",33.8,32.3,"Lower",0,"No",0,"No",3809,"Second",35.5,34.4,33.5
422,19.4,17,"Abu Dhabi",32.9,31.4,"Lower",0,"No",0,"No",3582,"Second",32,34.9,31.2
423,39.1,34,"Sharjah",33.4,36.2,"Lower",0,"No",0,"No",2697,"Third",32.1,34.8,31.8
424,29.5,22,"Dubai",28.8,40.3,"Lower",0,"No",0,"No",2282,"Second",29,27.8,28.6
425,25.3,28,"Abu Dhabi",31.9,17.9,"Lower",0,"No",0,"No",3526,"Third",34.8,33.2,30.1
426,25.9,26,"Abu Dhabi",30,26.3,"Lower",0,"No",0,"No",4026,"Second",30.5,30,30.3
427,28,14,"Abu Dhabi",33.3,43.1,"Lower",0,"No",1,"Yes",2727,"Second",35.3,32,33.3
428,27.8,4,"Dubai",35.1,18.2,"High",0,"No",0,"No",3241,"First",33.6,36,33.7
429,27.8,36,"Sharjah",38.1,36.2,"High",0,"No",1,"Yes",3303,"Third",36.8,36,39.7
430,38.9,38,"Abu Dhabi",34.2,15.4,"Lower",0,"No",0,"No",2647,"Third",34.5,34.9,33
431,39.1,40,"Dubai",30.4,32.6,"Lower",0,"No",1,"Yes",3355,"Third",28.9,31.4,27.7
432,27.6,35,"Abu Dhabi",33.3,37,"Lower",0,"No",0,"No",2867,"Third",31.5,33.7,31.5
433,37.7,13,"Dubai",34.4,29.4,"Lower",0,"No",0,"No",3279,"First",32.3,33.8,35.3
434,26.8,23,"Dubai",30.6,27.8,"Lower",0,"No",0,"No",3904,"Second",30.6,27.4,31.6
435,41.2,38,"Dubai",34,25.3,"Lower",0,"No",0,"No",2305,"Third",30.7,33.9,33.8
436,30.4,37,"Dubai",26.8,26,"Lower",0,"No",0,"No",3872,"Third",23.9,26.1,28.9
437,41.1,36,"Abu Dhabi",36.3,35,"High",0,"No",0,"No",2856,"Third",36.4,35.7,37
438,28.5,39,"Dubai",34.9,25.6,"Lower",0,"No",0,"No",2631,"Third",38.8,34.6,34.1
439,44.6,5,"Sharjah",31.2,35.5,"Lower",0,"No",0,"No",3304,"First",32.2,32.1,29.3
440,25.1,31,"Sharjah",26.9,29.8,"Lower",0,"No",0,"No",4433,"Third",27.9,26.8,25.1
441,32.3,29,"Sharjah",30.5,34.1,"Lower",0,"No",0,"No",3830,"Third",30,28,30.7
442,25.9,5,"Abu Dhabi",31.1,50.6,"Lower",0,"No",0,"No",2627,"First",30.8,34.3,31.4
443,18.2,7,"Dubai",28.8,32.9,"Lower",0,"No",0,"No",3995,"First",30.5,28.1,25.8
444,23.5,24,"Abu Dhabi",32.4,17.6,"Lower",0,"No",0,"No",2951,"Second",30.3,32.4,32.6
445,25.9,19,"Abu Dhabi",33.5,20.3,"Lower",1,"Yes",0,"No",3285,"Second",35.6,31,32.8
446,35.2,9,"Dubai",34.2,25,"Lower",0,"No",0,"No",4162,"First",33.2,35.3,35.4
447,23.9,7,"Dubai",29.8,16.9,"Lower",0,"No",0,"No",3513,"First",29.5,30.6,28.4
448,33,14,"Sharjah",34.7,39.3,"Lower",0,"No",0,"No",2524,"Second",37.8,35.8,35.7
449,28.4,28,"Dubai",30.1,22.8,"Lower",1,"Yes",0,"No",3259,"Third",29.5,30.9,29.5
450,18.6,36,"Dubai",31.7,42,"Lower",0,"No",0,"No",3448,"Third",33.4,33.8,31.3
451,41.6,15,"Abu Dhabi",36.2,27.1,"High",0,"No",1,"Yes",2053,"Second",35.8,35.7,37.3
452,32.2,4,"Dubai",32.9,29.5,"Lower",0,"No",0,"No",3289,"First",31,30.4,33.9
453,25.7,36,"Abu Dhabi",37.3,34.6,"High",0,"No",0,"No",3391,"Third",37.6,35.7,36.2
454,37.2,14,"Dubai",27.7,23.9,"Lower",0,"No",0,"No",4200,"Second",27.2,27,28.2
455,23.7,27,"Abu Dhabi",30.7,32.3,"Lower",0,"No",0,"No",2780,"Second",32.6,30.3,27.6
456,30.5,14,"Dubai",32.2,32.4,"Lower",0,"No",0,"No",2620,"Second",33,32.5,28.8
457,36.6,7,"Sharjah",29.8,34.4,"Lower",0,"No",0,"No",3304,"First",28.2,33.2,28.4
458,37.3,24,"Sharjah",27.4,32.2,"Lower",1,"Yes",0,"No",3864,"Second",29.5,31.1,25.8
459,38.5,15,"Dubai",37.5,17.5,"High",0,"No",0,"No",3456,"Second",38.3,36.6,40.4
460,40.4,16,"Abu Dhabi",29.9,17.8,"Lower",0,"No",0,"No",3596,"Second",28.2,26.5,31.7
461,28.9,11,"Dubai",22.4,25.8,"Lower",0,"No",0,"No",2691,"First",20.6,19,22
462,41,25,"Dubai",31,19.3,"Lower",0,"No",0,"No",4230,"Second",30.5,29.8,32.6
463,35.8,36,"Dubai",33.9,36,"Lower",0,"No",0,"No",3369,"Third",35.4,32.9,33.2
464,18.8,35,"Dubai",31.7,24.6,"Lower",0,"No",0,"No",3013,"Third",33,29.6,34.5
465,36.7,19,"Sharjah",31.6,26.2,"Lower",0,"No",0,"No",3066,"Second",32.8,32.6,32.7
466,29.8,23,"Abu Dhabi",28.7,33.4,"Lower",0,"No",0,"No",3451,"Second",28.8,33.7,25.7
467,35.4,25,"Abu Dhabi",33.9,23.1,"Lower",0,"No",0,"No",3055,"Second",35.4,34.2,33.2
468,23,31,"Abu Dhabi",34.9,20.7,"Lower",0,"No",0,"No",3415,"Third",34.9,34.4,31.6
469,25.7,21,"Abu Dhabi",30,11.6,"Lower",0,"No",0,"No",2738,"Second",32.1,30.9,28.7
470,32.2,18,"Abu Dhabi",35.4,20.6,"High",0,"No",0,"No",2209,"Second",34.6,33.5,38.4
471,38.8,6,"Abu Dhabi",32,28.9,"Lower",0,"No",0,"No",2813,"First",29.5,32.6,30.3
472,28.5,7,"Abu Dhabi",35.1,26.3,"High",0,"No",0,"No",3570,"First",35.4,37.4,36
473,18.3,6,"Sharjah",29.6,30.2,"Lower",0,"No",0,"No",3889,"First",31.1,31.2,30.8
474,27.4,19,"Sharjah",27.3,35.7,"Lower",0,"No",0,"No",3777,"Second",27.7,25.8,28.5
475,37.7,34,"Dubai",31.9,34.5,"Lower",0,"No",0,"No",3424,"Third",30.7,34.3,34.1
476,41.9,10,"Sharjah",37.2,18,"High",1,"Yes",0,"No",2640,"First",35.6,37.7,39.7
477,35.7,27,"Sharjah",28.2,21.7,"Lower",0,"No",0,"No",3724,"Second",25.1,29.3,27.7
478,18.9,16,"Dubai",32.2,24.4,"Lower",0,"No",0,"No",3014,"Second",35.6,34.9,31.8
479,44.5,34,"Dubai",31,21.9,"Lower",0,"No",0,"No",2851,"Third",31.6,30.3,32.5
480,39.5,12,"Dubai",36.1,19.4,"High",0,"No",0,"No",2642,"First",36.8,33.6,36.5
481,34.3,21,"Sharjah",29.2,30.6,"Lower",0,"No",0,"No",3820,"Second",27.6,31.2,28
482,31.9,19,"Abu Dhabi",30.8,42,"Lower",0,"No",0,"No",3283,"Second",31.6,32.6,29.6
483,32.7,17,"Abu Dhabi",31.3,25.2,"Lower",0,"No",0,"No",2545,"Second",30.9,31.9,32.3
484,29.8,13,"Sharjah",29.5,18.5,"Lower",0,"No",0,"No",3995,"First",29.9,27.5,28.2
485,41.9,31,"Sharjah",32.5,27.5,"Lower",0,"No",0,"No",3145,"Third",31.5,34.4,32.5
486,41.5,20,"Abu Dhabi",30.4,26.8,"Lower",0,"No",0,"No",3221,"Second",32.1,28.9,30.8
487,38.7,4,"Sharjah",34.5,32,"Lower",0,"No",0,"No",2680,"First",35.8,33.6,33.3
488,33.6,20,"Dubai",35.7,29.4,"High",0,"No",0,"No",3166,"Second",34.8,33.6,31.8
489,31.5,4,"Dubai",32.5,24.3,"Lower",0,"No",0,"No",2866,"First",31.4,31.8,31.1
490,37.6,7,"Dubai",33.1,29.3,"Lower",0,"No",1,"Yes",3325,"First",34.3,29,33.1
491,31.3,35,"Dubai",30.4,34.3,"Lower",0,"No",0,"No",2659,"Third",31.7,28.7,28.6
492,34.3,21,"Sharjah",33,43.8,"Lower",0,"No",1,"Yes",3459,"Second",32.7,36.2,30.9
493,33,24,"Dubai",29.4,20.6,"Lower",0,"No",0,"No",3089,"Second",29.9,28.9,29.5
494,37.6,5,"Sharjah",24.9,27.2,"Lower",0,"No",0,"No",4492,"First",25.7,23.5,24.3
495,21.8,18,"Sharjah",43.1,31.2,"High",0,"No",0,"No",2287,"Second",45.1,41.6,39.9
496,27,11,"Abu Dhabi",34,27.6,"Lower",0,"No",1,"Yes",3163,"First",34.2,33.8,33
497,42.1,29,"Abu Dhabi",36.3,37.7,"High",0,"No",1,"Yes",3081,"Third",34.3,36.2,37
498,42.2,40,"Dubai",27.9,41.1,"Lower",0,"No",0,"No",3689,"Third",28,25.9,29.2
499,26,24,"Abu Dhabi",31.5,33.2,"Lower",0,"No",0,"No",2797,"Second",34.2,31.1,28.6
500,42.7,38,"Dubai",30.3,22,"Lower",0,"No",0,"No",3244,"Third",33.3,31.1,30.1
501,28.4,11,"Abu Dhabi",34.1,38.8,"Lower",0,"No",0,"No",3047,"First",34.9,36.8,31.4
502,36.8,35,"Dubai",29.8,23.4,"Lower",0,"No",1,"Yes",3054,"Third",31.5,28.6,29.9
503,38.4,32,"Dubai",29.6,11.1,"Lower",0,"No",0,"No",3121,"Third",29.6,28.1,29.7
504,22.7,40,"Dubai",28.7,35.1,"Lower",1,"Yes",0,"No",3694,"Third",29,30.8,30.4
505,27.3,6,"Dubai",29.4,10.9,"Lower",0,"No",0,"No",3221,"First",27.1,29.7,30
506,19.7,4,"Sharjah",34.1,28.9,"Lower",0,"No",0,"No",3012,"First",31.8,34.5,36.9
507,30.4,28,"Dubai",37.7,22.2,"High",0,"No",0,"No",2641,"Third",37.2,36.9,38.3
508,35.9,28,"Dubai",31.3,35.2,"Lower",0,"No",0,"No",3409,"Third",33.9,33.3,32.3
509,43.3,14,"Sharjah",25.8,18.4,"Lower",0,"No",0,"No",2644,"Second",25.9,26.7,25.8
510,34,27,"Dubai",32.8,37.2,"Lower",0,"No",0,"No",3005,"Second",31.8,32.1,31
511,25.1,28,"Sharjah",26.8,23.6,"Lower",0,"No",0,"No",3379,"Third",26.3,25.4,23.5
512,31.9,27,"Dubai",30.3,32.9,"Lower",1,"Yes",0,"No",3401,"Second",31.3,31.5,31.1
513,29.1,18,"Abu Dhabi",27.5,19.8,"Lower",0,"No",0,"No",3143,"Second",24.3,27,27.7
514,30.5,6,"Dubai",34.5,22.8,"Lower",0,"No",0,"No",3289,"First",36.8,35.7,32.4
515,43.2,15,"Sharjah",30.9,41.2,"Lower",0,"No",0,"No",2548,"Second",30.7,30.4,32
516,26.2,13,"Abu Dhabi",34,37.5,"Lower",0,"No",1,"Yes",3993,"First",34.7,33.7,32.6
517,27.9,33,"Sharjah",26.9,15.6,"Lower",0,"No",0,"No",4205,"Third",25.6,28.1,22.8
518,39.6,8,"Abu Dhabi",36.7,33.1,"High",0,"No",0,"No",2947,"First",36.4,35.8,35.8
519,25.8,17,"Abu Dhabi",31.9,15.3,"Lower",0,"No",0,"No",3266,"Second",31.6,33.8,30.5
520,33.8,9,"Dubai",33.4,42.7,"Lower",0,"No",0,"No",3095,"First",35.9,33.4,33
521,34.2,38,"Dubai",30.6,31.5,"Lower",0,"No",0,"No",3851,"Third",26.9,30.7,26.7
522,44.9,19,"Sharjah",33.6,38.7,"Lower",0,"No",0,"No",2385,"Second",33.2,33.9,32.4
523,37.7,36,"Dubai",34.5,35.9,"Lower",0,"No",0,"No",3132,"Third",34.7,34.8,35.2
524,39.2,4,"Dubai",33.6,32.6,"Lower",0,"No",1,"Yes",3230,"First",33.5,33.5,33.1
525,24.9,5,"Abu Dhabi",28.7,26.1,"Lower",0,"No",0,"No",3087,"First",28.9,27.6,29.7
526,38,7,"Sharjah",31.4,48.3,"Lower",0,"No",0,"No",3523,"First",30.2,30,33.9
527,30,22,"Abu Dhabi",33.4,37.5,"Lower",0,"No",0,"No",2834,"Second",33.6,33.5,32.2
528,25.1,37,"Abu Dhabi",25.9,33.3,"Lower",0,"No",0,"No",3193,"Third",28,26.2,26.3
529,30.2,21,"Dubai",34.8,36.4,"Lower",0,"No",0,"No",1986,"Second",35.8,37.8,34.9
530,29.8,5,"Dubai",33.6,30.8,"Lower",0,"No",0,"No",3044,"First",33.5,33.8,31.8
531,22.5,5,"Abu Dhabi",30.1,19.1,"Lower",0,"No",0,"No",3877,"First",30.1,29.6,28.6
532,24.5,22,"Dubai",27.8,24.3,"Lower",0,"No",0,"No",3555,"Second",25.2,29.7,28.5
533,31.7,10,"Sharjah",28.5,34.6,"Lower",0,"No",0,"No",3347,"First",26.1,28.1,26.6
534,19.9,23,"Abu Dhabi",30.7,38.1,"Lower",1,"Yes",0,"No",3678,"Second",31.1,32.4,35.1
535,43.8,11,"Dubai",35.8,32.3,"High",1,"Yes",0,"No",3250,"First",37.5,36.5,33.7
536,22.5,5,"Dubai",33,48.2,"Lower",0,"No",1,"Yes",2952,"First",31.3,35,32.8
537,39.9,24,"Abu Dhabi",32.9,28.2,"Lower",1,"Yes",1,"Yes",3074,"Second",32.3,29.9,34.1
538,28.4,37,"Abu Dhabi",28.6,40.3,"Lower",0,"No",1,"Yes",3178,"Third",29.5,28.4,26.4
539,24.3,16,"Dubai",37.2,42.1,"High",0,"No",0,"No",3466,"Second",37.9,37.3,39.8
540,22.2,38,"Abu Dhabi",29.3,12.5,"Lower",0,"No",0,"No",3382,"Third",29.4,28.1,29.1
541,35.2,35,"Abu Dhabi",32.9,29.7,"Lower",0,"No",0,"No",2868,"Third",32.9,36.4,34.3
542,38.8,13,"Dubai",35.9,33.2,"High",0,"No",0,"No",2988,"First",34.6,35.9,35.2
543,28.9,26,"Abu Dhabi",29.6,34.1,"Lower",0,"No",0,"No",3663,"Second",30.3,30.7,29.3
544,40.5,16,"Sharjah",28.6,37.3,"Lower",0,"No",0,"No",3456,"Second",28.7,27.8,29.8
545,29.7,4,"Dubai",32.2,18.9,"Lower",0,"No",1,"Yes",3526,"First",31.8,33.7,31.8
546,24.6,28,"Abu Dhabi",29.5,27.5,"Lower",0,"No",0,"No",3797,"Third",31.4,31.7,29.1
547,39.8,18,"Dubai",32,30.7,"Lower",0,"No",0,"No",2445,"Second",32,33.9,32.5
548,25.9,9,"Sharjah",34.5,32.2,"Lower",0,"No",0,"No",2288,"First",35.5,32.5,32.3
549,37.6,31,"Dubai",28.8,46.2,"Lower",0,"No",0,"No",2852,"Third",29.2,28.3,27.1
550,19.3,17,"Sharjah",30.1,22.5,"Lower",0,"No",0,"No",3343,"Second",33.3,32,31.1
551,40.2,26,"Sharjah",42.5,25.2,"High",0,"No",0,"No",3432,"Second",40.8,43.6,45.1
552,21,8,"Dubai",30.3,35.4,"Lower",0,"No",0,"No",3107,"First",29.6,29.5,27.3
553,36.3,29,"Abu Dhabi",34,37.5,"Lower",0,"No",0,"No",3363,"Third",34,34.9,32.8
554,19,32,"Dubai",34.9,23.1,"Lower",0,"No",1,"Yes",3406,"Third",35.6,33.5,35.1
555,23.7,14,"Dubai",36.3,21.7,"High",0,"No",0,"No",3236,"Second",38.7,38.4,37.4
556,27.9,7,"Sharjah",38.1,43.4,"High",1,"Yes",0,"No",2980,"First",38,38.1,39.3
557,26.4,33,"Dubai",38,15.4,"High",0,"No",0,"No",3223,"Third",37.6,38.6,41.1
558,42.5,31,"Abu Dhabi",33,33.1,"Lower",0,"No",1,"Yes",3375,"Third",34.8,32.3,31.1
559,21,31,"Abu Dhabi",25,25.1,"Lower",0,"No",0,"No",3338,"Third",25.7,25.9,24.9
560,26.6,13,"Abu Dhabi",26.2,11.9,"Lower",0,"No",0,"No",3463,"First",25.9,26.6,26.5
561,37.8,21,"Dubai",35.1,34.9,"High",0,"No",0,"No",3156,"Second",37.6,36.2,37.3
562,39.9,22,"Abu Dhabi",35.7,14.7,"High",0,"No",0,"No",3289,"Second",37.9,37.3,36.8
563,42.7,22,"Dubai",32.8,43,"Lower",0,"No",0,"No",2943,"Second",32.9,32.8,32.6
564,28.6,24,"Dubai",30.9,25.6,"Lower",0,"No",0,"No",3156,"Second",29.3,29.9,31.6
565,19.4,25,"Dubai",31.8,24.2,"Lower",0,"No",0,"No",3205,"Second",30.1,34.2,33.9
566,28.5,14,"Dubai",33.8,38,"Lower",0,"No",0,"No",2642,"Second",34.1,36.7,32.9
567,32.4,40,"Dubai",33.6,36.2,"Lower",0,"No",0,"No",3643,"Third",35.5,32.9,34.1
568,34.1,36,"Abu Dhabi",34,16,"Lower",0,"No",0,"No",2727,"Third",32.8,32.8,36.7
569,36.8,8,"Abu Dhabi",28.6,35.9,"Lower",0,"No",0,"No",2847,"First",26.4,28,29.1
570,18.9,18,"Abu Dhabi",30,50.3,"Lower",0,"No",0,"No",3196,"Second",29.6,30.8,33.1
571,29.2,16,"Dubai",29.6,40.8,"Lower",0,"No",0,"No",3442,"Second",29.8,27.8,31.4
572,37.8,15,"Dubai",32.1,32.2,"Lower",0,"No",0,"No",2678,"Second",30.6,31.6,32.5
573,23.5,39,"Abu Dhabi",31,14.9,"Lower",0,"No",0,"No",3798,"Third",29.9,30,32.6
574,19.6,31,"Dubai",30.4,38.6,"Lower",0,"No",0,"No",2982,"Third",29.3,32.1,32.1
575,22.2,12,"Abu Dhabi",36.4,33.3,"High",0,"No",0,"No",4407,"First",36.2,37.5,36.6
576,20.4,23,"Abu Dhabi",33.3,11,"Lower",0,"No",0,"No",3848,"Second",31.9,31.4,36.7
577,42.3,37,"Sharjah",29.9,26.9,"Lower",0,"No",0,"No",3054,"Third",30.9,32.3,29.7
578,31.3,40,"Sharjah",35.4,39,"High",0,"No",0,"No",2601,"Third",35.2,34.8,34.5
579,29.2,25,"Dubai",32.3,36,"Lower",0,"No",0,"No",3772,"Second",30.1,30.5,31.2
580,34.8,6,"Abu Dhabi",28.1,28.9,"Lower",0,"No",0,"No",2815,"First",29.5,27.5,26.9
581,41.8,36,"Dubai",30.4,28.3,"Lower",0,"No",0,"No",3875,"Third",33.5,27.7,28.7
582,35.9,37,"Abu Dhabi",33.8,32.8,"Lower",0,"No",0,"No",3046,"Third",35.1,34.3,32.5
583,25,9,"Dubai",31.7,43.4,"Lower",0,"No",0,"No",2978,"First",31.4,30.7,31.7
584,22.4,18,"Abu Dhabi",34.4,21.8,"Lower",0,"No",0,"No",3323,"Second",34.2,33.4,35.6
585,42.3,36,"Abu Dhabi",36.8,34.6,"High",1,"Yes",0,"No",3440,"Third",34.6,38.4,36.1
586,19.3,16,"Dubai",23.5,36.2,"Lower",0,"No",0,"No",3342,"Second",21.7,24.5,20.9
587,37,6,"Sharjah",30.3,39,"Lower",0,"No",0,"No",2746,"First",28.1,31.1,30.1
588,38.3,30,"Abu Dhabi",29.1,26.1,"Lower",0,"No",0,"No",3111,"Third",28.7,27.7,30.4
589,31.8,30,"Abu Dhabi",36,37.1,"High",0,"No",0,"No",3015,"Third",34,35.9,36.6
590,31.9,8,"Sharjah",31.3,34.9,"Lower",0,"No",0,"No",2836,"First",30.6,31.3,29.9
591,41.7,40,"Abu Dhabi",28.3,32,"Lower",0,"No",1,"Yes",3441,"Third",26.5,25.5,26.4
592,25.6,10,"Abu Dhabi",35.7,25.6,"High",0,"No",0,"No",3398,"First",32,35.9,35.1
593,27.6,5,"Dubai",32.7,34.8,"Lower",0,"No",0,"No",3963,"First",32.5,32.8,33.9
594,28.6,36,"Abu Dhabi",33.2,17.4,"Lower",0,"No",0,"No",2953,"Third",34.7,33.4,32.7
595,27.7,28,"Dubai",28.9,26.6,"Lower",0,"No",0,"No",2734,"Third",30.1,26.9,30
596,19.8,31,"Dubai",31.5,22.3,"Lower",0,"No",0,"No",3397,"Third",34.4,32.4,30.7
597,31.4,12,"Dubai",36,50.5,"High",0,"No",0,"No",2443,"First",36.2,36.2,37.7
598,44.4,4,"Dubai",30.6,24.5,"Lower",0,"No",0,"No",3578,"First",30.7,32.8,32.9
599,30.4,34,"Sharjah",29.7,33.4,"Lower",0,"No",0,"No",3136,"Third",30.3,31.9,29.4
600,43.3,11,"Abu Dhabi",33.2,27.8,"Lower",0,"No",0,"No",3280,"First",32.9,35.2,34.5
601,29.9,37,"Dubai",34,32.7,"Lower",0,"No",0,"No",2529,"Third",35.5,36.2,36.3
602,34.6,39,"Dubai",35.6,35.8,"High",0,"No",0,"No",2777,"Third",36,37.1,35.8
603,29.5,27,"Abu Dhabi",27.2,31.7,"Lower",0,"No",0,"No",3448,"Second",27.7,28.1,25.5
604,36.9,22,"Abu Dhabi",29.2,30.8,"Lower",0,"No",0,"No",3790,"Second",28.9,30.6,32
605,23.3,26,"Abu Dhabi",28.7,42.9,"Lower",0,"No",0,"No",3542,"Second",28.6,28.8,30.1
606,22.7,26,"Abu Dhabi",28.3,33.3,"Lower",0,"No",0,"No",2590,"Second",27.2,28.8,27.7
607,40.4,6,"Abu Dhabi",31.3,24.5,"Lower",0,"No",0,"No",3210,"First",31.1,32.8,30.5
608,34.8,4,"Dubai",25.2,23.5,"Lower",0,"No",0,"No",3770,"First",23.8,26,24.2
609,23.4,17,"Dubai",31.8,26.6,"Lower",0,"No",0,"No",3390,"Second",30.5,34,32.3
610,41.3,25,"Abu Dhabi",31,25.1,"Lower",0,"No",0,"No",2681,"Second",31.1,31.3,30.1
611,24,32,"Dubai",34.8,18.5,"Lower",0,"No",1,"Yes",3192,"Third",38.2,34.2,34.6
612,32.1,16,"Abu Dhabi",32.1,27.7,"Lower",0,"No",0,"No",3026,"Second",33,33.3,35.2
613,23.2,28,"Dubai",37.4,26.3,"High",0,"No",0,"No",2787,"Third",38.2,36.4,35.3
614,35.3,9,"Abu Dhabi",33.1,33.2,"Lower",0,"No",0,"No",3145,"First",33.1,34.1,34.1
615,43.7,33,"Dubai",32.1,24.9,"Lower",0,"No",0,"No",2849,"Third",32.4,33.9,32.8
616,34.5,19,"Abu Dhabi",37,35,"High",0,"No",0,"No",3022,"Second",36.8,38.9,35.9
617,37.2,4,"Dubai",34.7,30.2,"Lower",0,"No",0,"No",3241,"First",34.4,36.1,34.6
618,34.2,12,"Dubai",32.6,10.9,"Lower",0,"No",0,"No",3690,"First",31.7,31.8,33.8
619,37.6,7,"Sharjah",33.5,38.9,"Lower",0,"No",0,"No",3353,"First",34.7,35,33.1
620,18.2,37,"Dubai",30,31,"Lower",0,"No",0,"No",4073,"Third",30.5,30.8,29
621,18.7,34,"Dubai",34.3,36.9,"Lower",0,"No",0,"No",3110,"Third",33.2,33.4,34
622,31.8,34,"Abu Dhabi",34.5,30.1,"Lower",0,"No",0,"No",2496,"Third",33.6,35.8,31.3
623,27.5,9,"Abu Dhabi",36.2,27.2,"High",0,"No",0,"No",2626,"First",39,35.7,37.6
624,36.3,16,"Abu Dhabi",27.3,23,"Lower",0,"No",0,"No",3119,"Second",24.3,29.3,28.1
625,41.7,4,"Abu Dhabi",31.2,37,"Lower",0,"No",0,"No",3841,"First",31.8,31,31.9
626,27.5,33,"Abu Dhabi",32.1,17.5,"Lower",0,"No",0,"No",3189,"Third",31,31.9,32.5
627,42.8,25,"Sharjah",28,33.8,"Lower",1,"Yes",0,"No",3798,"Second",27.7,31.3,28.6
628,42.2,19,"Dubai",38.6,23.6,"High",1,"Yes",0,"No",3419,"Second",40.7,38.3,38.7
629,18.6,22,"Dubai",32.7,39.3,"Lower",0,"No",0,"No",3266,"Second",33,38,31.6
630,43.7,13,"Sharjah",36,31.7,"High",0,"No",0,"No",3687,"First",34.6,37.4,37.8
631,18.3,31,"Abu Dhabi",31.3,27.8,"Lower",0,"No",0,"No",3396,"Third",29.5,30.9,34.4
632,30.3,7,"Sharjah",29.2,21.2,"Lower",0,"No",0,"No",3256,"First",29.3,27.6,28.8
633,20.3,25,"Sharjah",32,19.4,"Lower",0,"No",0,"No",3862,"Second",30,32.1,35.1
634,41.7,23,"Abu Dhabi",31.6,14.3,"Lower",0,"No",0,"No",3058,"Second",31,31.3,31.7
635,20.3,30,"Abu Dhabi",33.9,26.3,"Lower",0,"No",0,"No",2959,"Third",34.4,32.4,29.9
636,38.4,5,"Dubai",32.2,39.4,"Lower",0,"No",0,"No",2501,"First",30.4,32.6,31.5
637,38.8,16,"Dubai",31,23.7,"Lower",0,"No",0,"No",2405,"Second",30.2,34.3,31.8
638,35.2,31,"Dubai",29.7,25.2,"Lower",0,"No",0,"No",3196,"Third",29.5,31.4,32.8
639,36.2,24,"Abu Dhabi",32.6,27.6,"Lower",0,"No",0,"No",3368,"Second",31.6,31.8,32.1
640,32.4,17,"Dubai",36.1,25.2,"High",0,"No",0,"No",3037,"Second",38.5,35.6,37.6
641,44,37,"Abu Dhabi",35.7,36,"High",0,"No",0,"No",3641,"Third",35.2,37.4,36.1
642,35.9,10,"Abu Dhabi",33.7,33.1,"Lower",0,"No",0,"No",3150,"First",32.6,33.8,31.4
643,33.6,11,"Abu Dhabi",34.8,43.6,"Lower",0,"No",0,"No",2646,"First",34.7,33.5,37.4
644,31.6,32,"Sharjah",37.1,41.7,"High",0,"No",0,"No",3062,"Third",37.2,35.8,35.8
645,27.9,22,"Sharjah",33,26.2,"Lower",1,"Yes",0,"No",3556,"Second",33.2,34.1,32
646,43.1,12,"Abu Dhabi",30.9,18.9,"Lower",0,"No",0,"No",3337,"First",29.1,29.5,30.3
647,43.6,39,"Abu Dhabi",26.2,19.3,"Lower",0,"No",0,"No",3639,"Third",23.2,27.7,25.2
648,31.6,37,"Dubai",30.9,42.4,"Lower",1,"Yes",0,"No",2924,"Third",33,28,30
649,39.1,28,"Abu Dhabi",29.6,33.4,"Lower",0,"No",0,"No",3179,"Third",30.2,28.6,31.8
650,27.3,9,"Abu Dhabi",33.2,36.5,"Lower",0,"No",0,"No",3026,"First",37.2,35.8,31.6
651,38.5,20,"Sharjah",32.4,28.5,"Lower",0,"No",0,"No",3604,"Second",34,33.6,30.8
652,36.4,23,"Dubai",33.1,35.2,"Lower",0,"No",0,"No",3164,"Second",32.5,31.7,35.6
653,41.2,16,"Dubai",31,37.6,"Lower",0,"No",1,"Yes",3011,"Second",30.1,31.5,30.1
654,18.2,7,"Dubai",33.3,29.3,"Lower",0,"No",0,"No",3329,"First",34.8,36.3,34.3
655,29.2,15,"Sharjah",31.9,20.2,"Lower",0,"No",0,"No",2319,"Second",33.3,32.4,30.7
656,18.9,24,"Sharjah",30.9,24.5,"Lower",0,"No",0,"No",3475,"Second",31.5,29.6,32.3
657,35.3,23,"Abu Dhabi",28.5,17.8,"Lower",0,"No",1,"Yes",3135,"Second",28,28.5,28.7
658,32.5,4,"Dubai",30.7,31.3,"Lower",0,"No",1,"Yes",2990,"First",31.2,31.3,31.6
659,41.2,29,"Dubai",30.2,39.9,"Lower",1,"Yes",0,"No",3616,"Third",30.3,29.8,29.4
660,44.4,39,"Sharjah",34,41.1,"Lower",0,"No",0,"No",2611,"Third",35.9,35,32.1
661,18.7,19,"Sharjah",31.9,28.1,"Lower",0,"No",0,"No",3378,"Second",34.7,33.7,33.3
662,27.5,40,"Dubai",33,16.9,"Lower",0,"No",0,"No",2283,"Third",31.1,30.5,32.2
663,31.7,28,"Dubai",33.3,32.4,"Lower",0,"No",0,"No",3167,"Third",32.3,33.9,35.3
664,22.8,18,"Abu Dhabi",33,44.6,"Lower",0,"No",1,"Yes",2606,"Second",33.2,32.3,36
665,23.2,40,"Dubai",35.2,39.4,"High",0,"No",0,"No",2878,"Third",38.4,34.2,37.2
666,29.1,7,"Dubai",33.2,31.2,"Lower",0,"No",0,"No",3102,"First",35.2,34.4,33.5
667,23,22,"Dubai",37.5,32.5,"High",0,"No",1,"Yes",3020,"Second",35.1,38.9,37.4
668,42.7,7,"Dubai",33.1,31.4,"Lower",0,"No",0,"No",3447,"First",34.5,33.5,34.3
669,23.9,37,"Dubai",36.9,50.3,"High",0,"No",1,"Yes",2485,"Third",36.1,35.3,38.5
670,38.9,35,"Dubai",32.1,29.5,"Lower",0,"No",0,"No",3266,"Third",29.4,28.3,32.3
671,35.3,16,"Dubai",30.7,30.5,"Lower",0,"No",0,"No",3020,"Second",32.7,32.8,31.5
672,40.4,16,"Sharjah",32.3,26.3,"Lower",1,"Yes",0,"No",3100,"Second",33.1,33.5,31.5
673,31.3,19,"Dubai",32.7,35.2,"Lower",0,"No",1,"Yes",3416,"Second",34.8,33.1,32.7
674,31,30,"Dubai",33.8,45.6,"Lower",0,"No",0,"No",3220,"Third",32.6,34.3,34.9
675,21.6,31,"Dubai",33.7,43.8,"Lower",0,"No",0,"No",3700,"Third",33.5,31.6,32.3
676,38.9,6,"Dubai",36.7,20,"High",0,"No",0,"No",2637,"First",36.8,37.9,38
677,37.5,23,"Abu Dhabi",26.4,35.1,"Lower",0,"No",0,"No",2986,"Second",25.3,25,26
678,42.4,17,"Abu Dhabi",28.6,9,"Lower",0,"No",0,"No",3150,"Second",28.8,29.6,27.5
679,36.5,25,"Dubai",31.1,43.3,"Lower",0,"No",0,"No",2639,"Second",30,30.3,33.7
680,44.8,10,"Abu Dhabi",30.7,24.4,"Lower",0,"No",0,"No",3307,"First",31.8,30.3,32.5
681,36.4,7,"Dubai",36.6,22.6,"High",0,"No",0,"No",3276,"First",37.1,38.8,35.9
682,22.1,19,"Sharjah",31.7,32.6,"Lower",0,"No",0,"No",3508,"Second",31.5,32.8,32.5
683,35.3,39,"Dubai",31.1,32.2,"Lower",0,"No",1,"Yes",4080,"Third",27.4,30.9,29.4
684,28.5,37,"Abu Dhabi",35.1,30.4,"High",0,"No",1,"Yes",3262,"Third",35.9,36,34.9
685,42,24,"Sharjah",33.7,22.2,"Lower",0,"No",0,"No",3457,"Second",36.3,34.2,34.5
686,30.2,32,"Sharjah",32.6,28.8,"Lower",0,"No",0,"No",3600,"Third",33.8,34.8,34.4
687,24.8,19,"Dubai",31,34.8,"Lower",0,"No",0,"No",3063,"Second",32,32.5,31
688,26.3,16,"Sharjah",33.1,41,"Lower",0,"No",0,"No",2988,"Second",32.2,33.1,32.4
689,25.4,33,"Sharjah",27.9,33.2,"Lower",0,"No",0,"No",3288,"Third",27.1,30.3,28
690,21.6,35,"Abu Dhabi",35,29.3,"High",0,"No",0,"No",2921,"Third",35.9,32.8,33.5
691,38.8,9,"Dubai",26,34,"Lower",0,"No",1,"Yes",3759,"First",25.5,25.8,25.3
692,28.3,17,"Abu Dhabi",36.6,33.7,"High",0,"No",0,"No",3128,"Second",35.2,37.8,39.5
693,37.6,6,"Dubai",30,31.6,"Lower",0,"No",0,"No",3171,"First",30.6,29.9,29.4
694,26.3,33,"Dubai",32.9,35.6,"Lower",0,"No",0,"No",2726,"Third",32.9,32.4,31.4
695,41.4,19,"Sharjah",32.4,26.1,"Lower",1,"Yes",0,"No",2837,"Second",33.9,32.8,34.3
696,37.2,24,"Dubai",31.8,31.2,"Lower",0,"No",0,"No",3353,"Second",31.9,32.7,30.3
697,31.4,39,"Dubai",35.8,34.8,"High",0,"No",0,"No",2919,"Third",33.3,35.8,36.8
698,22.2,19,"Sharjah",32.7,45.4,"Lower",0,"No",0,"No",2581,"Second",32.7,32.7,32.3
699,37.6,23,"Dubai",34.9,30.6,"Lower",0,"No",0,"No",3503,"Second",30.3,33.6,37.5
700,26.9,40,"Dubai",35.2,37.8,"High",0,"No",0,"No",3686,"Third",35.4,33.3,35.7
701,41.5,27,"Dubai",32.7,50.3,"Lower",0,"No",1,"Yes",2762,"Second",31.9,31.9,33.8
702,31.2,13,"Dubai",35.6,28.9,"High",1,"Yes",0,"No",3350,"First",35.8,34.2,38.3
703,24.5,32,"Sharjah",33.9,24.3,"Lower",0,"No",0,"No",2383,"Third",31.8,37.1,34.3
704,23.6,14,"Dubai",26.6,33.9,"Lower",1,"Yes",0,"No",2617,"Second",27.7,28,28.2
705,43.9,36,"Sharjah",34.8,19.8,"Lower",1,"Yes",0,"No",3121,"Third",36.9,35.5,34
706,31.1,10,"Sharjah",30.2,23.3,"Lower",0,"No",0,"No",2947,"First",30.2,29.3,31.1
707,24.3,32,"Dubai",32.5,39.7,"Lower",0,"No",0,"No",3215,"Third",31.6,32.6,32.2
708,36.1,4,"Abu Dhabi",32.4,39.6,"Lower",0,"No",0,"No",2498,"First",32.4,32.6,34
709,19.4,23,"Sharjah",32.2,27.9,"Lower",0,"No",0,"No",2432,"Second",31.5,30.2,33
710,29.9,9,"Abu Dhabi",32.3,31.5,"Lower",0,"No",1,"Yes",3556,"First",33.8,35,32.5
711,30.2,23,"Sharjah",34.5,27.4,"Lower",0,"No",0,"No",3172,"Second",33.3,33.9,34.8
712,37.4,19,"Dubai",33.2,32.3,"Lower",0,"No",0,"No",3352,"Second",32.4,32.4,34.4
713,33.7,18,"Dubai",34.2,22.8,"Lower",0,"No",0,"No",2595,"Second",32.9,33.3,33.5
714,21.3,20,"Sharjah",28.7,33.8,"Lower",0,"No",0,"No",3609,"Second",30.9,30.8,29.5
715,24.7,11,"Sharjah",34.1,22.2,"Lower",0,"No",0,"No",3189,"First",31.3,33.2,34
716,42.7,16,"Dubai",31.7,36.4,"Lower",0,"No",0,"No",2788,"Second",29,32.3,31.5
717,22.2,16,"Dubai",27.3,17,"Lower",0,"No",0,"No",4170,"Second",28,28.7,25.2
718,27.2,26,"Sharjah",34.6,24,"Lower",0,"No",0,"No",3713,"Second",33.4,32.8,33.1
719,24.8,28,"Sharjah",29.4,21.3,"Lower",0,"No",0,"No",2939,"Third",26.8,28.6,31.7
720,36.5,8,"Dubai",37.2,42.6,"High",0,"No",0,"No",3104,"First",36.6,39.7,40.7
721,41.5,35,"Abu Dhabi",29.7,26,"Lower",0,"No",0,"No",2715,"Third",32,31.5,30.5
722,30.7,26,"Dubai",31.4,24.8,"Lower",0,"No",0,"No",2983,"Second",31.6,31.5,32.2
723,18.5,21,"Sharjah",24.1,27.8,"Lower",0,"No",0,"No",4257,"Second",21.7,26,24.7
724,33.3,10,"Dubai",27.1,21.9,"Lower",0,"No",0,"No",3291,"First",29.5,26.9,26.2
725,18.5,14,"Sharjah",26.4,41,"Lower",0,"No",0,"No",2888,"Second",28.1,30.2,28.1
726,40.8,29,"Dubai",29.2,20.5,"Lower",0,"No",0,"No",3528,"Third",28,29.7,29.4
727,20.7,27,"Abu Dhabi",35.7,25.1,"High",0,"No",0,"No",2726,"Second",37.2,37.4,34.5
728,23.7,30,"Dubai",31.2,30,"Lower",0,"No",0,"No",3014,"Third",29.9,29,30
729,41.2,36,"Abu Dhabi",32.2,34.2,"Lower",0,"No",0,"No",2785,"Third",34.7,34.5,31.6
730,26.8,6,"Abu Dhabi",34.4,32.7,"Lower",0,"No",1,"Yes",3183,"First",32.2,35.3,36
731,40,37,"Dubai",30,19.7,"Lower",0,"No",0,"No",3791,"Third",31.4,29.7,27.8
732,26.3,19,"Sharjah",35.7,28.5,"High",0,"No",0,"No",3266,"Second",36.4,35.8,35.8
733,23.4,17,"Dubai",32.2,27.4,"Lower",0,"No",0,"No",4243,"Second",31.2,32.5,34.1
734,21.3,31,"Abu Dhabi",32.9,39.9,"Lower",1,"Yes",0,"No",3390,"Third",31.1,36,32
735,32,17,"Dubai",30.5,30.3,"Lower",0,"No",0,"No",2969,"Second",33.4,31.5,31.9
736,38.4,14,"Dubai",28.5,34.6,"Lower",0,"No",0,"No",2909,"Second",31,29.2,26.3
737,37.8,29,"Abu Dhabi",34.6,41,"Lower",0,"No",0,"No",3577,"Third",34.5,30.9,34.4
738,19.5,17,"Dubai",27.7,14.9,"Lower",0,"No",0,"No",3696,"Second",26.6,28.7,26.6
739,36.5,28,"Abu Dhabi",29.2,41.8,"Lower",0,"No",0,"No",3467,"Third",29.6,28.8,28.7
740,35.6,32,"Abu Dhabi",31.2,16.9,"Lower",0,"No",0,"No",3363,"Third",31.3,32,33.6
741,37,9,"Dubai",29.1,34,"Lower",0,"No",0,"No",3769,"First",29.6,29.3,29.7
742,22.3,24,"Sharjah",30.6,32.5,"Lower",0,"No",0,"No",3164,"Second",29.7,35.1,28
743,33.6,37,"Dubai",33.3,32.3,"Lower",0,"No",0,"No",3109,"Third",33.5,33.8,34.7
744,22.3,5,"Dubai",29.5,36.6,"Lower",0,"No",0,"No",3405,"First",29.4,28.4,31
745,35,40,"Sharjah",34.3,20.2,"Lower",0,"No",0,"No",4475,"Third",32.7,34,32.2
746,31.9,33,"Sharjah",29.5,24.3,"Lower",0,"No",0,"No",4308,"Third",32.4,28.9,28.4
747,20,22,"Abu Dhabi",35.2,28.3,"High",0,"No",0,"No",3442,"Second",33.7,34,35.6
748,43.5,26,"Dubai",28.9,36.9,"Lower",0,"No",0,"No",2903,"Second",30.6,30.5,29.8
749,44.5,38,"Abu Dhabi",31.5,25.7,"Lower",0,"No",1,"Yes",2603,"Third",30,34.8,33.7
750,41.4,15,"Abu Dhabi",32.7,36.5,"Lower",1,"Yes",0,"No",2649,"Second",29.8,33.8,30.7
751,29.5,24,"Dubai",33.7,27.5,"Lower",0,"No",0,"No",4192,"Second",33,33.4,32.8
752,22.3,18,"Abu Dhabi",30.5,47.8,"Lower",0,"No",0,"No",2946,"Second",30.9,30.8,29.9
753,36.6,18,"Sharjah",28.9,23.6,"Lower",0,"No",1,"Yes",4038,"Second",30.8,28,31.9
754,33.4,38,"Abu Dhabi",30.1,37.6,"Lower",0,"No",0,"No",2812,"Third",29.4,28.8,31.8
755,20.3,23,"Dubai",33.7,29.4,"Lower",0,"No",1,"Yes",3749,"Second",35.3,35.8,32.2
756,32,40,"Abu Dhabi",36.5,27.8,"High",0,"No",0,"No",3144,"Third",36.7,36.9,36
757,27.7,32,"Dubai",27.8,25.2,"Lower",0,"No",0,"No",3405,"Third",29,28.5,27.6
758,20,13,"Abu Dhabi",28.1,26.3,"Lower",1,"Yes",0,"No",3423,"First",28.7,27.5,27.4
759,38.9,16,"Dubai",29,38.9,"Lower",0,"No",0,"No",3762,"Second",31.1,26.6,28.2
760,24.6,22,"Dubai",32.8,21.5,"Lower",0,"No",0,"No",3055,"Second",34.3,31.9,34.4
761,33.1,23,"Abu Dhabi",30.3,37.9,"Lower",0,"No",0,"No",2595,"Second",29.9,28.5,30.3
762,26.2,36,"Sharjah",31.9,25.2,"Lower",0,"No",0,"No",2909,"Third",32.9,32.5,33.3
763,34.3,17,"Dubai",27,35.8,"Lower",0,"No",0,"No",3636,"Second",25.6,30.1,24.7
764,43,39,"Abu Dhabi",30,11.3,"Lower",0,"No",0,"No",2931,"Third",30.2,28.4,31.8
765,20.6,15,"Dubai",32.6,45.1,"Lower",1,"Yes",0,"No",3559,"Second",31.2,33.8,33.1
766,25.6,40,"Abu Dhabi",28.2,36.6,"Lower",0,"No",0,"No",3087,"Third",28.7,28.5,29.8
767,36.6,40,"Abu Dhabi",32.1,39.4,"Lower",0,"No",1,"Yes",3361,"Third",34.1,31.8,30.7
768,41.2,30,"Dubai",32.4,21.8,"Lower",0,"No",0,"No",3368,"Third",33.8,34.3,30.8
769,26.2,11,"Dubai",23.7,18.7,"Lower",0,"No",0,"No",3403,"First",25.1,22.4,22.5
770,23.2,38,"Abu Dhabi",35.8,50.5,"High",0,"No",1,"Yes",1785,"Third",37,38.6,36.7
771,19.3,39,"Abu Dhabi",30.2,23.1,"Lower",0,"No",0,"No",3206,"Third",29.3,31,29
772,43.2,34,"Dubai",28.1,26.2,"Lower",0,"No",0,"No",3771,"Third",28.2,26.8,30.3
773,37.8,23,"Sharjah",33.5,44.9,"Lower",0,"No",0,"No",2745,"Second",34,32.6,34
774,22.1,15,"Sharjah",32.3,26.6,"Lower",0,"No",0,"No",3126,"Second",31.8,28.8,33
775,31.7,28,"Dubai",26.5,35.2,"Lower",0,"No",0,"No",2643,"Third",24.7,25.5,25.9
776,24.7,18,"Abu Dhabi",33.2,24.4,"Lower",0,"No",0,"No",3974,"Second",33.8,33.9,29.2
777,24.3,12,"Dubai",31.5,31.3,"Lower",0,"No",0,"No",2899,"First",32.9,30.6,30.7
778,37.4,33,"Dubai",31.9,34.7,"Lower",0,"No",0,"No",2977,"Third",34.1,28.1,29.1
779,34.4,36,"Abu Dhabi",35.5,28.4,"High",1,"Yes",0,"No",2634,"Third",37.7,34.8,34.8
780,36.4,4,"Abu Dhabi",31.1,31.8,"Lower",0,"No",0,"No",2365,"First",30.4,28.8,31.7
781,18.9,13,"Sharjah",31.7,24.1,"Lower",0,"No",0,"No",4003,"First",30.3,31.9,30
782,41.2,23,"Dubai",27.7,29.7,"Lower",0,"No",1,"Yes",2694,"Second",31,26.1,27.1
783,44.5,9,"Dubai",34.1,34.1,"Lower",0,"No",0,"No",2859,"First",35.1,34,33.7
784,18.8,25,"Abu Dhabi",36.1,24.4,"High",0,"No",0,"No",3171,"Second",35.7,37.8,35.7
785,18.2,19,"Sharjah",31.1,44.4,"Lower",0,"No",0,"No",2353,"Second",30.5,31.5,30.9
786,40.5,36,"Dubai",29.1,32.3,"Lower",0,"No",0,"No",3079,"Third",29.9,30.8,27.5
787,35,38,"Dubai",33,24.2,"Lower",0,"No",0,"No",2807,"Third",34.4,32.2,32.6
788,26.4,40,"Dubai",31.2,18.6,"Lower",0,"No",0,"No",3459,"Third",29.9,30.2,30.7
789,29.1,19,"Abu Dhabi",29,27.8,"Lower",0,"No",0,"No",2738,"Second",31.3,30.3,29.3
790,29.7,28,"Sharjah",29.4,42.4,"Lower",0,"No",0,"No",2332,"Third",28.8,28.9,29.7
791,21.2,6,"Sharjah",28,31.2,"Lower",0,"No",0,"No",3073,"First",27.1,28.1,28.1
792,21.6,38,"Sharjah",30.5,33.1,"Lower",0,"No",0,"No",3656,"Third",32.4,32,31.9
793,35,34,"Dubai",34.4,35.6,"Lower",0,"No",0,"No",3377,"Third",34.3,37.2,37.3
794,21.2,15,"Sharjah",32.7,41.7,"Lower",0,"No",0,"No",3395,"Second",34.7,33.2,33.2
795,27.2,5,"Abu Dhabi",30.1,31.3,"Lower",0,"No",0,"No",3484,"First",31.8,30.1,29.5
796,37.5,31,"Dubai",29.4,35.3,"Lower",0,"No",0,"No",3265,"Third",29.3,28.2,29.4
797,43.3,14,"Sharjah",33.8,31.7,"Lower",0,"No",0,"No",3598,"Second",35.5,32.1,35.4
798,34.1,15,"Dubai",37.4,23.2,"High",0,"No",0,"No",3281,"Second",36.3,38.3,33.9
799,21.6,11,"Dubai",33.7,29,"Lower",0,"No",0,"No",2337,"First",34.3,34.5,34.1
800,27.2,10,"Sharjah",37.6,43.5,"High",0,"No",0,"No",2653,"First",37.2,39.6,36
801,42.6,17,"Abu Dhabi",31.2,12.9,"Lower",0,"No",0,"No",3019,"Second",29,30.7,32.7
802,26.8,15,"Abu Dhabi",30.6,28.1,"Lower",0,"No",0,"No",4176,"Second",28.6,31.5,32.7
803,37.2,13,"Dubai",35.9,35.3,"High",0,"No",0,"No",3473,"First",36.5,34.7,36.8
804,39.4,35,"Dubai",27.8,35.3,"Lower",0,"No",0,"No",4052,"Third",29.9,25.4,29.5
805,21.9,36,"Abu Dhabi",34.3,28.8,"Lower",1,"Yes",0,"No",3846,"Third",34.9,30.9,35.2
806,42.9,31,"Dubai",29.3,29.4,"Lower",0,"No",0,"No",3487,"Third",30.9,28.8,29.4
807,29.5,33,"Dubai",29.2,21,"Lower",0,"No",0,"No",3167,"Third",28.1,28.9,29.1
808,42.5,39,"Abu Dhabi",30.4,32.4,"Lower",0,"No",1,"Yes",3254,"Third",30.2,30.2,29.9
809,22.9,33,"Abu Dhabi",35.1,38.8,"High",0,"No",0,"No",2627,"Third",35.5,34.9,35.3
810,40,36,"Dubai",31.4,35.2,"Lower",0,"No",1,"Yes",2591,"Third",32.2,30.8,32.7
811,18.6,35,"Abu Dhabi",34.6,37.1,"Lower",0,"No",0,"No",2188,"Third",35.4,34,36.5
812,40.5,30,"Abu Dhabi",26.8,18.1,"Lower",0,"No",0,"No",3521,"Third",26.9,28.5,26.5
813,44.2,33,"Sharjah",32.2,31.9,"Lower",0,"No",0,"No",3916,"Third",36.3,29.8,32.5
814,37.2,18,"Sharjah",34,26.1,"Lower",0,"No",1,"Yes",2969,"Second",34.5,34,31.8
815,43.4,31,"Dubai",33.1,12.1,"Lower",0,"No",0,"No",3059,"Third",34.2,32.7,34.2
816,39.3,22,"Abu Dhabi",28.4,16.9,"Lower",0,"No",0,"No",2897,"Second",31.7,27.4,28.7
817,33,26,"Abu Dhabi",30.5,41.2,"Lower",0,"No",1,"Yes",3638,"Second",31.8,29.7,31.7
818,20.1,36,"Sharjah",37.3,27.7,"High",0,"No",0,"No",2903,"Third",36.9,35.8,35.9
819,20.1,7,"Dubai",26.5,13.8,"Lower",0,"No",0,"No",3053,"First",24.8,28.1,29.9
820,34.9,13,"Dubai",28.7,15.7,"Lower",0,"No",0,"No",3335,"First",28.8,31.4,24.3
821,36.8,13,"Dubai",34.6,30,"Lower",0,"No",0,"No",2852,"First",33.1,32.7,36
822,24.4,37,"Dubai",32.5,24.2,"Lower",0,"No",0,"No",3580,"Third",35,36.1,34.6
823,22.4,39,"Sharjah",32.5,41.8,"Lower",0,"No",0,"No",2051,"Third",33.5,34.8,32.8
824,26.6,7,"Dubai",34.4,51.7,"Lower",0,"No",0,"No",3581,"First",33.1,34.8,33.4
825,37.6,5,"Abu Dhabi",31,26.4,"Lower",0,"No",0,"No",3120,"First",28.5,29.4,31.4
826,44.3,24,"Dubai",28.2,23,"Lower",0,"No",0,"No",3348,"Second",26.8,27,28.4
827,39.8,29,"Dubai",32.5,33.3,"Lower",0,"No",0,"No",3051,"Third",31.7,33.7,37.1
828,24.1,17,"Abu Dhabi",31.2,38.8,"Lower",0,"No",0,"No",2516,"Second",31.8,31.7,29.2
829,33.5,12,"Abu Dhabi",37.3,36.9,"High",0,"No",0,"No",2774,"First",35.4,38.3,38.8
830,21.3,5,"Abu Dhabi",27.7,10.9,"Lower",0,"No",0,"No",3691,"First",26.9,26.3,27.5
831,30.8,8,"Dubai",34.3,40,"Lower",0,"No",0,"No",2658,"First",34.1,35,35.9
832,29.9,36,"Abu Dhabi",29.7,17.9,"Lower",1,"Yes",0,"No",2750,"Third",31.1,32.7,26.6
833,41.2,20,"Dubai",32.2,31.1,"Lower",0,"No",0,"No",3355,"Second",30.3,30.3,32.8
834,34.4,21,"Abu Dhabi",29.2,25.3,"Lower",0,"No",0,"No",2269,"Second",30.7,31.2,29
835,41.2,12,"Abu Dhabi",31,28.2,"Lower",0,"No",0,"No",3165,"First",30.4,32.1,29.6
836,43.1,9,"Dubai",30.3,27.8,"Lower",0,"No",0,"No",2913,"First",30.4,29.7,32.8
837,35.9,39,"Dubai",31.4,23,"Lower",0,"No",0,"No",3691,"Third",28.8,31.7,30.5
838,39.7,11,"Dubai",34.4,32.3,"Lower",0,"No",0,"No",3875,"First",35.1,34.4,34.5
839,30.2,35,"Abu Dhabi",31,20,"Lower",0,"No",0,"No",3602,"Third",29.6,31.2,30.3
840,34,4,"Dubai",31.7,37.3,"Lower",0,"No",0,"No",3196,"First",31.2,31.5,33.8
841,40.3,36,"Abu Dhabi",34.5,31.9,"Lower",0,"No",0,"No",3674,"Third",38.1,32.9,33.2
842,41.6,37,"Dubai",32.5,25.5,"Lower",0,"No",0,"No",3528,"Third",33.6,35.4,34
843,33.6,10,"Dubai",29.4,20.9,"Lower",0,"No",0,"No",3417,"First",29,27.9,29.7
844,41.6,34,"Dubai",36.9,30.7,"High",0,"No",0,"No",3263,"Third",37,37.9,38.5
845,43,34,"Abu Dhabi",34,29.7,"Lower",0,"No",0,"No",3693,"Third",34.8,35.4,33.1
846,33.7,33,"Sharjah",30.1,23.9,"Lower",0,"No",1,"Yes",4401,"Third",32,29.7,27.6
847,20.7,30,"Dubai",30.1,27.7,"Lower",0,"No",0,"No",3878,"Third",31.6,30.4,28.4
848,34.6,32,"Sharjah",31.6,30.4,"Lower",0,"No",0,"No",3238,"Third",29.8,31.8,32
849,30.6,4,"Abu Dhabi",34,34.9,"Lower",0,"No",0,"No",2794,"First",33.6,33.8,34.9
850,21,21,"Abu Dhabi",34,37.4,"Lower",0,"No",0,"No",2117,"Second",36.4,31.6,33.9
851,41.3,33,"Dubai",36.3,15.6,"High",1,"Yes",1,"Yes",2345,"Third",35.3,33.7,34.1
852,18.8,19,"Dubai",32.2,19,"Lower",0,"No",0,"No",3897,"Second",32.1,34.6,31.4
853,24.6,18,"Sharjah",35.5,37.9,"High",0,"No",1,"Yes",3256,"Second",34.2,32.7,37.2
854,31.2,15,"Dubai",35.5,28.9,"High",0,"No",0,"No",2528,"Second",34.5,32.2,34.4
855,19.1,39,"Abu Dhabi",29.5,26.1,"Lower",0,"No",0,"No",3574,"Third",30,27.7,30.7
856,37.6,12,"Abu Dhabi",31.9,44.1,"Lower",0,"No",0,"No",3434,"First",31,32.8,33.1
857,37.3,5,"Dubai",32.9,23.4,"Lower",0,"No",0,"No",3852,"First",34.1,34.8,34.1
858,34.4,8,"Dubai",28.3,35.5,"Lower",0,"No",0,"No",3213,"First",29.8,28.6,27.8
859,25.4,15,"Abu Dhabi",36.3,23.4,"High",0,"No",0,"No",3256,"Second",36.4,37.1,33.6
860,32.6,7,"Abu Dhabi",30.7,28,"Lower",0,"No",0,"No",3168,"First",31.1,30.1,33.1
861,26.4,13,"Abu Dhabi",30.1,16.4,"Lower",0,"No",0,"No",3597,"First",30.1,31.7,30.8
862,27.2,27,"Abu Dhabi",34.6,22.8,"Lower",0,"No",0,"No",3538,"Second",35,34.9,34.4
863,39,25,"Dubai",33.3,19.8,"Lower",0,"No",0,"No",2936,"Second",32,35.1,34.3
864,27.6,24,"Dubai",26.5,33.3,"Lower",0,"No",0,"No",3196,"Second",30,28.8,24.7
865,44.5,26,"Sharjah",32.4,27.7,"Lower",0,"No",0,"No",3377,"Second",32.4,32.2,34.4
866,33.5,4,"Sharjah",32.2,39.9,"Lower",0,"No",0,"No",2771,"First",31.8,29.8,30.9
867,32,37,"Dubai",29.5,32,"Lower",0,"No",0,"No",3742,"Third",30.5,29.8,29.5
868,25.2,10,"Dubai",34.2,15,"Lower",0,"No",0,"No",2930,"First",34.3,32.9,36.2
869,40.4,4,"Abu Dhabi",34.3,26.9,"Lower",0,"No",0,"No",2911,"First",31.6,33,35
870,36.8,15,"Dubai",34,36.4,"Lower",0,"No",0,"No",2880,"Second",36.1,35,36.2
871,18.5,23,"Sharjah",33.7,25.5,"Lower",0,"No",0,"No",3866,"Second",34.2,32.8,33.1
872,43.8,26,"Dubai",37.9,22.7,"High",0,"No",0,"No",2291,"Second",37.5,39.2,36.4
873,32.5,39,"Abu Dhabi",30.3,30.1,"Lower",0,"No",0,"No",3716,"Third",30.9,29.7,28.8
874,23.5,38,"Dubai",32,40,"Lower",0,"No",0,"No",3209,"Third",30.2,30.9,31.9
875,19.1,18,"Abu Dhabi",35.2,20,"High",0,"No",0,"No",3687,"Second",35.3,34,34.8
876,33.7,21,"Sharjah",31.2,22,"Lower",0,"No",0,"No",3148,"Second",31.9,31.2,30.5
877,19.2,30,"Sharjah",39.1,30.3,"High",0,"No",0,"No",3303,"Third",38.5,39,35.7
878,33.7,11,"Dubai",34,42.6,"Lower",0,"No",0,"No",2419,"First",33.6,32.6,34.3
879,42.9,10,"Dubai",32.8,17,"Lower",0,"No",0,"No",3568,"First",32.8,35.5,34.2
880,25.9,38,"Abu Dhabi",30.3,11.6,"Lower",0,"No",0,"No",3231,"Third",30.2,31.4,27.2
881,38.5,11,"Abu Dhabi",31.9,39.4,"Lower",0,"No",0,"No",3165,"First",31.4,34.6,30.4
882,37.4,32,"Abu Dhabi",33.9,26.5,"Lower",0,"No",0,"No",2787,"Third",31.9,34.9,33.1
883,37.4,22,"Sharjah",30.2,21.2,"Lower",0,"No",0,"No",3245,"Second",31.3,32.4,30.7
884,18.4,32,"Dubai",37.6,28.8,"High",0,"No",0,"No",3236,"Third",37.1,38.7,36.2
885,26,39,"Abu Dhabi",35.1,21.4,"High",0,"No",0,"No",3611,"Third",36.2,33.6,32.2
886,29.1,7,"Dubai",32.3,28.1,"Lower",0,"No",0,"No",2866,"First",33.4,32.3,30.6
887,20.7,6,"Sharjah",28.2,28.1,"Lower",0,"No",0,"No",3407,"First",31,27.8,27.8
888,25.9,36,"Abu Dhabi",25.9,32.9,"Lower",0,"No",1,"Yes",3345,"Third",22.8,25.2,23.7
889,36,38,"Abu Dhabi",27.4,27.7,"Lower",0,"No",0,"No",3606,"Third",26.6,27.4,30.5
890,25.2,10,"Dubai",32.2,34.1,"Lower",0,"No",0,"No",3261,"First",31.9,31.1,35.1
891,21.5,30,"Dubai",30,31.8,"Lower",0,"No",0,"No",2387,"Third",29.5,28.6,32.5
892,18.3,9,"Abu Dhabi",30.4,35.1,"Lower",0,"No",0,"No",4055,"First",28.9,30.1,29.7
893,44.8,22,"Dubai",34.9,19.7,"Lower",0,"No",0,"No",3410,"Second",36.4,34.7,33.3
894,26.4,39,"Abu Dhabi",28.4,30.7,"Lower",0,"No",0,"No",3464,"Third",30.8,28.5,28.6
895,32.3,11,"Dubai",30.6,18.1,"Lower",0,"No",0,"No",4272,"First",31.4,30.9,31.4
896,37.5,13,"Abu Dhabi",36.8,22.1,"High",0,"No",0,"No",3129,"First",37,35.8,39.6
897,34.9,18,"Dubai",25.9,29.5,"Lower",0,"No",0,"No",3436,"Second",24.1,29.2,24.5
898,28.3,31,"Abu Dhabi",32.8,35.1,"Lower",1,"Yes",0,"No",2227,"Third",34.9,33,35.1
899,19.5,25,"Dubai",36.9,37.9,"High",0,"No",0,"No",2806,"Second",35.8,37.9,36.5
900,31.2,11,"Dubai",35.5,38.4,"High",0,"No",0,"No",3375,"First",36.2,38.8,36.6
901,36.8,12,"Abu Dhabi",31.9,24,"Lower",0,"No",0,"No",3482,"First",32.7,32.3,31.4
902,34.4,29,"Sharjah",32.4,29.6,"Lower",0,"No",0,"No",3295,"Third",34.9,33.5,31.8
903,41.5,36,"Sharjah",29.1,29.2,"Lower",0,"No",1,"Yes",2792,"Third",28.3,30.3,29.9
904,25,30,"Abu Dhabi",31,12,"Lower",0,"No",0,"No",3309,"Third",33.3,32.7,32.9
905,34.8,25,"Dubai",37.9,45.8,"High",1,"Yes",0,"No",3000,"Second",37.8,39.4,38.2
906,21.3,17,"Sharjah",30.8,34.8,"Lower",0,"No",1,"Yes",2740,"Second",30.9,30.3,30.7
907,32.1,29,"Abu Dhabi",36.1,29.8,"High",0,"No",0,"No",3037,"Third",37.1,35.1,36.7
908,42.6,20,"Dubai",36.3,27.3,"High",0,"No",0,"No",3443,"Second",34.6,37.7,34.1
909,43.4,19,"Sharjah",30.7,14.7,"Lower",0,"No",0,"No",2625,"Second",30.1,30.9,31.2
910,27.7,11,"Dubai",34.8,42.4,"Lower",0,"No",1,"Yes",2798,"First",33.5,33.2,34.6
911,38.6,18,"Abu Dhabi",37,23.8,"High",1,"Yes",0,"No",3672,"Second",36,36.4,36.1
912,23,40,"Abu Dhabi",37.5,24.2,"High",0,"No",0,"No",2649,"Third",37.6,36.5,36.2
913,37.9,29,"Dubai",37.3,31.8,"High",0,"No",1,"Yes",2688,"Third",37,37.1,38.2
914,20.3,16,"Abu Dhabi",32.2,25.7,"Lower",0,"No",0,"No",4210,"Second",31.1,31.9,34.3
915,41.1,13,"Sharjah",33.3,17.7,"Lower",0,"No",0,"No",3684,"First",34.6,31.9,31.4
916,43.1,16,"Dubai",33.3,23.6,"Lower",0,"No",0,"No",3260,"Second",30,30.8,32.6
917,35.1,16,"Dubai",30.9,41.3,"Lower",1,"Yes",0,"No",2678,"Second",30.4,32.2,32.6
918,19.7,38,"Sharjah",28.5,27.6,"Lower",0,"No",0,"No",3582,"Third",28,28.2,30
919,45,22,"Dubai",30.1,33,"Lower",0,"No",0,"No",3576,"Second",28.2,30.1,31.2
920,26.5,40,"Abu Dhabi",25.9,29.1,"Lower",0,"No",0,"No",4475,"Third",27.9,26.8,28.1
921,35.2,31,"Abu Dhabi",26.9,20.8,"Lower",0,"No",0,"No",2592,"Third",26.8,27.7,26.6
922,40.5,5,"Abu Dhabi",33.7,36.9,"Lower",1,"Yes",0,"No",3226,"First",33,34.2,33.5
923,41.2,11,"Sharjah",33.1,35.8,"Lower",0,"No",0,"No",3001,"First",35.9,33.6,32.9
924,41.7,8,"Sharjah",33.3,12.2,"Lower",0,"No",0,"No",3127,"First",32.2,32.1,34.4
925,40.1,30,"Abu Dhabi",34.2,31,"Lower",0,"No",0,"No",3280,"Third",34,33.7,34.1
926,32.2,18,"Dubai",33.8,18.3,"Lower",0,"No",0,"No",3014,"Second",36.5,36.5,33.2
927,38.6,26,"Dubai",33.7,38.4,"Lower",0,"No",0,"No",3810,"Second",34.5,36.5,33.8
928,43.7,34,"Abu Dhabi",33.1,22.5,"Lower",0,"No",1,"Yes",3469,"Third",29.3,31.4,33.9
929,41.1,30,"Abu Dhabi",29.8,25.7,"Lower",0,"No",0,"No",4262,"Third",32,28.9,33.3
930,28.6,32,"Abu Dhabi",36.8,22.8,"High",0,"No",0,"No",3049,"Third",35.7,37.4,34.7
931,35.2,11,"Sharjah",28.4,16.3,"Lower",0,"No",0,"No",3619,"First",29.1,29.6,28
932,31.7,6,"Sharjah",30.2,42.5,"Lower",0,"No",0,"No",3316,"First",31.1,29.9,27.2
933,18.7,6,"Sharjah",30,32.5,"Lower",0,"No",0,"No",3650,"First",29.1,30.1,28.7
934,20.5,26,"Dubai",32,32.3,"Lower",0,"No",0,"No",3360,"Second",30.9,28.8,31.1
935,23.7,6,"Abu Dhabi",29.8,32.4,"Lower",0,"No",0,"No",2898,"First",28.6,26.8,29.8
936,41.3,23,"Sharjah",33.9,44.2,"Lower",0,"No",0,"No",2993,"Second",35.6,34.7,32.6
937,44.7,25,"Dubai",29.9,15.6,"Lower",0,"No",0,"No",3532,"Second",30.1,25.1,33.3
938,43.2,21,"Dubai",34.5,37.2,"Lower",0,"No",0,"No",2788,"Second",29.4,35.9,33.4
939,44.3,16,"Abu Dhabi",30.1,28,"Lower",0,"No",0,"No",3136,"Second",29.6,29.1,29.2
940,25.7,39,"Abu Dhabi",34.6,35.2,"Lower",0,"No",0,"No",3101,"Third",34.1,33,33
941,30.3,30,"Dubai",31.7,6.8,"Lower",1,"Yes",0,"No",2561,"Third",31.7,32.8,34.2
942,41,7,"Abu Dhabi",31.4,28.2,"Lower",0,"No",0,"No",3423,"First",30.5,32.4,34
943,18.2,34,"Dubai",33.6,33.2,"Lower",0,"No",0,"No",2531,"Third",31.7,32.9,34.7
944,43.4,14,"Dubai",34.2,13.5,"Lower",0,"No",1,"Yes",3570,"Second",33.3,35.1,33.9
945,24,33,"Sharjah",32,16.1,"Lower",0,"No",0,"No",2789,"Third",30.1,31.1,32.7
946,40.8,17,"Dubai",29.1,28.9,"Lower",0,"No",0,"No",2430,"Second",30.4,27.8,27.8
947,19.8,20,"Abu Dhabi",33.2,25.6,"Lower",0,"No",0,"No",2915,"Second",34,34.1,36.9
948,25.3,31,"Dubai",34.6,15.5,"Lower",0,"No",0,"No",3629,"Third",33.1,34.4,36.5
949,19.3,13,"Sharjah",29.6,22.3,"Lower",0,"No",0,"No",3444,"First",30.2,30.9,30.3
950,29.6,40,"Dubai",35.2,35.1,"High",0,"No",0,"No",2802,"Third",36.1,34.8,37.9
951,40.4,31,"Dubai",37.2,35.1,"High",0,"No",0,"No",2199,"Third",38.8,38,35
952,25.9,5,"Dubai",36.1,33.3,"High",0,"No",0,"No",3838,"First",36.5,38.1,35
953,32.8,22,"Dubai",32.2,48.3,"Lower",0,"No",0,"No",2637,"Second",31.7,31.3,33.2
954,18.3,29,"Dubai",30.2,32.4,"Lower",0,"No",1,"Yes",3123,"Third",32.6,29.7,30.7
955,43,10,"Abu Dhabi",31.9,33.5,"Lower",0,"No",0,"No",3697,"First",32.5,33.8,32.1
956,18.5,4,"Abu Dhabi",30.5,48.1,"Lower",0,"No",0,"No",3278,"First",30.5,30.2,30.5
957,20.5,31,"Sharjah",32.6,24.5,"Lower",0,"No",0,"No",3527,"Third",30.9,32,32.7
958,44.4,17,"Dubai",37.4,22,"High",1,"Yes",0,"No",3120,"Second",35.9,40.2,35.1
959,22.3,16,"Abu Dhabi",31.2,36.7,"Lower",0,"No",0,"No",2882,"Second",31.6,31.9,29.5
960,25.1,18,"Sharjah",33.2,34.6,"Lower",0,"No",0,"No",2093,"Second",32.7,31.9,32.9
961,38,38,"Abu Dhabi",30.9,36.9,"Lower",0,"No",0,"No",3415,"Third",31.3,29.2,30.3
962,36.3,28,"Sharjah",32.1,29.6,"Lower",0,"No",1,"Yes",2970,"Third",29.9,32.1,34.1
963,41.7,4,"Dubai",32.8,34,"Lower",0,"No",0,"No",3723,"First",30.3,34.2,31
964,21.1,30,"Abu Dhabi",31.4,25.9,"Lower",0,"No",0,"No",3242,"Third",31.9,30.8,33.6
965,29.6,36,"Dubai",31.7,25.3,"Lower",0,"No",0,"No",3693,"Third",30.4,31.3,31.2
966,41.6,21,"Dubai",30.8,42.1,"Lower",0,"No",0,"No",2962,"Second",28.8,27.6,31
967,22.5,8,"Dubai",33.8,31.7,"Lower",0,"No",0,"No",3584,"First",34.3,34.2,35.5
968,22.5,37,"Dubai",33.1,20.2,"Lower",0,"No",1,"Yes",4161,"Third",32.5,34.9,33.4
969,44.1,9,"Abu Dhabi",37.2,25.2,"High",0,"No",0,"No",3294,"First",36.1,37.1,37.5
970,28.2,26,"Abu Dhabi",38.6,36,"High",0,"No",0,"No",2692,"Second",40.5,38,38.5
971,43.8,19,"Sharjah",31.2,36.5,"Lower",0,"No",0,"No",3433,"Second",29.3,35.4,31
972,38.5,30,"Sharjah",33.6,22.6,"Lower",0,"No",0,"No",3211,"Third",33.1,34.8,32.5
973,41.1,14,"Dubai",30.7,18.6,"Lower",0,"No",0,"No",3865,"Second",28.5,32.8,30.4
974,42.8,12,"Dubai",34.5,17.8,"Lower",0,"No",0,"No",2986,"First",36,38.5,35.6
975,39.4,31,"Dubai",32.7,35.2,"Lower",0,"No",0,"No",3842,"Third",30.2,29.5,34.5
976,25.3,33,"Abu Dhabi",32.6,17.6,"Lower",0,"No",0,"No",3027,"Third",33.1,33.5,30.8
977,21.1,19,"Abu Dhabi",26.8,26.7,"Lower",0,"No",0,"No",2708,"Second",25.6,27.1,28
978,38.7,38,"Dubai",34.7,24.2,"Lower",0,"No",0,"No",3009,"Third",35,34.1,36
979,18.6,15,"Sharjah",29,32,"Lower",0,"No",0,"No",3049,"Second",30.9,31.3,27.3
980,19.4,40,"Sharjah",29.1,33.3,"Lower",0,"No",1,"Yes",3502,"Third",31.7,30.1,29.4
981,44.5,24,"Abu Dhabi",35.1,26,"High",0,"No",0,"No",3043,"Second",35.2,36.7,33.2
982,31.4,12,"Abu Dhabi",26.3,32.2,"Lower",0,"No",0,"No",3390,"First",28.4,27.9,27.6
983,34.7,36,"Dubai",31.6,27.8,"Lower",0,"No",1,"Yes",2812,"Third",34.7,30,31.1
984,21.1,19,"Dubai",30.1,31.5,"Lower",0,"No",0,"No",3244,"Second",29,28.2,29.2
985,23.5,39,"Dubai",34.9,15.2,"Lower",0,"No",0,"No",2509,"Third",35.6,36.9,35.2
986,21.6,28,"Dubai",33.5,27.2,"Lower",1,"Yes",0,"No",2824,"Third",30.7,35.1,34.2
987,43.3,23,"Sharjah",31.9,35.6,"Lower",0,"No",0,"No",3636,"Second",31.3,30.7,31.6
988,36.3,14,"Abu Dhabi",31.2,20.8,"Lower",0,"No",0,"No",4188,"Second",29.2,30.4,33.6
989,25.3,18,"Dubai",31.8,27.1,"Lower",0,"No",0,"No",2986,"Second",30,32.9,30.9
990,27.7,14,"Dubai",31.9,25.4,"Lower",0,"No",0,"No",3234,"Second",31,32.8,29.9
991,26.7,25,"Sharjah",30.2,21.8,"Lower",0,"No",0,"No",3160,"Second",29.7,31.2,30.7
992,34,28,"Dubai",32.3,38.4,"Lower",1,"Yes",0,"No",2934,"Third",32.3,33.5,31.4
993,36.1,28,"Abu Dhabi",37.3,38.6,"High",0,"No",1,"Yes",3757,"Third",35.4,38.2,37.5
994,25,10,"Dubai",34.6,26.8,"Lower",0,"No",1,"Yes",2990,"First",32.2,35.7,35
995,20.2,24,"Dubai",37.1,33.6,"High",0,"No",0,"No",2897,"Second",40.6,38.1,35.1
996,26.4,33,"Abu Dhabi",37,20.7,"High",0,"No",1,"Yes",3862,"Third",37.2,38.8,36.5
997,26.3,24,"Sharjah",32.5,49.5,"Lower",1,"Yes",0,"No",3079,"Second",32.5,33.1,30.5
998,35.9,6,"Sharjah",29.1,39,"Lower",0,"No",0,"No",4225,"First",29,29.5,30
999,21.9,27,"Dubai",22.3,29.2,"Lower",0,"No",0,"No",2988,"Second",21.4,22.9,22.2
1000,26.1,28,"Abu Dhabi",30.4,30,"Lower",0,"No",0,"No",2730,"Third",29.8,28.8,30.9
1001,41.8,25,"Dubai",31.3,34.6,"Lower",0,"No",0,"No",3463,"Second",30.4,31.9,30.4
1002,33.4,10,"Abu Dhabi",27.4,28.2,"Lower",0,"No",0,"No",3186,"First",27.1,27.5,26.8
1003,35,4,"Sharjah",32.1,28.7,"Lower",0,"No",0,"No",3023,"First",30.5,32.8,31.5
1004,29.5,4,"Abu Dhabi",27.7,25.4,"Lower",0,"No",0,"No",3698,"First",28.4,27.3,26.5
1005,28.4,35,"Abu Dhabi",28.9,19.6,"Lower",0,"No",0,"No",3633,"Third",30.1,28.1,29.2
1006,44.8,21,"Abu Dhabi",35,21.2,"High",0,"No",0,"No",3155,"Second",34.1,34.7,33.4
1007,42.5,15,"Abu Dhabi",29.8,29.1,"Lower",0,"No",0,"No",3148,"Second",30.7,31.2,30.1
1008,30,31,"Sharjah",32,33.5,"Lower",0,"No",0,"No",3067,"Third",33.1,31,32.4
1009,31,34,"Abu Dhabi",35.5,35.6,"High",0,"No",0,"No",2528,"Third",36.1,35.4,38.6
1010,28.3,29,"Sharjah",30.3,30.8,"Lower",0,"No",0,"No",3511,"Third",29.7,29,31.2
1011,29.2,32,"Abu Dhabi",32.9,27.3,"Lower",0,"No",0,"No",2627,"Third",31.5,31.6,33.3
1012,39.6,39,"Abu Dhabi",32.8,48.5,"Lower",0,"No",0,"No",3471,"Third",33.2,35,30.5
1013,32.9,31,"Dubai",34.7,27.5,"Lower",0,"No",0,"No",3076,"Third",36.2,36.8,36.4
1014,32.2,7,"Abu Dhabi",23.5,28.3,"Lower",0,"No",0,"No",3844,"First",22.5,24,23
1015,25,26,"Abu Dhabi",30.6,47.8,"Lower",0,"No",0,"No",2259,"Second",30.9,29.6,31.4
1016,35.6,33,"Abu Dhabi",36.7,42.4,"High",0,"No",1,"Yes",3077,"Third",38.1,37.1,37.1
1017,32.1,40,"Dubai",33.4,21,"Lower",0,"No",0,"No",3426,"Third",33,32.6,34.3
1018,39.2,10,"Sharjah",32.3,30.4,"Lower",1,"Yes",0,"No",2947,"First",32.5,32.3,33.7
1019,40.3,35,"Abu Dhabi",27.8,37.8,"Lower",0,"No",0,"No",2722,"Third",23.9,29.1,26.3
1020,22.3,33,"Abu Dhabi",33,31.2,"Lower",0,"No",1,"Yes",3221,"Third",31.4,33.2,28
1021,33.7,28,"Dubai",35.9,29.2,"High",0,"No",0,"No",2247,"Third",38,37.3,36.9
1022,19.6,8,"Abu Dhabi",30.2,29.8,"Lower",0,"No",0,"No",3543,"First",28.6,31.1,30.3
1023,43.6,17,"Dubai",33.4,36.9,"Lower",0,"No",0,"No",3652,"Second",31.9,32.1,32.6
1024,36.1,23,"Dubai",31.9,34.1,"Lower",0,"No",0,"No",3382,"Second",32.2,34.4,33.4
1025,25.5,34,"Dubai",30.1,33.7,"Lower",0,"No",1,"Yes",3005,"Third",28,30.1,30.8
1026,35.8,23,"Dubai",30.7,26.3,"Lower",0,"No",0,"No",3215,"Second",30.7,31.3,29.7
1027,28.2,20,"Dubai",33.1,25.7,"Lower",0,"No",0,"No",3413,"Second",32.1,33.2,34.7
1028,37,35,"Abu Dhabi",29.4,49.8,"Lower",1,"Yes",0,"No",3497,"Third",28.3,26.8,27.8
1029,42.6,34,"Dubai",29.4,30.5,"Lower",0,"No",0,"No",3649,"Third",29.3,31.9,29.7
1030,33.8,11,"Dubai",25.7,13.6,"Lower",0,"No",0,"No",3311,"First",23.6,24.5,27.1
1031,21.1,8,"Sharjah",34.5,37.5,"Lower",0,"No",0,"No",3360,"First",34.4,31.4,33.4
1032,32.6,36,"Dubai",33.8,32.3,"Lower",0,"No",0,"No",2733,"Third",34.9,31,33.5
1033,20.1,7,"Sharjah",30.2,16.8,"Lower",0,"No",0,"No",2915,"First",27,27.6,31
1034,25,11,"Dubai",33.7,34.9,"Lower",0,"No",0,"No",3430,"First",35.1,36.8,34.7
1035,38,21,"Abu Dhabi",30.2,43.6,"Lower",0,"No",0,"No",3260,"Second",29.1,29.7,30.1
1036,39.1,36,"Abu Dhabi",29.6,15.7,"Lower",0,"No",0,"No",3960,"Third",29.5,29,30.3
1037,27.2,27,"Dubai",32.7,40,"Lower",0,"No",0,"No",2781,"Second",33.1,33,32.5
1038,29.6,27,"Sharjah",35.1,34.4,"High",0,"No",1,"Yes",1997,"Second",36.1,33.2,32.5
1039,22.4,13,"Dubai",33.6,29.8,"Lower",0,"No",0,"No",3416,"First",35,35.2,34.5
1040,31.3,17,"Dubai",31.5,35.3,"Lower",0,"No",1,"Yes",3131,"Second",28.3,33.4,32
1041,22.8,20,"Dubai",31.7,16.1,"Lower",0,"No",0,"No",3348,"Second",30.7,33.2,29.2
1042,22.9,22,"Sharjah",34,31.9,"Lower",0,"No",0,"No",3718,"Second",34.5,36,34.9
1043,39.2,17,"Dubai",31.7,26.4,"Lower",0,"No",0,"No",3461,"Second",31.8,34.7,31.6
1044,23.5,27,"Sharjah",34.4,41.5,"Lower",0,"No",1,"Yes",3119,"Second",33.8,35.6,35
1045,24.6,21,"Sharjah",31.7,24.6,"Lower",0,"No",0,"No",3242,"Second",29.8,31.2,30
1046,34.9,36,"Sharjah",34.8,36.4,"Lower",0,"No",0,"No",3352,"Third",35.8,33.2,35.6
1047,31.1,39,"Sharjah",30.9,36.7,"Lower",0,"No",0,"No",2549,"Third",32.2,31.3,31.3
1048,27.1,29,"Dubai",35.5,25.3,"High",0,"No",0,"No",1971,"Third",36.6,35.3,34.8
1049,23.8,33,"Dubai",28.9,22.4,"Lower",0,"No",0,"No",3042,"Third",30.1,30.3,26.9
1050,39.5,25,"Dubai",31.2,12.1,"Lower",0,"No",0,"No",3301,"Second",31,29.7,29.8
1051,36,33,"Sharjah",32.9,22.9,"Lower",0,"No",0,"No",3746,"Third",35.5,35.7,31.7
1052,39.9,19,"Dubai",30.8,29.6,"Lower",0,"No",0,"No",2668,"Second",33.4,29.3,32.8
1053,24.8,18,"Dubai",32.5,22,"Lower",0,"No",0,"No",3355,"Second",32.6,30,31.5
1054,19.8,7,"Dubai",29.9,30.2,"Lower",0,"No",0,"No",3232,"First",29.9,30.3,27.9
1055,36.2,13,"Abu Dhabi",33.1,39,"Lower",0,"No",0,"No",3486,"First",33.3,32,32.6
1056,22.3,34,"Dubai",34.5,27.4,"Lower",0,"No",1,"Yes",2898,"Third",33,37.7,33.8
1057,25.9,32,"Dubai",32.2,37.5,"Lower",0,"No",0,"No",3369,"Third",31.7,31.4,31.1
1058,18,18,"Sharjah",33.1,29.5,"Lower",0,"No",0,"No",3413,"Second",34.2,32.1,35.7
1059,44.1,37,"Abu Dhabi",27.6,39.8,"Lower",0,"No",0,"No",3071,"Third",27.2,27.1,26.3
1060,44.8,28,"Sharjah",28.5,22.3,"Lower",0,"No",0,"No",3605,"Third",28.3,27.8,28.6
1061,35.7,4,"Abu Dhabi",31.8,20.8,"Lower",0,"No",0,"No",3386,"First",30.4,30.3,30.1
1062,30.1,6,"Abu Dhabi",31.8,26.3,"Lower",0,"No",0,"No",3885,"First",31.5,33.1,31.8
1063,18.8,39,"Abu Dhabi",32.8,23.2,"Lower",0,"No",0,"No",3022,"Third",32.9,32.5,31.8
1064,30.3,9,"Abu Dhabi",36,21.4,"High",0,"No",0,"No",2741,"First",35.9,36,33.2
1065,42.7,6,"Sharjah",34.6,31.8,"Lower",0,"No",0,"No",2840,"First",34.7,35.3,33.7
1066,25.1,32,"Abu Dhabi",30,36,"Lower",0,"No",0,"No",2966,"Third",28.8,30.5,30.2
1067,30.7,31,"Sharjah",29.8,33.2,"Lower",0,"No",0,"No",2962,"Third",32,28.1,28.1
1068,25.2,10,"Dubai",29.5,26.3,"Lower",0,"No",0,"No",3599,"First",30.4,28.5,30.7
1069,33.9,10,"Dubai",34.3,40.8,"Lower",0,"No",0,"No",2308,"First",34.3,33.6,34.4
1070,21.8,24,"Abu Dhabi",32.6,30.8,"Lower",0,"No",0,"No",2986,"Second",33.5,35,31.9
1071,42.8,5,"Abu Dhabi",28.3,12.6,"Lower",0,"No",0,"No",3552,"First",28.3,29.4,27
1072,38.3,32,"Dubai",35.4,28.8,"High",1,"Yes",0,"No",3489,"Third",33,36.7,34.4
1073,35.8,22,"Sharjah",36.5,32,"High",0,"No",1,"Yes",2415,"Second",35.5,37.8,36
1074,42.7,21,"Dubai",31.3,30.1,"Lower",0,"No",0,"No",3797,"Second",32.2,32,30.2
1075,44.9,25,"Dubai",29.4,47,"Lower",0,"No",0,"No",3350,"Second",26.7,28.9,28.8
1076,30.2,25,"Abu Dhabi",31.8,31.5,"Lower",0,"No",0,"No",3439,"Second",31.3,29.7,29.3
1077,26.1,16,"Abu Dhabi",36.6,27.2,"High",0,"No",0,"No",2318,"Second",36.1,36.9,37.6
1078,31.8,4,"Dubai",27.4,34.9,"Lower",0,"No",0,"No",3630,"First",26.4,28.8,29
1079,35.2,8,"Abu Dhabi",37.2,28.7,"High",0,"No",1,"Yes",3071,"First",36.7,37.9,36.6
1080,36.7,32,"Sharjah",30.6,30.9,"Lower",0,"No",0,"No",3133,"Third",29.1,32.8,31
1081,36.4,34,"Dubai",31.2,28.1,"Lower",0,"No",0,"No",3568,"Third",33.9,30.1,30.4
1082,42,20,"Abu Dhabi",29,39.4,"Lower",0,"No",0,"No",3032,"Second",26.7,28.2,32.1
1083,39.2,6,"Dubai",34.8,44.9,"Lower",0,"No",1,"Yes",2415,"First",36.1,34.1,30.9
1084,28.3,34,"Dubai",36,29.1,"High",0,"No",1,"Yes",3463,"Third",35.9,34.8,35.5
1085,39.5,15,"Dubai",34.1,32.3,"Lower",0,"No",0,"No",2629,"Second",35.2,32.5,32.6
1086,39.6,13,"Dubai",30.1,34.9,"Lower",0,"No",0,"No",3608,"First",29,27.2,28.7
1087,37.1,28,"Abu Dhabi",31,51,"Lower",0,"No",0,"No",2563,"Third",31.2,29.6,31.1
1088,37.7,6,"Dubai",26.5,17,"Lower",0,"No",0,"No",3181,"First",27.1,28.4,26.6
1089,20.9,29,"Dubai",26.8,42.5,"Lower",0,"No",0,"No",3424,"Third",26.5,28.8,28.6
1090,41,4,"Dubai",30.2,21.4,"Lower",0,"No",0,"No",2954,"First",29.5,30.7,29.1
1091,27.2,13,"Dubai",32.4,37.8,"Lower",0,"No",0,"No",2876,"First",30.6,33.8,31.8
1092,39.1,34,"Sharjah",35.7,34.6,"High",0,"No",1,"Yes",3367,"Third",35,39.4,36.2
1093,32.3,36,"Dubai",31.4,34.4,"Lower",0,"No",1,"Yes",3611,"Third",31.6,33.8,30.7
1094,32.1,15,"Sharjah",32.2,31.2,"Lower",0,"No",0,"No",3007,"Second",31.9,30.9,30.3
1095,26.4,15,"Abu Dhabi",30.6,28.4,"Lower",0,"No",0,"No",2960,"Second",31.6,30.6,28.9
1096,20.1,10,"Dubai",31.7,19.2,"Lower",0,"No",0,"No",3430,"First",31.2,32,31.7
1097,34.9,22,"Abu Dhabi",29.1,32,"Lower",0,"No",0,"No",3337,"Second",27.7,30.6,29.2
1098,27.4,21,"Dubai",31.4,27.2,"Lower",0,"No",0,"No",3720,"Second",30.4,32.2,32.3
1099,23.7,22,"Dubai",40.5,29,"High",0,"No",0,"No",2126,"Second",39.1,41.6,40.9
1100,43.5,11,"Abu Dhabi",30.4,27.6,"Lower",0,"No",0,"No",2677,"First",29.8,29,30.1
1101,40.1,30,"Abu Dhabi",33,35.9,"Lower",0,"No",0,"No",3076,"Third",33.9,30.9,34.1
1102,23.5,10,"Sharjah",28.2,32,"Lower",0,"No",0,"No",2995,"First",27.7,27.6,29.8
1103,33.7,40,"Dubai",37.9,32.3,"High",0,"No",0,"No",2209,"Third",36.8,37.5,38.8
1104,30.9,16,"Dubai",36.5,10.9,"High",0,"No",0,"No",3234,"Second",36.3,34,39.4
1105,37.1,12,"Sharjah",34,30.1,"Lower",0,"No",0,"No",3330,"First",34.6,35.4,36.5
1106,24.2,37,"Dubai",29.4,16.2,"Lower",0,"No",0,"No",3959,"Third",29.8,29,27.6
1107,29.1,35,"Dubai",31.4,33.8,"Lower",0,"No",0,"No",3045,"Third",28.7,32.3,31.6
1108,37.5,27,"Sharjah",31.1,29.3,"Lower",0,"No",0,"No",3364,"Second",26.3,31.7,33
1109,24.7,10,"Abu Dhabi",34.4,29.6,"Lower",1,"Yes",0,"No",2080,"First",32.7,32.1,32.9
1110,30.9,14,"Dubai",32.1,39.8,"Lower",0,"No",0,"No",2998,"Second",32.8,35.6,29.7
1111,43.1,29,"Dubai",34.4,23.3,"Lower",0,"No",0,"No",3935,"Third",33,33.7,32.1
1112,34.4,40,"Dubai",28.6,19.7,"Lower",0,"No",1,"Yes",3283,"Third",31.8,26.3,27.9
1113,23.2,21,"Abu Dhabi",34.4,35.2,"Lower",0,"No",0,"No",3804,"Second",34.8,37.8,33.8
1114,44.8,28,"Sharjah",34.2,32.4,"Lower",0,"No",0,"No",3561,"Third",30.6,35.7,37.1
1115,23.7,28,"Sharjah",34.9,20.8,"Lower",0,"No",0,"No",3341,"Third",35.6,35.5,35.8
1116,34.1,36,"Dubai",24,31.4,"Lower",0,"No",0,"No",3100,"Third",21.4,23,25.9
1117,24.7,27,"Dubai",30.9,34.9,"Lower",0,"No",0,"No",3111,"Second",30.6,30.2,31.3
1118,30.8,13,"Abu Dhabi",29.9,30.7,"Lower",0,"No",0,"No",3492,"First",30.1,27.6,29.6
1119,44.1,28,"Dubai",33.5,30.4,"Lower",0,"No",0,"No",3080,"Third",32.9,34.8,33.5
1120,19.6,15,"Abu Dhabi",34.2,23.6,"Lower",0,"No",0,"No",2760,"Second",35.3,35,34.4
1121,30.4,34,"Dubai",32.9,32.2,"Lower",0,"No",0,"No",3622,"Third",32,31,32
1122,22.1,10,"Abu Dhabi",26.7,26,"Lower",0,"No",0,"No",3391,"First",26,26.3,28.4
1123,41.4,4,"Abu Dhabi",37.1,40.2,"High",0,"No",0,"No",3063,"First",36,37.1,38.7
1124,33.3,30,"Dubai",33.9,28.1,"Lower",0,"No",0,"No",3136,"Third",35.8,34.1,29.4
1125,22.1,40,"Abu Dhabi",32.9,21.5,"Lower",0,"No",0,"No",2963,"Third",34.1,32.8,34.1
1126,37.3,32,"Dubai",30.1,26.8,"Lower",1,"Yes",0,"No",3086,"Third",30,31,31.6
1127,27.1,15,"Dubai",31.2,17.8,"Lower",0,"No",0,"No",3913,"Second",31.5,31.9,32.2
1128,33.6,35,"Dubai",34.7,30.5,"Lower",0,"No",0,"No",3070,"Third",35.7,33.6,33.5
1129,29.8,38,"Dubai",32.4,33.2,"Lower",0,"No",0,"No",3329,"Third",33.2,31.7,33.9
1130,34.4,27,"Dubai",32.5,30.6,"Lower",0,"No",0,"No",3758,"Second",32.3,32.5,32.2
1131,38.1,24,"Abu Dhabi",31.6,26.8,"Lower",0,"No",1,"Yes",3476,"Second",32.3,32.5,28.3
1132,36.7,27,"Abu Dhabi",30.2,23.8,"Lower",0,"No",0,"No",3401,"Second",30.3,27.5,27.6
1133,28.3,33,"Abu Dhabi",34.4,33.9,"Lower",0,"No",1,"Yes",3347,"Third",34.4,34.1,34.8
1134,20.5,5,"Dubai",29.7,34.4,"Lower",0,"No",0,"No",3092,"First",30.3,30.5,31.5
1135,38.4,24,"Dubai",28.3,37.6,"Lower",0,"No",0,"No",3647,"Second",24,26.7,29.4
1136,22.5,13,"Sharjah",29.7,30.1,"Lower",1,"Yes",0,"No",3728,"First",31.3,28.9,30.6
1137,32.7,31,"Dubai",32.7,18.1,"Lower",0,"No",0,"No",3270,"Third",30.9,32.8,30.9
1138,28.7,11,"Dubai",27,20.7,"Lower",0,"No",0,"No",2362,"First",27.8,26.6,24.7
1139,33.4,5,"Abu Dhabi",29.2,38.2,"Lower",0,"No",0,"No",2952,"First",30,30.4,29.9
1140,29.3,29,"Abu Dhabi",35.9,29.1,"High",0,"No",0,"No",3151,"Third",34.8,36,35.8
1141,44.5,17,"Abu Dhabi",28.8,24,"Lower",0,"No",0,"No",3843,"Second",29.2,28.9,28.1
1142,35.2,19,"Dubai",31.2,22,"Lower",0,"No",0,"No",2939,"Second",29.9,31.8,29.7
1143,24.7,17,"Sharjah",26.8,23.5,"Lower",1,"Yes",0,"No",3109,"Second",27.4,27.1,26.3
1144,37.3,15,"Sharjah",33.2,31.1,"Lower",0,"No",0,"No",4360,"Second",33.5,31.7,33.5
1145,40.6,13,"Abu Dhabi",30,36.2,"Lower",0,"No",0,"No",3515,"First",30.7,32.9,30.7
1146,38.5,8,"Dubai",36,33.8,"High",0,"No",0,"No",3274,"First",38.3,32.9,35.8
1147,41.3,35,"Abu Dhabi",33,31.9,"Lower",0,"No",0,"No",3390,"Third",32.2,33.4,35.8
1148,40.1,15,"Abu Dhabi",36.2,32.2,"High",0,"No",0,"No",2875,"Second",34.8,37.5,36.2
1149,43.7,32,"Dubai",34,32.7,"Lower",0,"No",1,"Yes",2628,"Third",34.8,31.5,34.6
1150,28.1,17,"Abu Dhabi",32.6,30.3,"Lower",1,"Yes",0,"No",3974,"Second",32.7,34.5,33.3
1151,34.9,13,"Dubai",37.4,43.5,"High",0,"No",0,"No",3137,"First",34.7,38.1,34.8
1152,23.4,16,"Sharjah",30.8,25.7,"Lower",0,"No",0,"No",3345,"Second",30.6,29.8,30.4
1153,34.2,30,"Dubai",31,30.8,"Lower",0,"No",0,"No",3504,"Third",29.7,31.4,32
1154,21.4,26,"Abu Dhabi",30,32.5,"Lower",0,"No",0,"No",2642,"Second",28,30.2,29.9
1155,33.1,10,"Abu Dhabi",31.2,33,"Lower",0,"No",0,"No",3026,"First",29.7,32.7,30.1
1156,38,24,"Abu Dhabi",26.5,30.7,"Lower",0,"No",0,"No",3504,"Second",27.5,27.9,27.3
1157,38.6,30,"Dubai",34.1,27.4,"Lower",0,"No",0,"No",3069,"Third",32.5,33,33.7
1158,24.8,10,"Sharjah",29.1,29.9,"Lower",0,"No",0,"No",3466,"First",30.1,28.7,28.3
1159,37.7,10,"Dubai",28.1,38.9,"Lower",0,"No",0,"No",2917,"First",29.3,29.2,29.2
1160,25.7,27,"Dubai",26.6,22.7,"Lower",0,"No",0,"No",2451,"Second",26.5,27.7,26
1161,28.5,40,"Dubai",33.4,26.5,"Lower",0,"No",0,"No",2612,"Third",34.5,32.8,34.2
1162,41.2,23,"Dubai",34.5,32.4,"Lower",0,"No",1,"Yes",3444,"Second",36.2,33.4,33.4
1163,39.9,39,"Sharjah",28.5,31.6,"Lower",0,"No",0,"No",2748,"Third",30,30.9,27.3
1164,44.5,29,"Abu Dhabi",29,24.7,"Lower",0,"No",0,"No",3879,"Third",30,27.8,28.5
1165,37.5,33,"Abu Dhabi",30,44.6,"Lower",0,"No",0,"No",3035,"Third",28.8,29.8,30.9
1166,36.3,7,"Dubai",35.3,33.7,"High",0,"No",0,"No",2877,"First",36,35.2,36.3
1167,38.5,20,"Abu Dhabi",29.6,36,"Lower",0,"No",0,"No",2834,"Second",30,28.8,31
1168,26.6,7,"Dubai",36.5,34.7,"High",0,"No",1,"Yes",2503,"First",36.8,35.7,36.8
1169,44.9,12,"Abu Dhabi",31.7,28.5,"Lower",0,"No",1,"Yes",3276,"First",29.7,32.4,33.6
1170,36.6,8,"Abu Dhabi",29.5,35.7,"Lower",0,"No",0,"No",3463,"First",28.8,29.6,30.8
1171,34.4,33,"Dubai",31.1,27.1,"Lower",0,"No",0,"No",2797,"Third",30.5,30.2,31.2
1172,33.4,38,"Dubai",33,38.9,"Lower",0,"No",0,"No",2680,"Third",34.2,31.2,33.3
1173,26.2,20,"Sharjah",34.6,26.4,"Lower",0,"No",0,"No",3189,"Second",33.5,32,35.4
1174,35.9,37,"Abu Dhabi",28.4,32.4,"Lower",0,"No",0,"No",3075,"Third",29.6,26.4,27
1175,35.9,12,"Abu Dhabi",32.6,34.5,"Lower",0,"No",0,"No",2917,"First",32.3,32.8,33.5
1176,20.9,20,"Dubai",33,33,"Lower",0,"No",0,"No",2998,"Second",34.5,33.4,32.2
1177,28.7,5,"Abu Dhabi",27,19.5,"Lower",0,"No",0,"No",3158,"First",25.1,29.4,25.2
1178,31,18,"Abu Dhabi",33.2,25.9,"Lower",0,"No",0,"No",2681,"Second",32.7,33.5,34.7
1179,24,7,"Dubai",31.1,41.6,"Lower",0,"No",0,"No",2714,"First",30.4,31.2,31.4
1180,29.7,40,"Abu Dhabi",32.8,15.8,"Lower",0,"No",0,"No",3628,"Third",33.3,33.1,33.2
1181,27.5,37,"Dubai",34,25.4,"Lower",0,"No",0,"No",2899,"Third",33.6,36.7,33.4
1182,33.4,6,"Abu Dhabi",30.2,14.9,"Lower",0,"No",0,"No",3562,"First",31.2,28.2,33.3
1183,32.7,22,"Dubai",36.9,24.5,"High",1,"Yes",0,"No",3963,"Second",36.2,37.1,38.9
1184,19.6,23,"Dubai",29.9,35.6,"Lower",0,"No",0,"No",2278,"Second",30.1,27.9,29.3
1185,40.5,33,"Dubai",27.5,30.1,"Lower",0,"No",0,"No",3515,"Third",28.4,27.8,27.1
1186,28.2,8,"Abu Dhabi",38.1,30.1,"High",0,"No",1,"Yes",3621,"First",35,36.3,38.9
1187,35.3,35,"Dubai",30,26.6,"Lower",0,"No",0,"No",3269,"Third",28.5,29.3,32.7
1188,31.3,4,"Sharjah",36.4,30.6,"High",0,"No",1,"Yes",2440,"First",33.6,36,37.2
1189,23.5,8,"Abu Dhabi",31.1,17.5,"Lower",0,"No",1,"Yes",3616,"First",27.3,30.3,32.5
1190,31.3,29,"Dubai",32.3,39.7,"Lower",0,"No",0,"No",3106,"Third",29.4,30.9,31.8
1191,29.8,5,"Abu Dhabi",29.8,29.7,"Lower",1,"Yes",0,"No",3105,"First",30.4,29.4,33
1192,34.6,13,"Sharjah",30.8,25,"Lower",1,"Yes",0,"No",3314,"First",31.5,27.8,30.8
1193,19.7,20,"Sharjah",35.6,43,"High",0,"No",0,"No",2464,"Second",33.9,33.2,37.1
1194,21.2,37,"Abu Dhabi",29.1,36.3,"Lower",0,"No",0,"No",3048,"Third",30.3,29.9,28.9
1195,29.3,29,"Dubai",31.9,27,"Lower",0,"No",0,"No",3275,"Third",32.4,32,32
1196,29.2,32,"Abu Dhabi",34.7,27.1,"Lower",0,"No",1,"Yes",3826,"Third",35.1,34.5,33.8
1197,20.6,17,"Dubai",32.6,27,"Lower",0,"No",0,"No",3370,"Second",33.9,29.8,34.4
1198,40.4,34,"Dubai",35.4,32.9,"High",0,"No",0,"No",2829,"Third",35.5,32.7,35.3
1199,20.2,33,"Dubai",36,20.4,"High",0,"No",0,"No",2873,"Third",35.8,36.8,34.4
1200,31.5,5,"Dubai",35.2,21.7,"High",0,"No",0,"No",3791,"First",34.7,36.4,33.7
1201,40.5,16,"Abu Dhabi",30.8,54.3,"Lower",0,"No",1,"Yes",2351,"Second",27.2,33.3,30.7
1202,26.5,13,"Abu Dhabi",29.8,22,"Lower",0,"No",0,"No",3324,"First",29.9,29,30.5
1203,29.6,9,"Abu Dhabi",29.9,19.6,"Lower",0,"No",0,"No",2955,"First",30.2,30.6,28.1
1204,21.9,25,"Dubai",37.8,14.9,"High",0,"No",0,"No",2933,"Second",38.8,36.1,35.5
1205,31.5,39,"Dubai",33,20.9,"Lower",0,"No",0,"No",3219,"Third",30.6,35.3,35.4
1206,39.4,10,"Abu Dhabi",33,24.8,"Lower",0,"No",1,"Yes",2863,"First",31.9,32.8,31.3
1207,36.8,29,"Sharjah",36.1,40.2,"High",0,"No",0,"No",2965,"Third",35.5,36,34.3
1208,37.9,22,"Abu Dhabi",32.2,30.6,"Lower",0,"No",0,"No",2577,"Second",33.6,33.6,31.3
1209,26.8,35,"Sharjah",27.9,36,"Lower",0,"No",0,"No",4298,"Third",31.2,27.3,28.6
1210,24.2,12,"Abu Dhabi",30.9,31.9,"Lower",0,"No",0,"No",3622,"First",31.3,31.1,31.6
1211,29.2,11,"Dubai",29.5,23.8,"Lower",0,"No",0,"No",3557,"First",30.8,34.2,27.8
1212,34.2,22,"Abu Dhabi",32.2,26,"Lower",0,"No",0,"No",2771,"Second",31.2,32.1,35.1
1213,25.7,28,"Abu Dhabi",26.7,23.8,"Lower",0,"No",0,"No",4221,"Third",26.2,28.1,27
1214,28.8,8,"Dubai",35.1,23.8,"High",0,"No",0,"No",3687,"First",35.7,36,35.5
1215,27.8,36,"Abu Dhabi",28.5,26.5,"Lower",0,"No",0,"No",3896,"Third",30.5,27.3,28.4
1216,19,15,"Sharjah",28.2,40.5,"Lower",0,"No",0,"No",3556,"Second",27.6,27.8,28
1217,22,18,"Sharjah",30.9,29.5,"Lower",0,"No",0,"No",3205,"Second",32.7,31.2,30.6
1218,42.8,18,"Dubai",34.2,32.7,"Lower",0,"No",0,"No",3198,"Second",32.8,36.2,32.9
1219,39.2,16,"Sharjah",27.4,32,"Lower",0,"No",0,"No",3421,"Second",26,27.6,29
1220,25.4,6,"Dubai",27.9,25.1,"Lower",0,"No",0,"No",2915,"First",29.2,26.6,27.8
1221,37.8,23,"Dubai",33.8,44.4,"Lower",0,"No",0,"No",3416,"Second",32.2,33.2,33.7
1222,26.4,26,"Dubai",34.7,23,"Lower",0,"No",0,"No",3417,"Second",34.9,33.4,35.9
1223,23.8,13,"Sharjah",26.6,37,"Lower",0,"No",0,"No",3123,"First",26,28,25.1
1224,23.6,34,"Sharjah",32.6,28.4,"Lower",0,"No",1,"Yes",3207,"Third",32.2,32,34
1225,44,4,"Sharjah",36.3,44.6,"High",0,"No",0,"No",2949,"First",36.8,37.6,38.9
1226,26.4,37,"Dubai",28.6,17.6,"Lower",0,"No",0,"No",3807,"Third",27.4,27.7,27.4
1227,28.8,24,"Dubai",35.3,25.6,"High",1,"Yes",0,"No",2751,"Second",35,36.7,34.5
1228,44.1,27,"Dubai",34.3,17.7,"Lower",0,"No",0,"No",3235,"Second",34.9,32,33.5
1229,28.3,15,"Sharjah",30.6,38.5,"Lower",0,"No",0,"No",3250,"Second",31.5,30.5,29.5
1230,29.5,29,"Sharjah",31.6,32.9,"Lower",0,"No",1,"Yes",3180,"Third",32.8,32.9,29.2
1231,19.8,12,"Abu Dhabi",32.8,38.4,"Lower",1,"Yes",0,"No",3321,"First",32.4,33.8,34
1232,42.1,25,"Dubai",27.1,24.1,"Lower",0,"No",0,"No",3370,"Second",28.1,27.4,25.6
1233,31.9,20,"Dubai",29.3,17.2,"Lower",0,"No",0,"No",2770,"Second",28,28.9,29.7
1234,33.9,38,"Abu Dhabi",33.4,46.1,"Lower",0,"No",0,"No",4149,"Third",33.1,33.8,35.9
1235,22.9,21,"Dubai",35.5,35.1,"High",0,"No",0,"No",3957,"Second",34.9,35.6,31.9
1236,24.7,7,"Sharjah",33.1,35.2,"Lower",0,"No",0,"No",3643,"First",34.7,30,32.4
1237,35.2,16,"Dubai",28.5,32.1,"Lower",1,"Yes",1,"Yes",3149,"Second",28.8,27.7,27.5
1238,38.8,20,"Abu Dhabi",26.3,36.5,"Lower",0,"No",0,"No",2629,"Second",26.2,25.8,24.7
1239,33.6,34,"Abu Dhabi",29.6,25.9,"Lower",0,"No",1,"Yes",3765,"Third",30.2,29.4,32.8
1240,18,9,"Dubai",31.5,24.2,"Lower",0,"No",0,"No",3979,"First",27.8,32.9,30.6
1241,39.7,37,"Dubai",35.6,18.7,"High",0,"No",0,"No",3085,"Third",35,34.7,37.9
1242,42.6,12,"Dubai",25.6,25.5,"Lower",0,"No",1,"Yes",2691,"First",25.6,25.5,25.9
1243,24.8,39,"Dubai",33.7,40.2,"Lower",0,"No",0,"No",3396,"Third",34.8,34.4,35.1
1244,23.8,31,"Sharjah",29.6,31.3,"Lower",0,"No",1,"Yes",3632,"Third",30.6,29.6,29.6
1245,19.3,13,"Dubai",31.8,17.8,"Lower",0,"No",1,"Yes",3364,"First",31.9,31.2,31.8
1246,21.8,16,"Dubai",27.9,27,"Lower",0,"No",0,"No",4107,"Second",28.2,27.8,28.7
1247,35.6,11,"Dubai",29.7,19.1,"Lower",0,"No",0,"No",3439,"First",27.9,28.6,29.8
1248,29.1,19,"Abu Dhabi",21.9,27.5,"Lower",0,"No",1,"Yes",3802,"Second",23.4,23.3,21.1
1249,36.1,23,"Dubai",27.1,35.1,"Lower",0,"No",0,"No",3672,"Second",23.6,27.7,26
1250,27.2,13,"Dubai",27.2,19.1,"Lower",0,"No",0,"No",3583,"First",28.2,26.4,24.4
1251,42.3,36,"Dubai",24.5,23.6,"Lower",0,"No",0,"No",3482,"Third",24.4,25.7,24.1
1252,30,15,"Dubai",32.4,25.4,"Lower",0,"No",0,"No",3194,"Second",34.6,34.7,34
1253,29.8,17,"Dubai",29.6,34.8,"Lower",0,"No",0,"No",3446,"Second",32.4,28.9,30.8
1254,42.4,33,"Dubai",33.3,26.2,"Lower",0,"No",0,"No",3634,"Third",32.3,32.1,32.5
1255,36.7,23,"Abu Dhabi",30.3,31.4,"Lower",0,"No",0,"No",2212,"Second",30.3,28.2,30.1
1256,22.7,16,"Sharjah",34.3,23.7,"Lower",0,"No",0,"No",3484,"Second",36.6,33.8,35
1257,36.3,27,"Dubai",28.6,10.9,"Lower",0,"No",0,"No",3789,"Second",28.5,26.2,29.4
1258,22,15,"Abu Dhabi",33.4,24.7,"Lower",0,"No",0,"No",3267,"Second",36.6,35.5,31.2
1259,26.6,20,"Abu Dhabi",26.7,40.1,"Lower",0,"No",0,"No",3191,"Second",25.3,24.7,24.4
1260,37.9,38,"Abu Dhabi",34.2,21.1,"Lower",0,"No",0,"No",3203,"Third",34.4,35.3,33.9
1261,19.6,4,"Abu Dhabi",33,45.7,"Lower",0,"No",0,"No",2764,"First",34.5,32.9,36.3
1262,44.5,33,"Dubai",30.3,20.7,"Lower",0,"No",0,"No",4193,"Third",29.1,32.9,29.6
1263,24.6,40,"Dubai",32.9,35.6,"Lower",0,"No",0,"No",3601,"Third",32,32.4,35.9
1264,19.6,6,"Abu Dhabi",33.2,23.4,"Lower",0,"No",0,"No",2792,"First",32.9,32.6,33.8
1265,33.1,8,"Abu Dhabi",29.7,38,"Lower",0,"No",0,"No",3656,"First",30.9,32.1,28.5
1266,34.6,11,"Sharjah",29.5,33.7,"Lower",0,"No",0,"No",4446,"First",25.8,32.2,29.2
1267,33,33,"Abu Dhabi",32.4,46.2,"Lower",0,"No",0,"No",3296,"Third",32.9,32.2,30.7
1268,44.9,36,"Dubai",34.2,36.3,"Lower",0,"No",0,"No",2302,"Third",32.7,35.8,35.9
1269,20.3,22,"Abu Dhabi",33.4,36.4,"Lower",0,"No",0,"No",3463,"Second",32.3,33.1,33.7
1270,26.2,5,"Abu Dhabi",29.8,21.5,"Lower",0,"No",0,"No",3535,"First",28.6,30.3,29.5
1271,30.5,30,"Abu Dhabi",29.4,34.7,"Lower",0,"No",0,"No",2635,"Third",28.6,29.9,28.2
1272,37.7,25,"Abu Dhabi",28.8,25.3,"Lower",0,"No",0,"No",3898,"Second",28.1,29.1,30.4
1273,21.6,11,"Sharjah",36.1,30.4,"High",0,"No",0,"No",3233,"First",35.8,36.3,36
1274,30,35,"Abu Dhabi",31.1,25.9,"Lower",0,"No",0,"No",2765,"Third",32.7,28.8,30.7
1275,38.8,4,"Abu Dhabi",29.3,29.1,"Lower",0,"No",0,"No",2086,"First",29.7,30.2,30.4
1276,38.7,29,"Dubai",34.1,30.4,"Lower",0,"No",0,"No",3553,"Third",36.2,36.1,34.1
1277,32.3,26,"Dubai",33.7,11.9,"Lower",0,"No",0,"No",3393,"Second",35.2,33.3,34.3
1278,22.7,30,"Abu Dhabi",31.3,29.6,"Lower",0,"No",0,"No",4028,"Third",29.1,33,29.6
1279,26.3,26,"Sharjah",32.8,34.2,"Lower",0,"No",0,"No",3473,"Second",31.2,32.4,34.8
1280,26.3,18,"Sharjah",26.5,33.6,"Lower",0,"No",0,"No",1923,"Second",25.6,28.7,25.1
1281,37.7,31,"Abu Dhabi",27.5,30.7,"Lower",0,"No",1,"Yes",3518,"Third",27,27.5,25.7
1282,33.1,39,"Sharjah",35.8,18.5,"High",0,"No",0,"No",3110,"Third",36.1,31.9,35.4
1283,23.2,8,"Abu Dhabi",28.3,37.7,"Lower",0,"No",0,"No",3156,"First",27.9,27.4,27.4
1284,26.2,35,"Sharjah",29,36.4,"Lower",0,"No",0,"No",3301,"Third",28,29.2,29.4
1285,41.7,13,"Abu Dhabi",33.1,40.6,"Lower",0,"No",0,"No",3393,"First",32.9,32,35.2
1286,35.6,4,"Abu Dhabi",33.8,17.6,"Lower",0,"No",0,"No",3846,"First",31.8,33.4,36.7
1287,24,33,"Abu Dhabi",38.3,23.7,"High",1,"Yes",0,"No",2709,"Third",40.1,39.3,38.4
1288,33.6,25,"Abu Dhabi",34.4,10.7,"Lower",0,"No",0,"No",3535,"Second",31.3,33.9,34.9
1289,19,25,"Sharjah",26.1,16.2,"Lower",0,"No",1,"Yes",3715,"Second",23.7,25.4,23.6
1290,39.2,11,"Sharjah",34,26,"Lower",0,"No",0,"No",3447,"First",35.4,33.8,35.5
1291,22.8,30,"Dubai",32.2,19.5,"Lower",0,"No",0,"No",3246,"Third",31.8,30.1,29.2
1292,40.8,12,"Abu Dhabi",35,29.8,"High",0,"No",1,"Yes",3785,"First",35.5,37,37.6
1293,27.7,6,"Abu Dhabi",32.9,38.8,"Lower",0,"No",0,"No",3329,"First",30.7,31.9,32.5
1294,29.7,12,"Dubai",29.3,25.1,"Lower",0,"No",0,"No",3552,"First",28,30.8,28.2
1295,29.6,37,"Abu Dhabi",26.4,45.4,"Lower",0,"No",1,"Yes",3343,"Third",24.2,27.2,27.4
1296,44,5,"Dubai",33.7,40.2,"Lower",0,"No",0,"No",3396,"First",32,33.7,33.7
1297,23.7,31,"Dubai",33.8,25.9,"Lower",0,"No",0,"No",3017,"Third",31.6,34.6,33.5
1298,29.2,10,"Dubai",30.3,25.3,"Lower",0,"No",0,"No",4136,"First",30,31.5,32.5
1299,27.4,36,"Dubai",28.6,31.3,"Lower",0,"No",0,"No",3170,"Third",29.2,31.3,29.9
1300,27.8,31,"Dubai",30.4,32.2,"Lower",1,"Yes",0,"No",3313,"Third",30.8,33.6,29.1
1301,34.4,36,"Sharjah",36.2,25.7,"High",0,"No",0,"No",2944,"Third",37.9,34.3,34.8
1302,19.6,7,"Dubai",31,22.1,"Lower",0,"No",1,"Yes",3152,"First",27.6,34.4,27.9
1303,34.2,34,"Abu Dhabi",30.9,28.9,"Lower",0,"No",0,"No",2512,"Third",30.7,31.1,32.6
1304,35.5,28,"Sharjah",32.6,39.8,"Lower",0,"No",0,"No",2259,"Third",32.5,31.9,32.3
1305,32.7,32,"Abu Dhabi",29.4,40.7,"Lower",0,"No",0,"No",2665,"Third",29.5,27.9,30.2
1306,38.7,20,"Sharjah",30.3,36.6,"Lower",0,"No",0,"No",2693,"Second",31.5,31.1,31.8
1307,22.9,17,"Abu Dhabi",31.7,32.6,"Lower",0,"No",0,"No",3460,"Second",29.7,34.7,31.6
1308,21,4,"Sharjah",31.6,49,"Lower",0,"No",0,"No",2790,"First",34.3,34.2,32.5
1309,33.8,14,"Dubai",31.6,30.5,"Lower",0,"No",0,"No",2322,"Second",29.9,31.2,33.6
1310,42.1,17,"Dubai",32.5,33.6,"Lower",0,"No",0,"No",3010,"Second",29.5,33.4,31.6
1311,42.8,26,"Dubai",31.7,29.6,"Lower",0,"No",0,"No",2893,"Second",32.6,30.4,29.8
1312,33.9,22,"Dubai",29.6,27.5,"Lower",0,"No",1,"Yes",2835,"Second",29.4,30.1,29.3
1313,23.7,32,"Dubai",28.9,39.9,"Lower",0,"No",0,"No",3341,"Third",28.3,26.6,30.4
1314,20.6,21,"Dubai",35.8,41.7,"High",0,"No",0,"No",3363,"Second",36,37.2,35.7
1315,44.3,37,"Sharjah",30.8,32,"Lower",0,"No",0,"No",2841,"Third",34.4,28.6,30.4
1316,19.4,32,"Dubai",34.1,20.1,"Lower",0,"No",0,"No",3230,"Third",34.7,31.6,35.6
1317,39.8,7,"Abu Dhabi",30.7,25.4,"Lower",0,"No",0,"No",2648,"First",31,29.3,31.4
1318,42.1,16,"Dubai",29.9,21.5,"Lower",0,"No",0,"No",3167,"Second",31.1,28.5,31.3
1319,20.8,18,"Dubai",35.5,33.3,"High",0,"No",0,"No",3176,"Second",36.8,37.1,35.5
1320,36.7,13,"Sharjah",32.7,46.3,"Lower",0,"No",0,"No",3140,"First",30.9,31.4,32.8
1321,22.6,11,"Dubai",28.5,29.9,"Lower",0,"No",1,"Yes",3569,"First",26.7,29.2,27.8
1322,33.4,11,"Dubai",32.4,36.8,"Lower",0,"No",0,"No",3157,"First",33.5,28.9,31.6
1323,28.3,7,"Abu Dhabi",33.2,28.1,"Lower",0,"No",0,"No",2751,"First",34.9,33,33
1324,24.2,27,"Dubai",30.9,25.7,"Lower",0,"No",0,"No",2606,"Second",27.2,29.6,32.8
1325,31.5,17,"Dubai",34.7,30.4,"Lower",0,"No",0,"No",3524,"Second",38.4,36.6,38
1326,39.4,40,"Dubai",29.7,17.8,"Lower",0,"No",0,"No",2866,"Third",28.8,29.9,28.6
1327,22.9,10,"Dubai",33.4,31.3,"Lower",0,"No",0,"No",3046,"First",32.3,33.2,32.6
1328,23.5,14,"Dubai",27,22.3,"Lower",1,"Yes",0,"No",2909,"Second",27.9,25.2,26.7
1329,25,36,"Sharjah",32.5,39,"Lower",0,"No",0,"No",3152,"Third",35.1,33.1,34.1
1330,38.7,22,"Dubai",31.1,30.4,"Lower",0,"No",0,"No",3262,"Second",30.7,33.2,32.4
1331,35.5,33,"Dubai",34.9,34.2,"Lower",0,"No",0,"No",3183,"Third",34,37.9,35.8
1332,22.6,29,"Dubai",33.3,36.5,"Lower",0,"No",0,"No",3715,"Third",33.4,33.3,33.5
1333,34.5,12,"Sharjah",27.4,25.2,"Lower",0,"No",0,"No",4309,"First",28.7,24.9,26.2
1334,31.1,16,"Abu Dhabi",26.4,47,"Lower",0,"No",0,"No",3388,"Second",27.3,25.8,26.6
1335,24.1,7,"Dubai",35.5,41.2,"High",0,"No",0,"No",3824,"First",36.1,33.6,33.7
1336,33.7,8,"Abu Dhabi",29,32.4,"Lower",1,"Yes",0,"No",3036,"First",29.1,27,26.6
1337,26.6,14,"Abu Dhabi",29.3,32,"Lower",0,"No",0,"No",3130,"Second",31.3,30.1,25.7
1338,36,26,"Dubai",35.7,29.2,"High",0,"No",0,"No",2683,"Second",37.6,37.5,36.1
1339,22.9,14,"Sharjah",33.5,28.3,"Lower",0,"No",1,"Yes",3375,"Second",33.8,34.9,31.9
1340,41.1,24,"Abu Dhabi",32.6,40.5,"Lower",0,"No",0,"No",3237,"Second",32.5,31.9,33.5
1341,18.1,15,"Abu Dhabi",35.3,38.1,"High",0,"No",0,"No",2890,"Second",35.4,34.9,34.8
1342,23.1,36,"Dubai",34,35.4,"Lower",1,"Yes",1,"Yes",3532,"Third",37.7,34.1,36.9
1343,25.5,25,"Sharjah",34.2,37.9,"Lower",0,"No",0,"No",2939,"Second",32.5,37.1,31.4
1344,30,32,"Abu Dhabi",36,15.5,"High",1,"Yes",0,"No",2701,"Third",36.6,36.6,38
1345,25.1,16,"Dubai",34.4,28.9,"Lower",0,"No",0,"No",3563,"Second",35.6,32.5,32.3
1346,39.1,17,"Dubai",31.3,50.4,"Lower",0,"No",0,"No",3328,"Second",30.8,31.9,29.8
1347,30.4,27,"Abu Dhabi",30.6,22,"Lower",1,"Yes",0,"No",2781,"Second",28.3,29.2,31
1348,24.7,22,"Dubai",31,31.9,"Lower",0,"No",0,"No",3310,"Second",30.8,32.6,30.4
1349,22.4,20,"Sharjah",35,23.6,"High",0,"No",0,"No",4165,"Second",36.5,32.6,35.3
1350,28.3,20,"Dubai",39.4,28.2,"High",0,"No",1,"Yes",3002,"Second",36,41.2,39.8
1351,36.4,17,"Sharjah",29,28.9,"Lower",0,"No",0,"No",3550,"Second",28.3,30.1,28.2
1352,32.1,35,"Sharjah",31.5,19.8,"Lower",0,"No",0,"No",3366,"Third",33,29.7,31.3
1353,20.1,34,"Dubai",32.1,37.6,"Lower",0,"No",0,"No",2841,"Third",33.1,31.8,33.7
1354,41.6,36,"Abu Dhabi",33.5,29.5,"Lower",0,"No",0,"No",2735,"Third",34,34.7,33.1
1355,43.6,7,"Dubai",27.3,33.8,"Lower",0,"No",0,"No",3655,"First",23.2,28,28.2
1356,22.9,9,"Abu Dhabi",32.7,33.7,"Lower",0,"No",0,"No",3197,"First",30.5,35.1,30.1
1357,21.5,16,"Abu Dhabi",32.1,22.7,"Lower",0,"No",0,"No",3517,"Second",33.1,35.6,31.9
1358,26.3,19,"Abu Dhabi",28,29.6,"Lower",0,"No",0,"No",4082,"Second",28.6,28.3,27.2
1359,36.1,6,"Sharjah",32,26.4,"Lower",0,"No",0,"No",2612,"First",31.3,33.8,31.6
1360,21.1,37,"Dubai",35.4,32.5,"High",0,"No",0,"No",2998,"Third",34.1,32.7,36
1361,44.2,27,"Abu Dhabi",32.8,40.8,"Lower",0,"No",0,"No",3179,"Second",32.9,30.6,32.3
1362,32.5,40,"Abu Dhabi",32.7,35.6,"Lower",0,"No",0,"No",4199,"Third",32.4,31,33
1363,24.5,17,"Abu Dhabi",30,19.5,"Lower",0,"No",0,"No",3117,"Second",31.4,30.9,30.6
1364,38.4,22,"Abu Dhabi",25.8,29.6,"Lower",0,"No",0,"No",3509,"Second",25.8,26.9,23.8
1365,27.6,31,"Dubai",30.1,14.8,"Lower",0,"No",0,"No",3624,"Third",31.5,30.5,31.1
1366,21.9,39,"Dubai",31.7,22.9,"Lower",0,"No",0,"No",3515,"Third",28.8,32.3,28.5
1367,24.7,35,"Dubai",24,40.1,"Lower",0,"No",0,"No",3435,"Third",23.2,24.8,22.1
1368,24.8,8,"Dubai",32.3,19.5,"Lower",0,"No",1,"Yes",3604,"First",32.1,32.6,32.3
1369,32.6,19,"Sharjah",34.4,37.7,"Lower",0,"No",0,"No",2769,"Second",33.1,37.2,34.3
1370,40.3,7,"Dubai",33.5,40,"Lower",0,"No",0,"No",4077,"First",33.5,33,33.3
1371,37.2,12,"Dubai",29.8,36.6,"Lower",0,"No",0,"No",3759,"First",28.8,29.5,29.8
1372,43.8,31,"Abu Dhabi",38.3,32.6,"High",1,"Yes",0,"No",2704,"Third",37.6,36.8,40.6
1373,19.7,13,"Abu Dhabi",34.4,43.2,"Lower",0,"No",1,"Yes",3342,"First",34.6,34.6,34.4
1374,32.2,36,"Abu Dhabi",34.9,33.4,"Lower",0,"No",0,"No",2991,"Third",32.2,37.3,33
1375,22.1,20,"Dubai",30.5,26.8,"Lower",0,"No",0,"No",3222,"Second",31.1,31.1,29.3
1376,25.3,19,"Sharjah",32.5,26.8,"Lower",0,"No",0,"No",2971,"Second",35.5,32.8,33.3
1377,20.2,16,"Abu Dhabi",38.6,34.9,"High",0,"No",0,"No",2304,"Second",38.3,38.1,38.1
1378,39.1,28,"Abu Dhabi",30.5,35.3,"Lower",0,"No",1,"Yes",3537,"Third",27.6,28.1,32.1
1379,36,35,"Sharjah",29.4,34,"Lower",0,"No",0,"No",3785,"Third",30.1,29.9,29.4
1380,26.9,16,"Dubai",34.3,34.1,"Lower",0,"No",0,"No",2842,"Second",33.3,35.4,37.2
1381,35.4,10,"Abu Dhabi",28.7,34.7,"Lower",0,"No",0,"No",2777,"First",28,27.6,26.7
1382,23,37,"Dubai",30.5,33.3,"Lower",0,"No",0,"No",2986,"Third",29.7,29.3,27.8
1383,24.5,25,"Abu Dhabi",30,33.8,"Lower",0,"No",0,"No",3032,"Second",33.5,28.9,29.5
1384,43.1,17,"Abu Dhabi",31.5,26.8,"Lower",0,"No",0,"No",3201,"Second",33,33.2,32.9
1385,22.2,7,"Abu Dhabi",29.8,31.9,"Lower",0,"No",0,"No",2229,"First",29.6,26.8,29.7
1386,18.7,16,"Abu Dhabi",28.5,36.4,"Lower",0,"No",0,"No",2594,"Second",25.8,27.4,30.1
1387,19.4,39,"Dubai",32.7,23.1,"Lower",0,"No",0,"No",3356,"Third",31.1,32.4,31.1
1388,34.1,15,"Dubai",31,33.8,"Lower",0,"No",0,"No",3039,"Second",32.8,31.2,27.8
1389,38.3,21,"Abu Dhabi",28.8,36.6,"Lower",0,"No",0,"No",3840,"Second",31.1,27.3,30.1
1390,32.9,19,"Dubai",30.6,36.4,"Lower",0,"No",0,"No",2330,"Second",32.2,31.8,28.3
1391,24.1,38,"Abu Dhabi",32.9,29.8,"Lower",0,"No",1,"Yes",2764,"Third",32.9,31.6,31.2
1392,38.7,39,"Sharjah",30.6,28.3,"Lower",0,"No",0,"No",3775,"Third",29.7,31.9,30.9
1393,38.6,21,"Dubai",30.7,30.1,"Lower",1,"Yes",0,"No",3311,"Second",30.6,30.2,33.4
1394,26.9,30,"Dubai",32.7,34.8,"Lower",1,"Yes",0,"No",3889,"Third",31.5,33.4,32.2
1395,44.4,14,"Abu Dhabi",30.8,25.9,"Lower",0,"No",0,"No",2568,"Second",31,31.9,30.5
1396,43.5,33,"Abu Dhabi",28.5,28.5,"Lower",0,"No",0,"No",3318,"Third",29.7,30.6,28.9
1397,42.6,17,"Dubai",29.1,24.8,"Lower",0,"No",0,"No",3020,"Second",30.5,29.2,28.8
1398,44.7,14,"Dubai",28.1,36.6,"Lower",0,"No",0,"No",4101,"Second",28,28.6,29.6
1399,23.5,29,"Abu Dhabi",33.6,13.7,"Lower",0,"No",0,"No",2700,"Third",34.7,34.7,33.4
1400,31.3,25,"Abu Dhabi",35.7,32.1,"High",0,"No",1,"Yes",2761,"Second",36.1,34.6,34.1
1401,41.6,33,"Sharjah",29.6,40.7,"Lower",0,"No",0,"No",3426,"Third",28.5,30.7,29.4
1402,42,5,"Dubai",34.6,33.8,"Lower",0,"No",0,"No",3603,"First",36.9,32.3,31.8
1403,24.8,22,"Abu Dhabi",32.8,21.3,"Lower",0,"No",0,"No",3225,"Second",33.3,32.1,35.1
1404,28.5,27,"Sharjah",34.6,38,"Lower",0,"No",0,"No",3279,"Second",37.9,36.1,34.1
1405,34.6,11,"Abu Dhabi",26.3,26.5,"Lower",0,"No",0,"No",3041,"First",22.9,25.6,25.3
1406,27.7,8,"Dubai",28.4,43.5,"Lower",0,"No",0,"No",3325,"First",29.4,29.7,26.5
1407,33.3,30,"Dubai",37.7,19.9,"High",0,"No",1,"Yes",2389,"Third",38.4,36.1,39.2
1408,24.8,24,"Dubai",29.8,23.8,"Lower",0,"No",0,"No",2984,"Second",31.6,33.1,29.4
1409,37.1,28,"Abu Dhabi",28.8,28.9,"Lower",0,"No",0,"No",3110,"Third",25.3,28.9,29
1410,24.6,5,"Sharjah",36.9,24.1,"High",0,"No",0,"No",2920,"First",39.5,37.7,35
1411,31.6,8,"Dubai",26.9,38.9,"Lower",0,"No",0,"No",3003,"First",24.7,26.9,25.3
1412,40.2,37,"Dubai",28.1,37.5,"Lower",0,"No",0,"No",3135,"Third",29.4,26.1,27.8
1413,34.6,40,"Abu Dhabi",27.4,37.4,"Lower",0,"No",0,"No",3000,"Third",25.2,28.2,29.3
1414,35.7,16,"Abu Dhabi",28.4,24.4,"Lower",0,"No",0,"No",3302,"Second",29.8,28.1,26.4
1415,37.9,9,"Dubai",34.6,25.6,"Lower",0,"No",0,"No",3376,"First",34,34.1,37.6
1416,33.9,31,"Dubai",32.3,41.6,"Lower",0,"No",0,"No",2382,"Third",33.4,33.4,32.7
1417,18.5,21,"Dubai",33.9,34.2,"Lower",0,"No",0,"No",3423,"Second",32.9,35,34.6
1418,38.6,39,"Dubai",29.7,17.9,"Lower",0,"No",0,"No",4136,"Third",28.4,29.5,31.8
1419,28.6,38,"Sharjah",30.7,23.1,"Lower",0,"No",0,"No",4529,"Third",28,29.4,29.8
1420,19.6,6,"Abu Dhabi",34.2,18.6,"Lower",0,"No",0,"No",2897,"First",35.4,35.2,33
1421,35.5,27,"Dubai",33.9,25,"Lower",0,"No",0,"No",2084,"Second",34.9,35,34.4
1422,22.3,39,"Abu Dhabi",32.5,27.6,"Lower",1,"Yes",1,"Yes",3501,"Third",37.3,32.8,31.2
1423,33.7,12,"Dubai",26.4,34,"Lower",0,"No",0,"No",3250,"First",28.3,26,27.2
1424,26,18,"Dubai",33.7,39.3,"Lower",0,"No",0,"No",2985,"Second",34.1,35.8,35.5
1425,32.9,28,"Abu Dhabi",30.1,36.2,"Lower",0,"No",0,"No",3256,"Third",28.8,29.6,28.7
1426,26.2,4,"Abu Dhabi",30.9,30.9,"Lower",0,"No",0,"No",3779,"First",29.8,27.6,36.3
1427,43.9,8,"Dubai",29.8,25.3,"Lower",0,"No",0,"No",3251,"First",32.6,30.6,30.6
1428,38.4,31,"Dubai",34,31.5,"Lower",0,"No",0,"No",2055,"Third",33.2,33,34.2
1429,30.1,24,"Dubai",31.2,28.8,"Lower",0,"No",0,"No",3516,"Second",31,33.1,29.7
1430,42.6,12,"Abu Dhabi",33.2,36.4,"Lower",1,"Yes",0,"No",2897,"First",33.6,33.9,31.8
1431,32.5,22,"Dubai",34.6,39.9,"Lower",1,"Yes",0,"No",3336,"Second",33.9,34.1,30.9
1432,37.3,40,"Abu Dhabi",32.2,40.7,"Lower",0,"No",0,"No",3124,"Third",33.3,31.7,31.5
1433,30.2,29,"Abu Dhabi",33.5,24.3,"Lower",0,"No",0,"No",3309,"Third",33,33.3,33.5
1434,33.7,26,"Dubai",28.4,16.5,"Lower",0,"No",0,"No",3683,"Second",28.3,28,29.4
1435,44.7,21,"Dubai",31,23.5,"Lower",0,"No",0,"No",3583,"Second",31.6,32.1,30
1436,34.5,6,"Abu Dhabi",30.7,35.2,"Lower",0,"No",0,"No",2825,"First",31.8,32.1,30.2
1437,25.2,30,"Dubai",32.9,21.6,"Lower",0,"No",0,"No",3578,"Third",31.9,33.8,33.9
1438,24.6,9,"Sharjah",31.3,36.3,"Lower",0,"No",0,"No",2992,"First",30.5,30.6,32.6
1439,41.3,30,"Sharjah",31.8,33,"Lower",0,"No",0,"No",3341,"Third",32,32.9,32.5
1440,40.7,7,"Abu Dhabi",34.3,23.3,"Lower",0,"No",0,"No",3697,"First",35,32.3,30.5
1441,41.6,17,"Abu Dhabi",32.1,33.6,"Lower",0,"No",0,"No",2648,"Second",30.4,33.6,31.4
1442,42.3,33,"Sharjah",36.5,34.5,"High",0,"No",1,"Yes",2473,"Third",34,34.7,38.1
1443,24.2,27,"Abu Dhabi",30,46.7,"Lower",0,"No",0,"No",3635,"Second",31.5,31.2,28.5
1444,24.6,30,"Abu Dhabi",34.9,40.7,"Lower",0,"No",0,"No",2867,"Third",34.5,35.4,36.8
1445,42.1,12,"Dubai",27.7,33.4,"Lower",0,"No",1,"Yes",3746,"First",26.9,26.2,30.2
1446,36,36,"Sharjah",32.9,21,"Lower",0,"No",0,"No",2662,"Third",34.1,33,31.4
1447,37.5,37,"Abu Dhabi",36.2,25.4,"High",0,"No",0,"No",3689,"Third",38.8,35.1,37.5
1448,28.6,10,"Abu Dhabi",32.3,30.5,"Lower",0,"No",0,"No",4170,"First",34.3,32.4,31.1
1449,40.8,17,"Abu Dhabi",29.7,38.9,"Lower",0,"No",0,"No",3942,"Second",29,27.8,28.3
1450,20.2,5,"Dubai",35.7,29.5,"High",0,"No",0,"No",3431,"First",37.3,36,34.3
1451,19.1,22,"Sharjah",30.2,33.5,"Lower",0,"No",0,"No",2868,"Second",29,29.9,27.7
1452,26.6,40,"Abu Dhabi",30.5,33,"Lower",1,"Yes",0,"No",3073,"Third",30.3,30.2,33.3
1453,23.9,14,"Dubai",32.4,28,"Lower",0,"No",1,"Yes",2726,"Second",34.2,31.9,31.4
1454,42.1,16,"Sharjah",33.3,29.7,"Lower",0,"No",1,"Yes",3352,"Second",34.6,32.7,33.1
1455,27.4,35,"Abu Dhabi",37.3,33.2,"High",0,"No",0,"No",2833,"Third",34.7,35.2,33.1
1456,18.2,33,"Dubai",29.8,42,"Lower",0,"No",0,"No",3538,"Third",28.8,31.1,26.5
1457,33.5,6,"Abu Dhabi",28.9,33.2,"Lower",0,"No",0,"No",3844,"First",29.6,28.7,27.6
1458,34.1,31,"Abu Dhabi",34.1,22.3,"Lower",0,"No",0,"No",3252,"Third",32,33.6,34.9
1459,30.8,26,"Dubai",36.7,39,"High",0,"No",0,"No",3375,"Second",37,35,38.3
1460,44.5,33,"Abu Dhabi",28.6,21.9,"Lower",0,"No",0,"No",2077,"Third",29.7,27.1,29.1
1461,29.9,15,"Dubai",36.3,27.5,"High",0,"No",0,"No",2687,"Second",37.9,38.1,36.9
1462,24.3,30,"Dubai",30.3,21.4,"Lower",0,"No",0,"No",3639,"Third",29.2,32.2,30
1463,37.6,7,"Dubai",31.3,25.9,"Lower",0,"No",0,"No",3364,"First",33.2,29.3,31
1464,25.9,11,"Sharjah",35.3,23.8,"High",0,"No",1,"Yes",3060,"First",36.2,33.6,33.7
1465,40.1,7,"Dubai",37.4,42.6,"High",0,"No",0,"No",3065,"First",38.6,36.2,35.6
1466,19.5,18,"Sharjah",32.5,33.6,"Lower",0,"No",0,"No",2911,"Second",35.2,32.5,30
1467,43.7,5,"Sharjah",26.5,24.6,"Lower",1,"Yes",0,"No",2955,"First",26.3,26.4,28.8
1468,21.9,37,"Dubai",33.9,30,"Lower",0,"No",0,"No",3037,"Third",32.4,34.6,32.8
1469,37.6,32,"Abu Dhabi",31,23.1,"Lower",0,"No",0,"No",3635,"Third",32.2,29.2,30.4
1470,41.5,7,"Dubai",28,13.6,"Lower",0,"No",0,"No",3893,"First",29.8,27.7,26.9
1471,21.3,23,"Abu Dhabi",35.1,33,"High",0,"No",0,"No",3127,"Second",34.9,35.2,35
1472,30.1,12,"Dubai",30.4,27.1,"Lower",0,"No",0,"No",2773,"First",28.6,31.6,30.1
1473,20.3,26,"Abu Dhabi",37.6,32,"High",0,"No",0,"No",2394,"Second",38.3,36.3,39.6
1474,28,32,"Dubai",25.8,34.9,"Lower",0,"No",0,"No",3111,"Third",26.4,24,23.9
1475,42.5,14,"Abu Dhabi",37.4,23,"High",0,"No",1,"Yes",3256,"Second",38,39.3,37.9
1476,31,40,"Dubai",32.3,27.5,"Lower",0,"No",0,"No",2999,"Third",29.4,28,34.6
1477,27.4,25,"Abu Dhabi",34.4,13.6,"Lower",0,"No",1,"Yes",4402,"Second",35,34.3,35.1
1478,23.8,34,"Dubai",31.8,37,"Lower",0,"No",0,"No",3165,"Third",33.2,31.1,31
1479,35.2,33,"Abu Dhabi",30.3,17.1,"Lower",0,"No",0,"No",2784,"Third",29.1,27.8,29.6
1480,20.1,12,"Dubai",37.5,30.2,"High",0,"No",1,"Yes",2994,"First",38.6,36.4,37.7
1481,35.7,38,"Abu Dhabi",24.6,33.3,"Lower",0,"No",0,"No",3389,"Third",25.1,26.5,25.7
1482,28.3,18,"Dubai",28.7,21.7,"Lower",0,"No",1,"Yes",3676,"Second",28.1,27.9,30.3
1483,38.2,39,"Dubai",29.2,18.1,"Lower",0,"No",0,"No",2350,"Third",30.3,29.1,28.9
1484,33.8,21,"Dubai",31.5,27.3,"Lower",0,"No",0,"No",3407,"Second",29.7,33.5,31.9
1485,27.1,19,"Sharjah",34.3,36.7,"Lower",0,"No",0,"No",2874,"Second",34.5,34.4,35
1486,36.1,11,"Abu Dhabi",34.5,35.6,"Lower",0,"No",0,"No",3132,"First",33.1,36.1,35.6
1487,28,39,"Abu Dhabi",28.9,34.4,"Lower",0,"No",0,"No",2978,"Third",30.6,28.9,27.3
1488,43.8,19,"Abu Dhabi",32.6,36.1,"Lower",0,"No",0,"No",3479,"Second",32.6,30.2,32.7
1489,36.1,6,"Dubai",34.6,38.8,"Lower",0,"No",0,"No",2388,"First",36.2,35.7,34.5
1490,20.8,8,"Abu Dhabi",34.4,34.4,"Lower",0,"No",1,"Yes",2709,"First",33.9,34.9,32.1
1491,23.8,12,"Abu Dhabi",33.8,16.1,"Lower",0,"No",0,"No",4055,"First",33.6,33.1,35.7
1492,29.2,5,"Abu Dhabi",29.1,34.8,"Lower",0,"No",1,"Yes",3918,"First",29.3,30.5,29.3
1493,29.1,27,"Abu Dhabi",25.8,38.7,"Lower",0,"No",0,"No",2985,"Second",24.7,25.2,26.4
1494,24.4,29,"Dubai",34.3,37.6,"Lower",0,"No",0,"No",3494,"Third",35.5,33.2,34.8
1495,25.6,21,"Abu Dhabi",29.5,27,"Lower",0,"No",0,"No",3003,"Second",29.6,30.3,28.5
1496,41.4,21,"Dubai",36.1,45.6,"High",0,"No",0,"No",2938,"Second",32.7,37.6,36.4
1497,21.7,19,"Sharjah",37.4,25.9,"High",0,"No",0,"No",2475,"Second",36.5,36.3,39.5
1498,35,30,"Abu Dhabi",32.3,32,"Lower",0,"No",0,"No",3464,"Third",30.9,31.4,33.7
1499,33.2,36,"Dubai",32.4,43.9,"Lower",0,"No",0,"No",2620,"Third",33.6,34.1,31.8
1500,44.8,30,"Sharjah",28.5,29,"Lower",0,"No",0,"No",3194,"Third",30.9,29.1,27.4
1501,36.2,36,"Sharjah",36,34.4,"High",0,"No",0,"No",2851,"Third",36.5,34.7,37
1502,31.9,40,"Dubai",31.6,21.4,"Lower",0,"No",0,"No",3338,"Third",32.8,32.6,29.4
1503,32.6,19,"Abu Dhabi",31.7,44.9,"Lower",0,"No",0,"No",2799,"Second",29.9,32,32.7
1504,19.8,26,"Dubai",35,28.6,"High",0,"No",0,"No",3556,"Second",34.6,35.8,34.2
1505,35,39,"Abu Dhabi",33.7,19.6,"Lower",0,"No",0,"No",4131,"Third",34.8,35.8,35.1
1506,24.7,6,"Abu Dhabi",32.9,40.8,"Lower",1,"Yes",0,"No",2960,"First",35.4,31.3,30.4
1507,30.5,18,"Sharjah",34.4,32.9,"Lower",0,"No",0,"No",2781,"Second",35,37.1,35.3
1508,21.7,9,"Abu Dhabi",35.3,27.2,"High",0,"No",0,"No",3141,"First",35.8,35.3,34.1
1509,29.6,14,"Sharjah",33.9,34.7,"Lower",0,"No",0,"No",3373,"Second",34.2,35.5,33.7
1510,32.4,17,"Abu Dhabi",30.2,33.8,"Lower",0,"No",0,"No",3226,"Second",30.1,30.9,28.1
1511,19.6,13,"Dubai",33.3,21.7,"Lower",0,"No",1,"Yes",2815,"First",32.4,36.3,34
1512,44.7,34,"Sharjah",27.8,29.3,"Lower",0,"No",1,"Yes",4362,"Third",29.1,27.4,26.4
1513,42,23,"Dubai",29.7,21.5,"Lower",0,"No",0,"No",3260,"Second",29.2,31.7,30.2
1514,21.3,22,"Dubai",33.8,38.3,"Lower",0,"No",0,"No",2979,"Second",33.5,33.9,36.8
1515,43,29,"Dubai",31.8,35.1,"Lower",0,"No",0,"No",2444,"Third",32.8,30.5,30.9
1516,23.1,24,"Sharjah",35.7,23.3,"High",0,"No",0,"No",2922,"Second",36.1,37.2,38.7
1517,39.8,20,"Dubai",26.5,29.5,"Lower",0,"No",0,"No",2622,"Second",24.7,27.9,27.4
1518,34.2,15,"Dubai",27.3,29.9,"Lower",0,"No",0,"No",3773,"Second",26.8,28.5,28.3
1519,37.5,31,"Sharjah",31.6,28.4,"Lower",0,"No",1,"Yes",4067,"Third",31,30.9,32.7
1520,29.3,8,"Sharjah",28.4,35.3,"Lower",0,"No",0,"No",2890,"First",26.8,27.5,28.4
1521,32.4,14,"Abu Dhabi",24.6,22.8,"Lower",0,"No",0,"No",3817,"Second",24.4,24.8,24.4
1522,23.5,26,"Abu Dhabi",35.7,28.2,"High",1,"Yes",0,"No",2943,"Second",35.6,34.8,37.3
1523,27.3,26,"Sharjah",29.2,13.9,"Lower",0,"No",0,"No",3495,"Second",28.7,28.5,31
1524,33.7,23,"Abu Dhabi",34.2,29.1,"Lower",0,"No",0,"No",2434,"Second",33.4,35.2,31.5
1525,33.6,18,"Dubai",33.4,30.8,"Lower",0,"No",0,"No",3151,"Second",34,32.8,33.8
1526,38.3,29,"Dubai",37.1,23.8,"High",0,"No",0,"No",2359,"Third",39,37.1,37.9
1527,25.8,26,"Sharjah",33.5,20.6,"Lower",0,"No",0,"No",2677,"Second",36.3,34.2,35.9
1528,44.8,33,"Dubai",31.5,32.3,"Lower",1,"Yes",0,"No",1623,"Third",32.1,30.5,31.9
1529,38.5,31,"Abu Dhabi",31,37.1,"Lower",0,"No",0,"No",3690,"Third",29.4,30.3,32.8
1530,36.2,9,"Abu Dhabi",26.6,37.2,"Lower",0,"No",0,"No",3788,"First",28.2,28,24.4
1531,35.7,23,"Abu Dhabi",28.3,34.7,"Lower",1,"Yes",0,"No",3589,"Second",27.4,29.6,28.9
1532,31,29,"Sharjah",34.6,41.1,"Lower",0,"No",0,"No",3026,"Third",35.6,32.4,38.3
1533,31.6,39,"Abu Dhabi",34.9,30.1,"Lower",0,"No",1,"Yes",2863,"Third",33.9,33.9,34.2
1534,32.2,20,"Abu Dhabi",26.5,34.9,"Lower",0,"No",0,"No",2356,"Second",26.7,24.4,26
1535,28.8,31,"Dubai",33.6,33,"Lower",0,"No",0,"No",2650,"Third",34.7,32.8,29.6
1536,19.9,5,"Dubai",31.9,31.3,"Lower",0,"No",0,"No",3223,"First",31.3,31.5,32.4
1537,34.7,28,"Dubai",32.2,23.7,"Lower",0,"No",0,"No",3914,"Third",31.8,34,30.9
1538,23.1,39,"Dubai",38.5,44.1,"High",0,"No",0,"No",2228,"Third",39.8,40.5,38.4
1539,38.7,26,"Dubai",31.4,20.6,"Lower",0,"No",0,"No",3423,"Second",30.8,29.2,30.5
1540,44.3,35,"Sharjah",32.3,40.9,"Lower",0,"No",0,"No",3445,"Third",29.9,34.5,31.5
1541,42.9,8,"Dubai",34.6,24.5,"Lower",0,"No",0,"No",3988,"First",31.6,36,35.9
1542,24.8,21,"Dubai",29.5,32.2,"Lower",0,"No",0,"No",2927,"Second",29.8,29.7,28.3
1543,20.3,26,"Sharjah",30.9,31.1,"Lower",0,"No",0,"No",3651,"Second",30.4,30.4,30.2
1544,37.4,36,"Abu Dhabi",34.3,32.2,"Lower",0,"No",0,"No",3076,"Third",36,35.3,35.5
1545,25.4,7,"Sharjah",36,26.5,"High",0,"No",0,"No",3618,"First",35.7,34.1,33.3
1546,31.5,31,"Abu Dhabi",32.3,21,"Lower",0,"No",0,"No",2494,"Third",32.9,29.7,33.8
1547,43.8,11,"Dubai",37,31.3,"High",0,"No",0,"No",2820,"First",40.3,37.9,37.3
1548,25.5,14,"Sharjah",34.2,28.9,"Lower",0,"No",0,"No",3423,"Second",35,35.8,31.6
1549,29.7,14,"Sharjah",30.3,23.7,"Lower",0,"No",0,"No",3632,"Second",33.7,30.2,29.8
1550,28.6,34,"Abu Dhabi",30.7,32.8,"Lower",0,"No",0,"No",2732,"Third",32.3,32.1,30.2
1551,43.5,18,"Dubai",31.3,33.4,"Lower",0,"No",0,"No",2665,"Second",29.9,31.8,30.5
1552,42.8,32,"Abu Dhabi",32,40.8,"Lower",0,"No",0,"No",2965,"Third",33.1,33.2,32.2
1553,23.7,33,"Sharjah",29.9,39.2,"Lower",0,"No",1,"Yes",3091,"Third",30,31,27.1
1554,29.3,35,"Abu Dhabi",39,47.2,"High",0,"No",0,"No",3279,"Third",38.6,38.9,39.7
1555,41.8,33,"Abu Dhabi",28.6,19.4,"Lower",0,"No",0,"No",2701,"Third",27,29.7,25.6
1556,39.6,4,"Abu Dhabi",36,34.2,"High",0,"No",0,"No",2717,"First",38.4,36.9,37.7
1557,23.3,37,"Abu Dhabi",29.5,29.8,"Lower",0,"No",0,"No",3004,"Third",30.7,30.3,31.5
1558,40.4,10,"Sharjah",36.5,17.3,"High",0,"No",0,"No",2637,"First",36.4,34.8,36.8
1559,23.2,34,"Dubai",30.4,34.6,"Lower",0,"No",0,"No",3387,"Third",28.7,32.6,30.7
1560,21.7,12,"Dubai",31.6,34.2,"Lower",0,"No",0,"No",3317,"First",33.5,31.2,32.3
1561,34.6,36,"Sharjah",29.4,24.7,"Lower",0,"No",0,"No",2986,"Third",30.8,29.5,32.2
1562,30.1,27,"Dubai",31.2,30.3,"Lower",0,"No",0,"No",2833,"Second",29,31.7,28.1
1563,28.6,15,"Sharjah",29.5,41,"Lower",0,"No",0,"No",3418,"Second",25.6,32.8,31.5
1564,39.8,29,"Dubai",28.8,44,"Lower",0,"No",0,"No",3573,"Third",27.9,26.9,30
1565,21.6,24,"Dubai",37.6,19.4,"High",0,"No",0,"No",2953,"Second",36.3,37.8,38.4
1566,23.2,14,"Dubai",30.4,30,"Lower",0,"No",0,"No",2470,"Second",30.8,30.7,30.3
1567,21.6,16,"Dubai",32.6,43.3,"Lower",0,"No",0,"No",3060,"Second",32.6,31.9,32.1
1568,21.3,25,"Dubai",35,19.6,"High",1,"Yes",0,"No",3676,"Second",36.6,34.6,34.6
1569,34.8,6,"Dubai",34.7,22.5,"Lower",1,"Yes",0,"No",2811,"First",36.2,36,34
1570,37.9,4,"Sharjah",37.7,34.8,"High",0,"No",1,"Yes",2447,"First",36.2,41.3,39.3
1571,21.7,6,"Dubai",33,21.6,"Lower",0,"No",0,"No",2704,"First",33.4,34.9,33.8
1572,25.3,30,"Abu Dhabi",34.2,27.9,"Lower",0,"No",0,"No",2962,"Third",31.4,37.1,33.7
1573,40.8,16,"Dubai",32.5,29.5,"Lower",0,"No",0,"No",3149,"Second",32.8,30.5,33.5
1574,44.2,30,"Abu Dhabi",30.5,25,"Lower",0,"No",0,"No",3692,"Third",30.4,31,29.9
1575,42.4,32,"Abu Dhabi",32.9,41,"Lower",0,"No",0,"No",2941,"Third",31.5,32.5,30.8
1576,18,39,"Abu Dhabi",29.9,34.7,"Lower",0,"No",0,"No",2387,"Third",30.5,30.2,29.6
1577,21.1,9,"Abu Dhabi",29.4,35.1,"Lower",0,"No",1,"Yes",3361,"First",32.3,31.9,31
1578,34.7,13,"Dubai",29.9,36.8,"Lower",1,"Yes",0,"No",2454,"First",30.2,29.7,31.7
1579,19.1,34,"Dubai",31.5,23.3,"Lower",0,"No",0,"No",3222,"Third",28.6,32.4,30.5
1580,43,30,"Dubai",28.7,31.2,"Lower",1,"Yes",0,"No",3142,"Third",28.2,28.1,29
1581,18.4,17,"Dubai",29.1,24.2,"Lower",0,"No",0,"No",2826,"Second",29.5,26.4,26.4
1582,42.4,31,"Sharjah",28.7,21.6,"Lower",0,"No",0,"No",3117,"Third",25.8,31.1,29.8
1583,39.1,22,"Sharjah",31.4,36.3,"Lower",0,"No",0,"No",3317,"Second",33.6,32.2,33.4
1584,39.4,10,"Dubai",32.4,25.8,"Lower",0,"No",0,"No",3949,"First",35.4,31.3,32.3
1585,21.7,15,"Dubai",33.9,28,"Lower",0,"No",0,"No",2620,"Second",33.6,31.6,33.9
1586,42.6,8,"Dubai",28.2,28.6,"Lower",0,"No",0,"No",3791,"First",29.9,30.5,30.7
1587,40.8,24,"Dubai",28.9,36.9,"Lower",0,"No",0,"No",3020,"Second",28.3,30.1,28.9
1588,24.7,33,"Sharjah",32.8,34.3,"Lower",0,"No",0,"No",3774,"Third",30.5,30.6,31.1
1589,29.3,34,"Abu Dhabi",33.5,33.7,"Lower",0,"No",1,"Yes",2527,"Third",35.3,32.1,34
1590,23.2,33,"Dubai",28.8,42.4,"Lower",0,"No",0,"No",2712,"Third",27.6,30,27.5
1591,20.4,5,"Dubai",31.8,36,"Lower",0,"No",0,"No",3014,"First",32.7,31.5,30.7
1592,35.5,18,"Abu Dhabi",32,6,"Lower",0,"No",0,"No",3631,"Second",32.4,27.6,30.1
1593,23.1,33,"Dubai",32.4,38.1,"Lower",0,"No",0,"No",3733,"Third",33.1,31.7,34.4
1594,22.2,32,"Abu Dhabi",32.9,31.6,"Lower",0,"No",0,"No",2996,"Third",34,32.8,32
1595,32,12,"Sharjah",29.3,28.8,"Lower",0,"No",0,"No",3919,"First",29,32.8,28.3
1596,39,20,"Sharjah",33,31.9,"Lower",0,"No",0,"No",3153,"Second",33.6,32.3,30.8
1597,44.4,15,"Dubai",34.2,25.5,"Lower",0,"No",0,"No",3697,"Second",36.4,35,34.3
1598,22.7,14,"Dubai",32.2,42.5,"Lower",0,"No",0,"No",3020,"Second",32.6,33.8,30.9
1599,35.4,5,"Abu Dhabi",30.6,36.6,"Lower",0,"No",0,"No",3359,"First",30.2,31.8,31.7
1600,37.3,29,"Dubai",29.3,34.7,"Lower",0,"No",0,"No",3082,"Third",30.2,29.7,28.5
1601,19.5,23,"Abu Dhabi",26.8,28.7,"Lower",0,"No",0,"No",3039,"Second",28.2,25.3,26.5
1602,42.2,26,"Dubai",26.8,18.9,"Lower",0,"No",0,"No",3767,"Second",27.7,25.2,29.4
1603,26.3,24,"Dubai",32.9,17.1,"Lower",0,"No",1,"Yes",2816,"Second",32.9,31.9,33.3
1604,24.4,39,"Sharjah",24.5,26,"Lower",0,"No",0,"No",3463,"Third",26.1,22.7,22.9
1605,21.1,10,"Dubai",34.4,33.5,"Lower",0,"No",0,"No",2990,"First",32.9,33.8,33.1
1606,38,12,"Dubai",34.2,12.4,"Lower",0,"No",0,"No",3961,"First",32.7,35.4,31.9
1607,21.8,10,"Sharjah",31.2,26.1,"Lower",0,"No",0,"No",3449,"First",31.2,30.3,32.3
1608,26.5,34,"Abu Dhabi",36.6,28.2,"High",1,"Yes",1,"Yes",2923,"Third",34.5,37.4,34
1609,38.9,24,"Sharjah",31.5,30.1,"Lower",0,"No",0,"No",3396,"Second",30.2,32.5,31.9
1610,23.4,6,"Abu Dhabi",29.4,36.4,"Lower",0,"No",1,"Yes",3171,"First",28.1,31.8,30.2
1611,26.9,35,"Dubai",31.4,28.4,"Lower",0,"No",0,"No",3359,"Third",31.6,31.8,31
1612,29.4,23,"Dubai",35.6,40.9,"High",0,"No",0,"No",2675,"Second",32.3,36.2,35.3
1613,41.2,10,"Sharjah",31.6,40.5,"Lower",0,"No",0,"No",3275,"First",30.8,32.2,32.4
1614,41.5,31,"Abu Dhabi",33.2,26.7,"Lower",1,"Yes",0,"No",3820,"Third",34.8,34.6,32.1
1615,34.1,34,"Dubai",38.8,40.9,"High",0,"No",0,"No",2295,"Third",38.5,39.5,39.1
1616,29.1,26,"Dubai",33.4,36.6,"Lower",0,"No",0,"No",2308,"Second",34,33.5,34.6
1617,32,18,"Dubai",29.1,33.3,"Lower",0,"No",0,"No",4463,"Second",31,27.9,30.5
1618,42.3,6,"Sharjah",35.9,37.3,"High",0,"No",0,"No",3326,"First",35.7,36,35.6
1619,43.7,33,"Abu Dhabi",32.2,26.1,"Lower",0,"No",0,"No",3137,"Third",30,30.4,31.1
1620,43.7,16,"Dubai",33.5,40.5,"Lower",0,"No",0,"No",2956,"Second",33.8,33.1,33.7
1621,26,36,"Sharjah",35.9,29.9,"High",0,"No",0,"No",2700,"Third",35.2,37.3,35.7
1622,18.2,26,"Abu Dhabi",33,31.9,"Lower",0,"No",0,"No",3505,"Second",34.2,34,32.5
1623,35,34,"Dubai",31.8,40.2,"Lower",0,"No",0,"No",2260,"Third",31.2,33,31.6
1624,30.5,18,"Sharjah",32.2,34.7,"Lower",0,"No",0,"No",2969,"Second",34.2,31.2,33.2
1625,45,38,"Dubai",33.3,40.2,"Lower",0,"No",0,"No",3806,"Third",32,35,34.2
1626,32.8,19,"Dubai",33.9,37.3,"Lower",0,"No",0,"No",3028,"Second",32.7,33,34.1
1627,27.8,15,"Dubai",27.6,41.7,"Lower",0,"No",0,"No",3333,"Second",26.3,27.4,24.9
1628,25.1,38,"Sharjah",27.5,28.4,"Lower",0,"No",0,"No",2451,"Third",28.5,25.9,29.7
1629,44,18,"Dubai",29,33,"Lower",0,"No",0,"No",3807,"Second",25.2,28,30.9
1630,44,10,"Sharjah",31.9,28,"Lower",0,"No",0,"No",3452,"First",33.2,30.7,32.1
1631,19.5,12,"Sharjah",34.8,31.5,"Lower",0,"No",0,"No",2420,"First",35.4,33.3,35.5
1632,42.7,11,"Dubai",35.6,27.8,"High",0,"No",0,"No",3681,"First",35.1,36.6,39.1
1633,34.4,40,"Abu Dhabi",27.4,20.4,"Lower",0,"No",0,"No",2419,"Third",27.8,30.4,25.8
1634,21.2,27,"Sharjah",30,26,"Lower",0,"No",0,"No",2547,"Second",29.2,28.8,29
1635,25.9,22,"Sharjah",27.3,32.1,"Lower",0,"No",0,"No",3702,"Second",28.1,26.8,27.1
1636,30,29,"Dubai",30.8,21.5,"Lower",0,"No",1,"Yes",2975,"Third",29.7,31.7,30
1637,19.7,8,"Abu Dhabi",34,33.6,"Lower",0,"No",0,"No",2807,"First",36,33.6,36
1638,44.7,7,"Sharjah",29.1,45.1,"Lower",1,"Yes",0,"No",4095,"First",29.3,26.7,29.6
1639,25.2,29,"Abu Dhabi",32.1,34.4,"Lower",0,"No",0,"No",2615,"Third",33.4,31.8,31.2
1640,41.5,40,"Dubai",29.5,35.7,"Lower",0,"No",0,"No",3933,"Third",29.6,32.5,29.8
1641,44.7,5,"Dubai",37.3,32.7,"High",1,"Yes",0,"No",2730,"First",35.8,36,38.2
1642,33.9,13,"Dubai",38.6,34.7,"High",0,"No",0,"No",2749,"First",37.2,37,40.3
1643,29.4,25,"Dubai",34.3,29.4,"Lower",0,"No",0,"No",2063,"Second",33.4,34.7,34.3
1644,39.4,29,"Abu Dhabi",29.5,41.8,"Lower",0,"No",0,"No",3954,"Third",28.7,28,30.2
1645,25.7,32,"Dubai",33.7,34.8,"Lower",1,"Yes",0,"No",3282,"Third",31.5,33.7,32.7
1646,37.3,20,"Dubai",30.7,30.1,"Lower",0,"No",1,"Yes",2980,"Second",31.7,29,28.6
1647,41.1,17,"Abu Dhabi",30.7,28.2,"Lower",0,"No",0,"No",3733,"Second",30.1,29.6,31
1648,31.9,21,"Sharjah",38.3,22.4,"High",0,"No",0,"No",3505,"Second",35.6,39.1,38.7
1649,24.6,18,"Abu Dhabi",29,18.7,"Lower",0,"No",0,"No",3527,"Second",24.6,27.3,31.1
1650,22.3,19,"Dubai",33.8,33.5,"Lower",0,"No",0,"No",2908,"Second",36.3,33,32.1
1651,34,15,"Dubai",31.1,42.7,"Lower",0,"No",0,"No",3169,"Second",29.5,34.6,32.4
1652,36,31,"Abu Dhabi",31.9,14.3,"Lower",0,"No",1,"Yes",3224,"Third",31.7,29.8,30
1653,34.5,6,"Dubai",35.5,31.8,"High",0,"No",0,"No",2648,"First",37.2,34.6,36.7
1654,27.4,22,"Dubai",31.5,26.2,"Lower",0,"No",0,"No",3983,"Second",30.8,32.1,29.7
1655,27.1,4,"Sharjah",25.2,27.7,"Lower",0,"No",0,"No",2866,"First",26.4,28,23
1656,31.2,30,"Sharjah",29.1,33.3,"Lower",0,"No",0,"No",2733,"Third",28.5,28,29.1
1657,27.5,16,"Abu Dhabi",34.1,26.6,"Lower",0,"No",0,"No",3148,"Second",34.7,33.4,37.3
1658,40.7,30,"Dubai",32.4,39.3,"Lower",0,"No",0,"No",3342,"Third",33.7,35.6,31
1659,43.7,7,"Dubai",30.9,23.8,"Lower",0,"No",0,"No",3280,"First",30.1,27.2,29
1660,44.2,29,"Dubai",33.2,38.6,"Lower",0,"No",0,"No",3588,"Third",34.4,32.6,31.5
1661,29.8,7,"Sharjah",37.7,28.2,"High",1,"Yes",0,"No",2297,"First",38.5,37.2,36.3
1662,22.4,12,"Sharjah",35,27.4,"High",0,"No",0,"No",3055,"First",34.2,33.8,34.7
1663,44.6,27,"Dubai",34.1,26.8,"Lower",0,"No",0,"No",2887,"Second",36.9,33.8,38.6
1664,36.1,29,"Dubai",33.2,19.4,"Lower",0,"No",0,"No",3147,"Third",32.1,33.4,33.1
1665,29.3,17,"Abu Dhabi",34.3,29.5,"Lower",0,"No",0,"No",3279,"Second",34.3,35.1,34.7
1666,36.8,23,"Dubai",33.7,23.6,"Lower",0,"No",0,"No",3135,"Second",34.8,35.6,32.5
1667,28.9,23,"Abu Dhabi",30.9,28.4,"Lower",0,"No",0,"No",3247,"Second",32.6,28.7,32.4
1668,22.3,22,"Abu Dhabi",27.6,26.6,"Lower",0,"No",0,"No",3274,"Second",29.2,27.8,27.3
1669,25.3,20,"Dubai",37.2,26.1,"High",0,"No",1,"Yes",2434,"Second",36.5,41.3,37.6
1670,25,16,"Dubai",35.9,33,"High",0,"No",0,"No",2836,"Second",36,35.9,33.8
1671,18.1,35,"Abu Dhabi",31.4,21.9,"Lower",0,"No",0,"No",2780,"Third",32.6,29.4,30.6
1672,20.6,22,"Dubai",28.8,34.8,"Lower",0,"No",1,"Yes",3409,"Second",31.4,33,30.1
1673,18.8,27,"Sharjah",25.8,36.9,"Lower",0,"No",0,"No",2684,"Second",27.2,26.9,27.1
1674,25.1,33,"Abu Dhabi",28,32.5,"Lower",1,"Yes",0,"No",3431,"Third",27.7,28.5,27.7
1675,30.5,17,"Sharjah",32.9,38.8,"Lower",0,"No",0,"No",3547,"Second",33.9,30.8,30.3
1676,26.6,40,"Dubai",30.9,51.5,"Lower",0,"No",0,"No",2461,"Third",26.5,31.8,29.1
1677,24.2,31,"Dubai",30.6,41.3,"Lower",0,"No",0,"No",3095,"Third",30.1,30.9,30
1678,26.1,40,"Sharjah",34.2,26.1,"Lower",0,"No",0,"No",3855,"Third",34.4,36.5,33.5
1679,43.4,25,"Dubai",34.6,43.8,"Lower",0,"No",0,"No",3084,"Second",32.9,35.8,35
1680,24,5,"Abu Dhabi",30.6,31.7,"Lower",0,"No",0,"No",3210,"First",30.5,32.8,32.8
1681,35,25,"Dubai",32.6,31.1,"Lower",1,"Yes",0,"No",3404,"Second",33.2,34,32.7
1682,37.2,11,"Abu Dhabi",33.1,46.7,"Lower",0,"No",0,"No",3507,"First",33,33,33.1
1683,26.3,30,"Dubai",31.1,34,"Lower",0,"No",0,"No",3234,"Third",30.4,30.2,32.5
1684,21.2,13,"Abu Dhabi",30.1,26.7,"Lower",0,"No",0,"No",3617,"First",30.7,30.1,31.1
1685,40.9,29,"Sharjah",34.6,28.8,"Lower",0,"No",0,"No",3531,"Third",32,37.6,34.1
1686,19.3,10,"Sharjah",35.4,19.9,"High",0,"No",0,"No",2529,"First",34.4,35.9,36.6
1687,24.3,31,"Abu Dhabi",28.2,36.6,"Lower",0,"No",0,"No",3990,"Third",26.4,29.9,29.8
1688,31.5,8,"Dubai",31.5,25.4,"Lower",0,"No",0,"No",3374,"First",32.7,32,31
1689,33.3,31,"Dubai",35.4,29.7,"High",0,"No",1,"Yes",3438,"Third",37.2,37.4,35
1690,41.2,36,"Abu Dhabi",34,17.4,"Lower",0,"No",0,"No",2677,"Third",33.2,34.4,32.7
1691,38,37,"Dubai",31.3,38.6,"Lower",0,"No",0,"No",3251,"Third",34.5,32.7,29.6
1692,19.4,19,"Dubai",36.2,24.7,"High",0,"No",0,"No",2805,"Second",37.5,34.2,34.2
1693,31.9,5,"Abu Dhabi",27.8,27.6,"Lower",0,"No",0,"No",3254,"First",27.5,30.8,26.2
1694,44.1,25,"Dubai",34.8,33.4,"Lower",0,"No",1,"Yes",2954,"Second",34.4,35.4,33.7
1695,29,4,"Dubai",35,48.5,"High",0,"No",0,"No",2024,"First",35.3,34.2,35.3
1696,30.8,6,"Dubai",28.4,23.3,"Lower",0,"No",0,"No",3566,"First",30.8,25.4,28.6
1697,28.6,24,"Sharjah",33.4,28.3,"Lower",0,"No",0,"No",2281,"Second",33.3,34.3,34.8
1698,39,10,"Abu Dhabi",31.4,17.5,"Lower",0,"No",0,"No",3418,"First",30.8,31.4,29.4
1699,27.5,38,"Sharjah",34.6,25.7,"Lower",0,"No",0,"No",2894,"Third",37.3,34.4,34.1
1700,29.3,28,"Sharjah",34.3,40.9,"Lower",0,"No",0,"No",2957,"Third",33.7,33.7,31.1
1701,43.1,27,"Abu Dhabi",32.4,34.1,"Lower",0,"No",0,"No",3068,"Second",32,31.3,32.8
1702,19.7,23,"Sharjah",31.6,21.8,"Lower",0,"No",1,"Yes",2971,"Second",30.7,30.9,30.1
1703,31.7,7,"Sharjah",33,23.5,"Lower",0,"No",0,"No",3569,"First",30.5,33,34.5
1704,33.6,38,"Abu Dhabi",35.8,24,"High",0,"No",0,"No",2924,"Third",39,35.6,37
1705,22.8,15,"Abu Dhabi",33.2,41,"Lower",0,"No",0,"No",2973,"Second",35.4,34.5,34.1
1706,30,7,"Dubai",28.8,21.2,"Lower",0,"No",0,"No",3656,"First",28,28.3,32.2
1707,26,29,"Abu Dhabi",36.7,34.2,"High",1,"Yes",0,"No",3063,"Third",36.5,37.7,36.9
1708,18.6,35,"Dubai",31.4,27.5,"Lower",0,"No",0,"No",3305,"Third",31.7,30.4,29.6
1709,22.2,15,"Dubai",29.6,33.2,"Lower",0,"No",0,"No",3017,"Second",29.1,31.5,29.9
1710,43,28,"Dubai",31.7,30.4,"Lower",0,"No",0,"No",3202,"Third",33.8,29.5,31.1
1711,36,16,"Sharjah",30.4,21.3,"Lower",0,"No",0,"No",3173,"Second",31.9,30.2,30
1712,39.1,29,"Dubai",33.8,29.6,"Lower",0,"No",0,"No",3020,"Third",35.1,33.6,33.6
1713,28.4,19,"Abu Dhabi",27.9,29,"Lower",0,"No",0,"No",3011,"Second",27,27.4,27.4
1714,31.9,35,"Dubai",34.3,36.4,"Lower",0,"No",0,"No",3790,"Third",34.1,31.5,33.3
1715,34.5,40,"Sharjah",26.9,27.9,"Lower",0,"No",0,"No",3677,"Third",27.1,27.8,29.4
1716,44.7,17,"Abu Dhabi",33.3,21.5,"Lower",0,"No",0,"No",3232,"Second",32.4,33.1,34.2
1717,34.8,32,"Dubai",31.7,33.2,"Lower",0,"No",0,"No",3267,"Third",29.5,33.8,32.8
1718,21.6,24,"Abu Dhabi",32,22.2,"Lower",0,"No",0,"No",3615,"Second",31.6,29.3,29.9
1719,18,35,"Sharjah",29.3,22,"Lower",0,"No",0,"No",2917,"Third",31.4,28.3,30.1
1720,18.7,14,"Abu Dhabi",33.6,23.6,"Lower",1,"Yes",0,"No",3228,"Second",33.8,34.8,33.1
1721,23.1,16,"Abu Dhabi",29.6,20.2,"Lower",0,"No",0,"No",3872,"Second",28.2,31.7,28.2
1722,28.6,11,"Abu Dhabi",31,28.4,"Lower",0,"No",0,"No",3455,"First",30.9,26.3,30.6
1723,44.6,9,"Dubai",31.8,38.3,"Lower",0,"No",0,"No",2958,"First",30.7,31.8,34
1724,35.8,7,"Dubai",33.9,30.8,"Lower",0,"No",0,"No",2887,"First",33.3,34,31.9
1725,33.6,5,"Dubai",33.1,28.4,"Lower",0,"No",0,"No",3119,"First",33.9,32.9,31.1
1726,31.6,39,"Dubai",35.7,25.3,"High",0,"No",0,"No",2787,"Third",38.1,34.3,36.8
1727,30,10,"Dubai",29.9,28.2,"Lower",0,"No",1,"Yes",3439,"First",32.7,29.8,30.2
1728,25.9,7,"Abu Dhabi",34.6,24,"Lower",0,"No",0,"No",2917,"First",35.5,34,37
1729,36.9,24,"Dubai",32.7,37.5,"Lower",0,"No",0,"No",2757,"Second",35.1,33.7,32.1
1730,22.6,6,"Abu Dhabi",32.7,15.3,"Lower",0,"No",0,"No",3544,"First",31.9,34.1,29.9
1731,37.2,38,"Sharjah",34.5,35.3,"Lower",1,"Yes",0,"No",3348,"Third",37.5,34.5,35.2
1732,19.4,7,"Dubai",31.7,35.2,"Lower",0,"No",0,"No",3499,"First",32.5,31.5,32.6
1733,20.5,6,"Dubai",32.6,35.2,"Lower",0,"No",0,"No",3524,"First",34.3,32.3,32.1
1734,29.3,40,"Abu Dhabi",33.5,33.2,"Lower",0,"No",0,"No",2859,"Third",34.4,33.9,33.2
1735,31.6,32,"Sharjah",32.3,30,"Lower",0,"No",1,"Yes",3196,"Third",35.2,30.9,30.6
1736,43.7,26,"Sharjah",33.3,31.9,"Lower",0,"No",0,"No",3543,"Second",33.3,33.3,31.2
1737,38.7,28,"Dubai",31.3,16.9,"Lower",0,"No",0,"No",3041,"Third",30.4,30.2,32.3
1738,31.5,4,"Abu Dhabi",28.6,23.4,"Lower",0,"No",0,"No",2644,"First",27.1,28.9,30.9
1739,34,35,"Dubai",35,22.1,"High",0,"No",0,"No",2934,"Third",33,36,35.4
1740,39.7,30,"Dubai",31,31.4,"Lower",0,"No",0,"No",3262,"Third",30,29.9,31.4
1741,28.9,36,"Sharjah",28.1,24.9,"Lower",0,"No",0,"No",2830,"Third",29.3,29.8,27.1
1742,36.5,15,"Abu Dhabi",37.1,45.3,"High",0,"No",0,"No",3147,"Second",37.1,36.6,37.9
1743,29.1,21,"Dubai",32.7,34.3,"Lower",0,"No",1,"Yes",2971,"Second",33.2,31.5,32.6
1744,42.9,16,"Dubai",29.6,34.7,"Lower",0,"No",0,"No",2779,"Second",30.6,31.7,30.4
1745,22,21,"Dubai",35.5,31.1,"High",1,"Yes",0,"No",3177,"Second",34.2,37.1,37.1
1746,23.9,33,"Abu Dhabi",33.1,42.6,"Lower",0,"No",1,"Yes",3173,"Third",34.4,33.8,32.3
1747,28.1,30,"Sharjah",29,19.3,"Lower",0,"No",0,"No",2989,"Third",28.6,26.4,29.9
1748,19.1,10,"Dubai",34.3,35.5,"Lower",0,"No",0,"No",2735,"First",34.7,32.8,36.1
1749,35.7,10,"Dubai",29.1,24.7,"Lower",0,"No",1,"Yes",3440,"First",31,27.6,30.1
1750,29.3,15,"Abu Dhabi",28.5,23.4,"Lower",0,"No",0,"No",3474,"Second",30.7,26.5,30.4
1751,24.8,15,"Sharjah",26.7,42.2,"Lower",0,"No",1,"Yes",3467,"Second",25.4,27.7,24.8
1752,37.3,8,"Dubai",31.8,29.4,"Lower",0,"No",0,"No",3277,"First",30.7,30.8,31.2
1753,31.8,40,"Dubai",38.1,19.7,"High",0,"No",0,"No",3190,"Third",36.6,39.9,37.6
1754,19.7,28,"Sharjah",33.4,40.1,"Lower",0,"No",0,"No",3259,"Third",34.8,32.6,34.3
1755,34.1,35,"Abu Dhabi",28.4,21.7,"Lower",0,"No",0,"No",2139,"Third",26.3,27.6,29.8
1756,36.2,20,"Sharjah",28.3,38.1,"Lower",0,"No",0,"No",3147,"Second",28.3,28.5,29.5
1757,40.4,34,"Abu Dhabi",35.5,18.6,"High",0,"No",1,"Yes",2418,"Third",34.4,36.7,34.2
1758,39.5,11,"Dubai",35.7,28.8,"High",0,"No",0,"No",2890,"First",35.3,34.1,35.9
1759,19.5,37,"Sharjah",37.2,34.9,"High",0,"No",0,"No",3765,"Third",36.9,38.5,34.6
1760,44,23,"Dubai",31.1,22.6,"Lower",0,"No",0,"No",3549,"Second",30.4,32.5,30.2
1761,32.9,16,"Sharjah",36.2,22,"High",0,"No",0,"No",2854,"Second",34.5,34,36.8
1762,40,10,"Dubai",31.1,30.2,"Lower",0,"No",0,"No",3108,"First",28.3,29.5,31.3
1763,40.7,8,"Dubai",27.9,19.5,"Lower",0,"No",0,"No",3793,"First",29.5,30.3,26.7
1764,38.3,16,"Dubai",33,36.7,"Lower",1,"Yes",1,"Yes",2776,"Second",33.9,33.5,34.2
1765,35,37,"Dubai",30.5,24.7,"Lower",0,"No",0,"No",3309,"Third",30.3,28.4,30.1
1766,43.1,15,"Dubai",35.1,26.7,"High",0,"No",0,"No",3301,"Second",34.8,35.1,33.8
1767,18.8,14,"Dubai",28,27.6,"Lower",0,"No",1,"Yes",3171,"Second",25.7,30,30.5
1768,31.7,4,"Sharjah",35.4,36.3,"High",0,"No",0,"No",2565,"First",35.2,34,34.7
1769,30.5,25,"Abu Dhabi",29.9,32.6,"Lower",0,"No",0,"No",3015,"Second",30.4,30.5,30.9
1770,33.1,21,"Dubai",28.8,33.9,"Lower",0,"No",0,"No",2656,"Second",28.7,24.9,29.5
1771,42.3,17,"Sharjah",27.6,9.8,"Lower",0,"No",0,"No",3588,"Second",27.9,28.1,27.8
1772,37.6,10,"Sharjah",31.7,22.1,"Lower",0,"No",1,"Yes",2359,"First",31.7,32,32.8
1773,22.3,31,"Sharjah",29.6,41.5,"Lower",0,"No",0,"No",3441,"Third",31.3,30.8,28.5
1774,23.9,31,"Abu Dhabi",29.2,27.5,"Lower",0,"No",0,"No",3555,"Third",30.4,30.2,28.8
1775,33.1,20,"Dubai",32.9,34.5,"Lower",0,"No",0,"No",3397,"Second",32.2,34,31.1
1776,27.8,26,"Dubai",29.2,21,"Lower",0,"No",0,"No",3693,"Second",29.6,30.7,27.4
1777,24.3,16,"Sharjah",41,36.4,"High",0,"No",0,"No",2858,"Second",41.9,43.3,42
1778,44.1,9,"Dubai",32.2,17.5,"Lower",0,"No",0,"No",3753,"First",33.5,30.4,32.1
1779,41,39,"Abu Dhabi",34.5,35.4,"Lower",0,"No",1,"Yes",2821,"Third",33.4,35,33.5
1780,23.2,27,"Abu Dhabi",29.4,45.2,"Lower",0,"No",0,"No",3699,"Second",27.7,31.4,29.2
1781,41.7,38,"Dubai",30.9,29.1,"Lower",0,"No",0,"No",3450,"Third",28.1,30.6,30.9
1782,25.2,35,"Abu Dhabi",34.4,33.1,"Lower",1,"Yes",0,"No",3309,"Third",36.4,33.9,35.7
1783,34.6,11,"Sharjah",32,26,"Lower",0,"No",0,"No",3242,"First",32.6,32,32.8
1784,40,27,"Sharjah",32.4,28.4,"Lower",0,"No",1,"Yes",2892,"Second",32.6,32.3,33.5
1785,36.7,19,"Abu Dhabi",32.5,27.5,"Lower",0,"No",0,"No",4366,"Second",33.7,31.4,32.3
1786,36.3,35,"Abu Dhabi",29.4,24.5,"Lower",0,"No",0,"No",2994,"Third",30.3,30.2,29.6
1787,30.2,10,"Dubai",33.8,23.9,"Lower",0,"No",0,"No",2861,"First",34.5,33.8,35.2
1788,31.9,17,"Dubai",35,32.3,"High",0,"No",0,"No",4112,"Second",33.9,35.3,32.2
1789,44.6,27,"Dubai",34.2,24.3,"Lower",0,"No",1,"Yes",3391,"Second",35.9,34.4,34.6
1790,38.7,15,"Dubai",32.7,13.3,"Lower",0,"No",0,"No",3533,"Second",32.3,32.2,34.2
1791,40.9,10,"Sharjah",36.1,34.7,"High",1,"Yes",0,"No",3022,"First",38.6,34.9,35.2
1792,32.8,15,"Sharjah",27.8,34.6,"Lower",0,"No",1,"Yes",3575,"Second",25.8,26.3,28.2
1793,20.5,12,"Abu Dhabi",28.2,39.2,"Lower",0,"No",0,"No",3552,"First",29.9,28.8,28.7
1794,26.8,15,"Abu Dhabi",36.1,16.1,"High",0,"No",0,"No",2101,"Second",36.3,36.2,37
1795,20.3,34,"Abu Dhabi",33.1,24.1,"Lower",0,"No",0,"No",3482,"Third",34.1,32.7,33.5
1796,24.8,29,"Dubai",29.4,23,"Lower",0,"No",0,"No",3670,"Third",28.8,28.3,28.8
1797,31.4,7,"Sharjah",30.7,44.7,"Lower",0,"No",0,"No",4118,"First",32.4,32.1,28.8
1798,18.7,27,"Abu Dhabi",28.9,36.5,"Lower",0,"No",0,"No",3648,"Second",29.2,28.5,32.8
1799,27.9,20,"Abu Dhabi",33.6,33.8,"Lower",0,"No",0,"No",3257,"Second",34.6,32,35.4
1800,44.2,12,"Abu Dhabi",29.8,34.1,"Lower",0,"No",0,"No",2571,"First",31.1,30.5,29.2
1801,34.1,17,"Abu Dhabi",36.1,29,"High",0,"No",0,"No",3472,"Second",34,36.3,36.7
1802,23.2,31,"Sharjah",32.4,34.6,"Lower",0,"No",0,"No",2779,"Third",32.2,35.3,34
1803,27.1,34,"Dubai",37,29.2,"High",0,"No",0,"No",2493,"Third",39.1,39.1,36.8
1804,23,39,"Dubai",30.4,31.3,"Lower",0,"No",0,"No",2614,"Third",29.6,31.5,29.9
1805,25.8,25,"Dubai",31.3,23.7,"Lower",0,"No",1,"Yes",3117,"Second",29.7,31.5,32.3
1806,22.3,15,"Dubai",32.9,36.9,"Lower",0,"No",0,"No",2503,"Second",31.4,31.1,33.4
1807,40.5,31,"Abu Dhabi",30,37,"Lower",0,"No",0,"No",2944,"Third",30,27.8,28.9
1808,44.5,35,"Sharjah",36.6,19.8,"High",0,"No",0,"No",3649,"Third",36.8,36.3,37.7
1809,40.2,26,"Dubai",32.6,24.1,"Lower",0,"No",0,"No",2558,"Second",32.4,31.4,33
1810,39.8,26,"Sharjah",34.5,27.2,"Lower",0,"No",0,"No",2383,"Second",33.8,37,36
1811,38.5,27,"Sharjah",29.7,14.1,"Lower",0,"No",0,"No",3465,"Second",29.9,29,29.9
1812,31.9,27,"Dubai",30.9,37.7,"Lower",0,"No",0,"No",2538,"Second",30.4,29.5,30.5
1813,31.2,8,"Abu Dhabi",28.1,44.8,"Lower",0,"No",0,"No",3651,"First",28.2,29.7,27
1814,30.6,25,"Dubai",32.6,36,"Lower",1,"Yes",0,"No",2659,"Second",34.5,32.6,33.2
1815,39.6,23,"Abu Dhabi",32.4,31.1,"Lower",1,"Yes",0,"No",2619,"Second",32,30.6,34.1
1816,20.3,40,"Sharjah",35.4,33.9,"High",0,"No",0,"No",2034,"Third",35.8,33.3,33.8
1817,19.6,22,"Dubai",32.8,24.9,"Lower",0,"No",0,"No",2829,"Second",32.4,30.9,31.3
1818,26.5,15,"Sharjah",29.4,32.2,"Lower",0,"No",0,"No",3463,"Second",30.6,28.3,31.5
1819,20.3,4,"Dubai",39.8,41.9,"High",1,"Yes",0,"No",2994,"First",40.7,38.6,39.9
1820,43.5,27,"Dubai",36.7,36.8,"High",0,"No",0,"No",2156,"Second",37.2,36.9,34.2
1821,41.8,13,"Abu Dhabi",35.6,29.5,"High",1,"Yes",0,"No",3277,"First",37.9,37.1,36
1822,28.8,18,"Dubai",31.1,33.9,"Lower",0,"No",0,"No",2974,"Second",32.2,31.7,31.5
1823,26.8,11,"Sharjah",29.1,29.5,"Lower",0,"No",0,"No",3330,"First",31.5,30.7,28.1
1824,40.9,5,"Sharjah",25.9,38.8,"Lower",0,"No",0,"No",4146,"First",27.7,24.6,24.9
1825,34.6,17,"Dubai",27.6,36.9,"Lower",0,"No",0,"No",3063,"Second",27.8,26.1,27.2
1826,39.2,25,"Dubai",36.4,34.5,"High",0,"No",0,"No",3157,"Second",37.9,34.3,37.4
1827,44.1,5,"Sharjah",32.3,27.1,"Lower",0,"No",0,"No",2261,"First",29.9,34.5,33.2
1828,21.8,4,"Abu Dhabi",30.5,34.8,"Lower",0,"No",0,"No",2573,"First",30,29,32.6
1829,27.2,35,"Abu Dhabi",30.6,26.2,"Lower",0,"No",1,"Yes",3643,"Third",30.1,29.9,30.7
1830,40.9,33,"Abu Dhabi",31.5,18.4,"Lower",0,"No",0,"No",3662,"Third",31.1,31.2,33.2
1831,22,13,"Abu Dhabi",28.9,34.3,"Lower",0,"No",1,"Yes",3121,"First",31.8,29.7,29
1832,41.5,37,"Abu Dhabi",31,23.2,"Lower",0,"No",0,"No",3721,"Third",34.3,30.6,32.3
1833,18,27,"Dubai",32.7,33.5,"Lower",0,"No",0,"No",3619,"Second",34.3,33.2,34.2
1834,36.9,25,"Sharjah",30.8,22.2,"Lower",0,"No",0,"No",3392,"Second",28.7,33.1,30.9
1835,29.5,11,"Dubai",33.7,28.1,"Lower",0,"No",0,"No",3444,"First",34.6,32.7,34.7
1836,23.1,33,"Abu Dhabi",34.7,34,"Lower",0,"No",0,"No",3566,"Third",34.6,34,33
1837,29.5,21,"Dubai",31.7,35.9,"Lower",0,"No",1,"Yes",3646,"Second",30.6,33.9,33.9
1838,20,39,"Dubai",33.1,23.6,"Lower",0,"No",0,"No",3815,"Third",33.6,33.7,32.1
1839,40.4,13,"Dubai",30.1,22.9,"Lower",0,"No",1,"Yes",3682,"First",27.1,31,31.3
1840,23.2,39,"Abu Dhabi",32.8,38.9,"Lower",0,"No",0,"No",2656,"Third",33.6,30,30.7
1841,26,34,"Dubai",35.7,32.5,"High",0,"No",0,"No",2906,"Third",34.5,35.8,34.8
1842,24.2,12,"Abu Dhabi",33.5,7.3,"Lower",0,"No",0,"No",3528,"First",32.1,33.6,32.8
1843,28.3,34,"Abu Dhabi",29.8,29.3,"Lower",0,"No",0,"No",2893,"Third",32.7,29.1,33.1
1844,30.2,5,"Dubai",31.8,23.3,"Lower",0,"No",0,"No",3874,"First",31.7,29.8,31
1845,30,10,"Abu Dhabi",33.2,24.7,"Lower",0,"No",0,"No",3526,"First",33.9,34.9,32.5
1846,37.6,18,"Dubai",33.1,34.1,"Lower",0,"No",0,"No",3037,"Second",32.4,34.1,34.9
1847,35.1,13,"Abu Dhabi",29,23.3,"Lower",0,"No",0,"No",3583,"First",28.6,27.8,28.1
1848,41.1,26,"Dubai",35.3,22.4,"High",0,"No",0,"No",3559,"Second",35.3,36.5,35.5
1849,37.9,21,"Sharjah",29.1,34.6,"Lower",0,"No",0,"No",3554,"Second",32.7,29.6,29.5
1850,25.4,14,"Dubai",32.2,40.7,"Lower",0,"No",0,"No",3046,"Second",34.1,32.4,32.5
1851,24.6,29,"Sharjah",30.7,24.6,"Lower",0,"No",0,"No",2689,"Third",29.9,28.5,32.1
1852,37,27,"Dubai",30.4,36.6,"Lower",0,"No",0,"No",3662,"Second",31.4,30.9,29.6
1853,34.5,16,"Sharjah",36.2,23.2,"High",0,"No",0,"No",2706,"Second",37.2,34.9,35
1854,41.8,17,"Sharjah",27.7,19.6,"Lower",0,"No",0,"No",2412,"Second",28.9,26.9,30
1855,35.2,5,"Abu Dhabi",23.3,34.6,"Lower",0,"No",0,"No",3753,"First",23.2,25.8,24
1856,22.4,27,"Dubai",33,47.7,"Lower",0,"No",0,"No",3154,"Second",34.2,31.1,35.8
1857,32.3,30,"Sharjah",31.9,42.8,"Lower",1,"Yes",0,"No",2519,"Third",29.8,31.3,33.5
1858,24.1,33,"Dubai",29.3,34.5,"Lower",0,"No",0,"No",3541,"Third",32.2,29,30.3
1859,42.9,29,"Dubai",29.4,28.2,"Lower",0,"No",0,"No",3676,"Third",28.5,27.9,27
1860,38.7,37,"Sharjah",29.1,35.1,"Lower",0,"No",0,"No",4286,"Third",30.7,29.2,31.5
1861,19,24,"Dubai",31.3,28.9,"Lower",0,"No",0,"No",3252,"Second",29.4,29.6,31.8
1862,26.1,39,"Sharjah",34,20.4,"Lower",0,"No",0,"No",3648,"Third",31.9,34,34.8
1863,37.7,24,"Dubai",33.4,22.4,"Lower",0,"No",0,"No",2971,"Second",35.1,32.7,33.6
1864,41,28,"Dubai",33,35.7,"Lower",0,"No",0,"No",3405,"Third",31.3,34.8,33.8
1865,42,34,"Abu Dhabi",34.3,15.4,"Lower",0,"No",0,"No",3646,"Third",34.6,35.2,35.5
1866,25.5,30,"Abu Dhabi",30.9,33,"Lower",1,"Yes",0,"No",2387,"Third",33.5,30.4,31.7
1867,20.9,36,"Abu Dhabi",35.9,34.9,"High",0,"No",0,"No",3174,"Third",37.5,33.7,34.8
1868,22.8,16,"Abu Dhabi",27.3,26.3,"Lower",0,"No",0,"No",3139,"Second",28.3,25.9,29.2
1869,33.1,10,"Abu Dhabi",36.2,45.7,"High",0,"No",0,"No",3410,"First",40.2,35.1,34
1870,30.3,27,"Sharjah",32.9,34.5,"Lower",1,"Yes",0,"No",3068,"Second",30.6,30.9,34.4
1871,22.5,14,"Sharjah",32.6,34.1,"Lower",0,"No",0,"No",3302,"Second",30.3,34.9,30.9
1872,42.9,30,"Abu Dhabi",33.3,25.9,"Lower",0,"No",0,"No",2653,"Third",32.2,32.8,35.7
1873,27.7,9,"Dubai",34,25.4,"Lower",0,"No",0,"No",3468,"First",32.9,34.4,35.8
1874,42.4,7,"Dubai",30.5,31.9,"Lower",0,"No",0,"No",3762,"First",30.5,31.3,29.1
1875,31.9,20,"Dubai",33.6,32.7,"Lower",1,"Yes",0,"No",3618,"Second",30.9,31.9,35.5
1876,41.1,15,"Dubai",34.9,18.4,"Lower",0,"No",0,"No",2705,"Second",35.8,33,36.8
1877,29.7,21,"Sharjah",33.6,33.3,"Lower",0,"No",0,"No",3834,"Second",32.2,32.4,35.3
1878,25.6,5,"Abu Dhabi",31.5,37.6,"Lower",0,"No",0,"No",2859,"First",32.6,30.2,33.7
1879,44.3,21,"Dubai",33.9,30.7,"Lower",0,"No",0,"No",2802,"Second",32.5,36.5,34
1880,21.2,24,"Dubai",36.2,49.2,"High",0,"No",0,"No",3428,"Second",33.9,34.3,39.4
1881,30.5,7,"Dubai",32.9,36.7,"Lower",0,"No",0,"No",2916,"First",30.7,31.3,29.7
1882,41,39,"Sharjah",31.2,15.2,"Lower",0,"No",0,"No",3181,"Third",31.6,31,30.3
1883,20.4,7,"Abu Dhabi",34.4,35.9,"Lower",0,"No",0,"No",2712,"First",35.5,34.8,34.7
1884,28,5,"Dubai",29.2,23.1,"Lower",0,"No",1,"Yes",3333,"First",28.7,27.3,27.3
1885,24.1,4,"Dubai",35.3,31.3,"High",0,"No",0,"No",3063,"First",33.5,36.9,35.9
1886,31.2,23,"Abu Dhabi",32.2,42.1,"Lower",0,"No",0,"No",2745,"Second",31.8,32.5,31.5
1887,28.1,4,"Sharjah",29.3,26.6,"Lower",0,"No",0,"No",3018,"First",28.4,28.1,30.4
1888,42.5,9,"Abu Dhabi",33.6,23.5,"Lower",0,"No",1,"Yes",3459,"First",31.9,32.1,34
1889,26.8,6,"Dubai",30.1,37.1,"Lower",0,"No",0,"No",2609,"First",32.4,28,29.3
1890,41,34,"Dubai",30.3,32.9,"Lower",0,"No",0,"No",3016,"Third",28.6,30,29.8
1891,37.8,39,"Abu Dhabi",30.6,28.8,"Lower",0,"No",0,"No",3109,"Third",29.5,30.3,31.9
1892,39.8,26,"Dubai",35.4,31.5,"High",0,"No",0,"No",3512,"Second",35.8,36,36.6
1893,24.7,16,"Sharjah",31.3,20.8,"Lower",0,"No",0,"No",3099,"Second",32.4,30.5,33.3
1894,42,8,"Dubai",35.4,24.4,"High",1,"Yes",0,"No",2964,"First",34,36,35
1895,37.1,39,"Abu Dhabi",34.5,40.7,"Lower",0,"No",0,"No",3730,"Third",35.4,34.1,35.2
1896,31.7,28,"Dubai",38.5,43.4,"High",0,"No",0,"No",2968,"Third",39.7,38.5,36.9
1897,28.1,24,"Abu Dhabi",36.6,36.6,"High",0,"No",0,"No",3000,"Second",37.4,36.3,38.6
1898,42.3,36,"Abu Dhabi",31.8,17.1,"Lower",0,"No",0,"No",4204,"Third",30.8,32,31.2
1899,21.4,18,"Sharjah",28.8,36,"Lower",0,"No",0,"No",2745,"Second",27.6,25.1,27
1900,24,17,"Dubai",29.8,16.5,"Lower",0,"No",0,"No",3282,"Second",28.9,31.3,27.5
1901,30.8,37,"Dubai",31.6,34.8,"Lower",0,"No",0,"No",2636,"Third",36.1,31.7,29.6
1902,34.2,26,"Sharjah",35,20.1,"High",0,"No",0,"No",2761,"Second",30.7,35.2,36.9
1903,25.1,31,"Abu Dhabi",30.3,39.7,"Lower",0,"No",0,"No",3132,"Third",32.6,28.5,30.8
1904,37,14,"Abu Dhabi",27.7,20.5,"Lower",0,"No",0,"No",3923,"Second",27.1,26.8,29.3
1905,31.6,36,"Sharjah",33.3,37.8,"Lower",0,"No",0,"No",3419,"Third",31.4,31.7,32.8
1906,32.5,23,"Dubai",32,23.4,"Lower",0,"No",0,"No",3172,"Second",32.8,33.3,32.5
1907,43.6,11,"Sharjah",30.1,43.1,"Lower",0,"No",0,"No",3340,"First",30.9,31,31
1908,40.1,28,"Dubai",35.2,23.7,"High",0,"No",0,"No",3998,"Third",35.2,37.5,35.8
1909,30.5,20,"Abu Dhabi",30.2,43.2,"Lower",0,"No",0,"No",2510,"Second",30.6,28.9,28
1910,39.5,6,"Abu Dhabi",34.3,27.8,"Lower",0,"No",0,"No",3272,"First",36.3,36.3,34.5
1911,29.8,10,"Dubai",36.9,25.5,"High",0,"No",0,"No",3458,"First",38.1,35.3,37.2
1912,27.9,17,"Dubai",36.3,34.7,"High",0,"No",0,"No",2361,"Second",38.2,35.5,37.2
1913,19.9,19,"Sharjah",33.2,20.4,"Lower",0,"No",0,"No",2745,"Second",33.9,32.3,35.4
1914,36.7,14,"Dubai",34,33.6,"Lower",0,"No",0,"No",2997,"Second",29,34.1,33.8
1915,33.9,38,"Abu Dhabi",29,26.4,"Lower",0,"No",0,"No",3332,"Third",29.1,30.3,30.1
1916,33.3,16,"Abu Dhabi",35.9,24.5,"High",0,"No",0,"No",2764,"Second",36.5,33.3,35.3
1917,29.6,17,"Sharjah",30.6,15.1,"Lower",0,"No",0,"No",3679,"Second",31.4,30.7,30.1
1918,41.5,26,"Sharjah",29.7,59.8,"Lower",0,"No",0,"No",3477,"Second",28.5,32.3,28.7
1919,43.1,15,"Abu Dhabi",32.4,25.9,"Lower",0,"No",0,"No",3755,"Second",32.4,31.2,31.9
1920,30,39,"Dubai",27.3,38.8,"Lower",0,"No",0,"No",2760,"Third",28.1,26.9,27.9
1921,18.7,10,"Dubai",34.2,33.4,"Lower",1,"Yes",0,"No",2656,"First",32.5,34.2,35.5
1922,27.3,27,"Dubai",33.4,30.4,"Lower",0,"No",0,"No",2895,"Second",35.4,32.6,31.9
1923,23.4,10,"Dubai",35.5,26.8,"High",0,"No",1,"Yes",2682,"First",36.1,34.6,33.9
1924,35.8,36,"Dubai",28.3,43.7,"Lower",0,"No",0,"No",3751,"Third",28.6,29.4,28.9
1925,26,20,"Dubai",34.4,25.8,"Lower",0,"No",0,"No",2482,"Second",33,34.6,33.6
1926,19.7,14,"Abu Dhabi",32.7,30.1,"Lower",0,"No",0,"No",3307,"Second",31.9,33.6,34.6
1927,32.2,12,"Abu Dhabi",33.5,32.9,"Lower",0,"No",0,"No",3204,"First",32.8,33.8,33
1928,41,10,"Abu Dhabi",32.9,22.7,"Lower",0,"No",0,"No",3771,"First",33.8,34.4,32.8
1929,25.2,30,"Dubai",30.3,19.9,"Lower",0,"No",0,"No",3166,"Third",29.7,30.9,29.7
1930,35.4,8,"Abu Dhabi",30.6,18.6,"Lower",0,"No",0,"No",3623,"First",30.4,32.5,29.7
1931,33.6,8,"Abu Dhabi",30.4,29.3,"Lower",0,"No",0,"No",2614,"First",30.1,30,30.4
1932,30,40,"Abu Dhabi",29.7,38.1,"Lower",0,"No",0,"No",3877,"Third",27,28.3,28.8
1933,44.8,34,"Abu Dhabi",29.7,25.9,"Lower",0,"No",0,"No",3456,"Third",27.6,27.6,29.5
1934,36.3,27,"Dubai",33.2,32.7,"Lower",0,"No",0,"No",3324,"Second",33,31.9,32.1
1935,27.4,10,"Sharjah",34.3,24,"Lower",0,"No",0,"No",2817,"First",35.2,33.5,35.1
1936,23.9,4,"Dubai",30.1,32.3,"Lower",0,"No",0,"No",3847,"First",29.4,29.6,29.1
1937,32.6,22,"Abu Dhabi",31.8,22,"Lower",0,"No",0,"No",3466,"Second",30.7,34.6,31.7
1938,29.1,28,"Abu Dhabi",37,22,"High",0,"No",0,"No",3969,"Third",36.1,36.4,38.1
1939,24.2,20,"Dubai",29.1,22.4,"Lower",1,"Yes",0,"No",3683,"Second",30.4,29.2,27.6
1940,25.4,33,"Dubai",30.6,24.9,"Lower",0,"No",0,"No",2880,"Third",28.9,29.2,30.3
1941,41.2,14,"Sharjah",28.2,27.5,"Lower",0,"No",0,"No",2542,"Second",27.8,27.1,25.2
1942,36,29,"Abu Dhabi",29.6,12.3,"Lower",0,"No",0,"No",3333,"Third",28.1,28.4,29.3
1943,20.9,30,"Abu Dhabi",31.1,44.4,"Lower",0,"No",0,"No",2470,"Third",31,28.3,29.8
1944,28.8,34,"Dubai",34.5,23.5,"Lower",0,"No",0,"No",3447,"Third",37.2,35.8,36.6
1945,27,40,"Abu Dhabi",34.6,26.3,"Lower",0,"No",0,"No",3583,"Third",33,32.5,34.7
1946,18.2,16,"Dubai",33.2,33.7,"Lower",0,"No",0,"No",2712,"Second",35.4,32.1,32.2
1947,34.3,21,"Dubai",31.7,37,"Lower",1,"Yes",0,"No",3060,"Second",33,30.9,30.1
1948,28.6,28,"Dubai",32.6,33.2,"Lower",0,"No",0,"No",3726,"Third",28.9,29.3,30.6
1949,39.7,26,"Dubai",35.6,21.1,"High",0,"No",0,"No",3302,"Second",35.7,34.5,33.6
1950,22.4,5,"Sharjah",32.4,39,"Lower",0,"No",1,"Yes",2940,"First",35.1,29.7,32.4
1951,34.2,5,"Sharjah",34.6,50.6,"Lower",1,"Yes",0,"No",2614,"First",35.2,36.7,33.5
1952,24.9,19,"Sharjah",29.6,39.4,"Lower",0,"No",0,"No",3294,"Second",29.3,27.9,30.9
1953,38,16,"Abu Dhabi",29,34.8,"Lower",0,"No",0,"No",3471,"Second",26.8,30.5,30.8
1954,19.5,39,"Dubai",33.3,29.2,"Lower",0,"No",0,"No",3383,"Third",34.1,32.9,34.4
1955,20.2,14,"Dubai",29.8,30.7,"Lower",0,"No",0,"No",2895,"Second",27.5,31.5,30.5
1956,28.6,21,"Dubai",33.7,24.4,"Lower",0,"No",0,"No",2679,"Second",34.2,34.6,33.9
1957,25.6,7,"Abu Dhabi",34,23.3,"Lower",0,"No",0,"No",3119,"First",33.8,33.7,35.2
1958,44,32,"Dubai",34.4,21.8,"Lower",0,"No",0,"No",3002,"Third",34.5,37.7,32.7
1959,30.5,21,"Abu Dhabi",29.5,40.2,"Lower",0,"No",0,"No",3409,"Second",29.4,31.6,32.1
1960,44.4,21,"Dubai",28.4,24.6,"Lower",0,"No",0,"No",2976,"Second",27.7,27.6,27.7
1961,41,14,"Abu Dhabi",31.4,34.5,"Lower",1,"Yes",0,"No",3621,"Second",31.6,31.4,31.4
1962,35.4,7,"Dubai",35.8,30.4,"High",0,"No",0,"No",2922,"First",35.7,35.1,38
1963,31.3,4,"Abu Dhabi",36.8,30.1,"High",0,"No",0,"No",3390,"First",37.1,36.7,35.6
1964,29.3,7,"Abu Dhabi",35.2,42.6,"High",0,"No",0,"No",2319,"First",36.1,35.4,35.3
1965,28.9,14,"Abu Dhabi",30.1,31.4,"Lower",0,"No",0,"No",3466,"Second",30.9,30.4,30.6
1966,24,33,"Dubai",29.8,38.3,"Lower",0,"No",0,"No",2958,"Third",30.8,30.5,31.6
1967,32.3,36,"Dubai",34.9,25.9,"Lower",0,"No",0,"No",3430,"Third",34,34.6,38.7
1968,21.1,6,"Abu Dhabi",30.6,22,"Lower",0,"No",0,"No",3620,"First",29.3,29.2,29.7
1969,21.7,36,"Dubai",31.2,23,"Lower",0,"No",0,"No",3580,"Third",32,30.5,31.2
1970,21.1,26,"Abu Dhabi",32.5,26.8,"Lower",0,"No",1,"Yes",3220,"Second",33.3,35.1,34.8
1971,20.1,11,"Dubai",38.2,12.2,"High",0,"No",0,"No",2789,"First",36.9,37.3,38.9
1972,21.4,36,"Abu Dhabi",29.1,36.3,"Lower",0,"No",0,"No",3520,"Third",29.8,28.1,30.8
1973,36,20,"Sharjah",32.6,34,"Lower",0,"No",0,"No",3755,"Second",33.5,33.5,33.5
1974,42,34,"Dubai",36.6,30.2,"High",0,"No",0,"No",2965,"Third",38.4,35.7,36.6
1975,22.9,32,"Abu Dhabi",33.3,30.7,"Lower",0,"No",1,"Yes",3274,"Third",32.5,33.1,34.9
1976,22.4,10,"Dubai",25.5,20,"Lower",0,"No",1,"Yes",3402,"First",25,24.6,26.2
1977,34.6,37,"Dubai",29.2,18,"Lower",0,"No",0,"No",3252,"Third",29.8,28.3,28.5
1978,19.7,35,"Sharjah",34.2,11.1,"Lower",0,"No",0,"No",3421,"Third",32,35.3,34.3
1979,20.7,21,"Dubai",27.1,35.3,"Lower",0,"No",0,"No",3118,"Second",25.4,26.2,26.6
1980,44.9,22,"Abu Dhabi",29.1,38.3,"Lower",0,"No",0,"No",3862,"Second",29.1,30.8,28.8
1981,24.3,10,"Dubai",25.8,33.6,"Lower",0,"No",0,"No",2752,"First",30,24.4,27
1982,38.3,29,"Abu Dhabi",29.5,30.6,"Lower",0,"No",0,"No",3110,"Third",29.7,29.9,30.9
1983,32.1,15,"Abu Dhabi",35.9,25,"High",0,"No",0,"No",3482,"Second",37.6,36.1,35.7
1984,20.9,17,"Sharjah",27.5,35.5,"Lower",0,"No",0,"No",3811,"Second",27.5,27.6,27.9
1985,21.4,33,"Sharjah",31.9,26.6,"Lower",0,"No",0,"No",2953,"Third",29.9,31.6,31.9
1986,38.9,39,"Sharjah",27.8,28.1,"Lower",0,"No",0,"No",3501,"Third",24.3,29.1,25.6
1987,29.8,11,"Dubai",32.6,35.6,"Lower",0,"No",0,"No",3036,"First",31.1,34.3,31.1
1988,31.6,15,"Dubai",35,25.8,"High",0,"No",0,"No",2961,"Second",33.4,33.5,32.1
1989,34,29,"Sharjah",30.8,28.5,"Lower",0,"No",0,"No",3361,"Third",29.4,31.2,32
1990,34.8,16,"Abu Dhabi",33.9,20.4,"Lower",0,"No",0,"No",3652,"Second",32.1,34.8,34.6
1991,43.5,17,"Abu Dhabi",33.4,22,"Lower",0,"No",0,"No",3180,"Second",35.8,34.7,32.1
1992,21,25,"Dubai",34.9,27.3,"Lower",0,"No",0,"No",2917,"Second",32.4,34.8,32.4
1993,24.9,17,"Abu Dhabi",35.9,34.3,"High",0,"No",1,"Yes",2302,"Second",37.2,36.5,33.9
1994,18.4,27,"Sharjah",32.2,26.9,"Lower",0,"No",0,"No",3426,"Second",28.6,30.8,34.1
1995,36.2,32,"Dubai",26.3,19.1,"Lower",0,"No",0,"No",2713,"Third",25,29.6,27
1996,19.4,18,"Abu Dhabi",35.9,34.5,"High",0,"No",0,"No",3296,"Second",35.8,32.8,35.3
1997,38.5,33,"Dubai",37.1,28.8,"High",0,"No",1,"Yes",3353,"Third",36.1,37.5,37.7
1998,30.3,7,"Sharjah",30.7,26.5,"Lower",0,"No",0,"No",3204,"First",31,32,30.3
1999,44.7,16,"Abu Dhabi",33.2,32.7,"Lower",0,"No",0,"No",3289,"Second",34.1,35.4,33.4
2000,44.7,9,"Sharjah",37.5,31.4,"High",0,"No",0,"No",2958,"First",36.5,37.4,38
2001,44,17,"Dubai",35.1,30.2,"High",0,"No",0,"No",2976,"Second",35,34.6,37.4
2002,24.8,27,"Abu Dhabi",29.6,17,"Lower",0,"No",0,"No",4003,"Second",31.2,30.3,33.4
2003,40,25,"Dubai",31.3,36.7,"Lower",0,"No",0,"No",3628,"Second",32.9,29.7,33.4
2004,32.7,40,"Sharjah",33.4,14,"Lower",0,"No",0,"No",4142,"Third",33.6,31.7,33
2005,42.5,8,"Dubai",31.1,35.1,"Lower",0,"No",0,"No",3668,"First",31.1,34.7,29.6
2006,18.2,39,"Abu Dhabi",31.3,37.1,"Lower",0,"No",1,"Yes",3209,"Third",31.2,31.5,35
2007,27.8,40,"Abu Dhabi",31.8,31.7,"Lower",0,"No",0,"No",3676,"Third",30.9,32,32.7
2008,26.5,6,"Dubai",31.5,36.7,"Lower",1,"Yes",0,"No",3044,"First",30.6,30.6,32.7
2009,41.1,40,"Abu Dhabi",34.4,41.9,"Lower",0,"No",0,"No",3302,"Third",34.7,34.1,35.2
2010,34.9,28,"Dubai",28.7,33.6,"Lower",0,"No",1,"Yes",3130,"Third",27,28.1,30.7
2011,25.2,15,"Dubai",32.1,24.7,"Lower",0,"No",0,"No",3398,"Second",31.3,30.8,32.9
2012,41.2,15,"Sharjah",31,33.5,"Lower",0,"No",0,"No",2863,"Second",32.3,33.6,29.8
2013,38.1,16,"Sharjah",32.6,21.5,"Lower",0,"No",0,"No",3036,"Second",32.9,30.9,33.6
2014,28.2,35,"Dubai",35.3,39,"High",0,"No",1,"Yes",2493,"Third",36.1,36.4,33.3
2015,32.8,22,"Abu Dhabi",33.2,38.9,"Lower",0,"No",0,"No",3226,"Second",33.8,31.8,31.6
2016,43.4,29,"Dubai",36.3,28,"High",1,"Yes",0,"No",2963,"Third",36.7,36,38.8
2017,26.2,12,"Dubai",33.7,26.3,"Lower",0,"No",0,"No",2243,"First",31.4,31.8,33.8
2018,20.8,11,"Sharjah",31.4,37.1,"Lower",0,"No",0,"No",2806,"First",28.6,31.8,29.6
2019,35.8,19,"Dubai",38.3,37.5,"High",0,"No",0,"No",2598,"Second",37.5,38,37.8
2020,40.2,33,"Sharjah",30.7,37.2,"Lower",0,"No",0,"No",3149,"Third",31.1,29.3,31
2021,39.7,30,"Dubai",27.1,28.2,"Lower",0,"No",1,"Yes",3772,"Third",27.9,26.7,27.6
2022,21.4,40,"Abu Dhabi",31.4,19.6,"Lower",0,"No",0,"No",2734,"Third",31.3,31.3,35
2023,37.9,6,"Dubai",29.1,23.1,"Lower",0,"No",0,"No",3286,"First",29.3,28.8,27.1
2024,29.3,17,"Dubai",31.9,12.9,"Lower",0,"No",0,"No",3222,"Second",31.7,32.5,30.2
2025,21.6,18,"Dubai",32,39.1,"Lower",0,"No",0,"No",3024,"Second",33.1,33.1,31.9
2026,33.4,24,"Abu Dhabi",39.1,23.7,"High",0,"No",1,"Yes",2998,"Second",39.4,38,40.6
2027,19.5,38,"Dubai",37.1,34.9,"High",0,"No",1,"Yes",2912,"Third",37.1,37,36.6
2028,25.1,8,"Sharjah",39.4,29.6,"High",0,"No",1,"Yes",3054,"First",39.2,41,38
2029,29.2,4,"Abu Dhabi",31.5,44.3,"Lower",0,"No",0,"No",3380,"First",34.3,30.8,30.3
2030,39,27,"Dubai",32.5,21.9,"Lower",0,"No",0,"No",2961,"Second",31.2,32.2,32.4
2031,21,19,"Dubai",31.9,38.8,"Lower",0,"No",1,"Yes",3074,"Second",32.5,31.4,32
2032,30.8,9,"Dubai",31.5,37.5,"Lower",1,"Yes",0,"No",2982,"First",30.3,30,31.9
2033,31.6,34,"Abu Dhabi",29.8,25.6,"Lower",0,"No",0,"No",4699,"Third",29.2,28.2,30.7
2034,32.3,23,"Abu Dhabi",32.5,26.4,"Lower",1,"Yes",0,"No",3448,"Second",31.8,34.2,31.6
2035,31.3,32,"Sharjah",35.5,29.3,"High",0,"No",0,"No",3571,"Third",34.7,35,37.5
2036,22.2,19,"Sharjah",32.1,33.6,"Lower",0,"No",0,"No",3537,"Second",31.6,34.2,33
2037,26.3,14,"Dubai",29.2,44.9,"Lower",0,"No",0,"No",3785,"Second",28.1,31,31.2
2038,26.1,20,"Abu Dhabi",39.4,19.7,"High",0,"No",1,"Yes",2246,"Second",40.4,39.9,40.2
2039,19.3,11,"Dubai",31.9,39.4,"Lower",0,"No",0,"No",2651,"First",29.8,31.5,31.4
2040,26.5,36,"Sharjah",32.3,31.9,"Lower",0,"No",0,"No",2466,"Third",29.7,32.7,33
2041,26.8,11,"Dubai",32.3,37,"Lower",0,"No",0,"No",4198,"First",32.4,33.6,34.5
2042,42,34,"Dubai",30.1,12,"Lower",0,"No",0,"No",3574,"Third",30.7,31.1,30.5
2043,27,8,"Dubai",30.7,32.8,"Lower",0,"No",0,"No",2400,"First",30.8,34.7,29.6
2044,33.5,32,"Dubai",32.9,25.3,"Lower",0,"No",0,"No",2492,"Third",31.2,33.3,31.3
2045,19.3,22,"Dubai",35.8,23.8,"High",0,"No",0,"No",3088,"Second",38,35.8,34.4
2046,28.2,27,"Dubai",29.4,27,"Lower",0,"No",0,"No",3409,"Second",28.7,28.5,29.3
2047,37.6,36,"Abu Dhabi",28.7,39.9,"Lower",0,"No",0,"No",2338,"Third",27.1,28.6,28.9
2048,38.5,11,"Dubai",30.6,30,"Lower",0,"No",0,"No",3949,"First",32.5,30.5,32.8
2049,29.7,21,"Dubai",31.3,28.2,"Lower",1,"Yes",0,"No",3004,"Second",32.7,31.5,34.2
2050,29.4,40,"Abu Dhabi",27.4,38.5,"Lower",0,"No",0,"No",3320,"Third",27.6,27.8,27.4
2051,32.1,6,"Sharjah",32.4,38.1,"Lower",0,"No",0,"No",2595,"First",31.9,31.4,31.4
2052,28.6,26,"Dubai",35.7,22.8,"High",0,"No",0,"No",2373,"Second",33.9,37.4,38
2053,37.6,8,"Dubai",36.4,25.2,"High",0,"No",0,"No",2679,"First",36.9,35.9,35.5
2054,35.4,34,"Sharjah",31.3,27.7,"Lower",0,"No",0,"No",3740,"Third",30.3,32.4,30
2055,41.7,37,"Sharjah",38,26.9,"High",0,"No",0,"No",2757,"Third",39,39.6,38.8
2056,26.3,5,"Abu Dhabi",29.1,35.4,"Lower",0,"No",0,"No",3376,"First",26.8,29.7,29.6
2057,20.6,37,"Dubai",32.2,20.1,"Lower",0,"No",0,"No",3352,"Third",31.5,33.5,30
2058,44.3,28,"Sharjah",34.2,21.9,"Lower",0,"No",0,"No",3016,"Third",37.7,35.3,35.2
2059,44.7,30,"Sharjah",32.2,15.2,"Lower",0,"No",0,"No",3149,"Third",31.9,31.2,32.1
2060,42.3,26,"Dubai",35.9,23.6,"High",0,"No",0,"No",3297,"Second",36.2,36.3,36.3
2061,24.8,31,"Dubai",31.2,15.6,"Lower",0,"No",0,"No",2874,"Third",32.5,30.4,31.7
2062,36.4,34,"Abu Dhabi",33,36,"Lower",0,"No",0,"No",3239,"Third",33.6,30.2,33.9
2063,32.5,19,"Dubai",28.3,36.9,"Lower",1,"Yes",0,"No",3771,"Second",27.7,28.7,27.6
2064,21,15,"Abu Dhabi",32.1,53.6,"Lower",0,"No",0,"No",3674,"Second",28.3,31.3,31
2065,37.1,38,"Abu Dhabi",27.5,28.6,"Lower",0,"No",0,"No",3231,"Third",27.5,26.6,31.5
2066,36.2,25,"Abu Dhabi",33.9,46.8,"Lower",1,"Yes",0,"No",2632,"Second",33.1,33.4,33
2067,26.6,16,"Sharjah",31.3,37.1,"Lower",1,"Yes",0,"No",2828,"Second",31.2,29.6,29.3
2068,29.5,38,"Abu Dhabi",34.1,33.4,"Lower",1,"Yes",0,"No",2687,"Third",33,31.7,31.6
2069,41.5,18,"Abu Dhabi",26.8,40.3,"Lower",0,"No",0,"No",3184,"Second",26.2,26.4,28.7
2070,34.2,4,"Sharjah",28.1,21.3,"Lower",0,"No",0,"No",2596,"First",27.4,28.3,27.5
2071,28.1,31,"Sharjah",30,24.2,"Lower",0,"No",0,"No",3484,"Third",29.5,30.8,30.1
2072,32.6,21,"Dubai",32,25.2,"Lower",0,"No",1,"Yes",3156,"Second",29.6,33.4,30.6
2073,29.3,16,"Sharjah",34.9,27.9,"Lower",0,"No",1,"Yes",3015,"Second",33.8,36.2,35.9
2074,25.7,22,"Sharjah",28.9,28.6,"Lower",0,"No",0,"No",2796,"Second",29.7,29.7,27.7
2075,44.8,30,"Abu Dhabi",34.7,15.3,"Lower",0,"No",0,"No",2648,"Third",34.7,33.2,34.7
2076,38.3,35,"Dubai",33.7,27.7,"Lower",0,"No",0,"No",3716,"Third",36.1,34,33.5
2077,32,36,"Dubai",33,14.9,"Lower",0,"No",0,"No",3272,"Third",32.9,30.7,32.5
2078,27.8,26,"Abu Dhabi",33.6,38,"Lower",0,"No",0,"No",2844,"Second",32.8,35,32.8
2079,36.1,6,"Abu Dhabi",39.2,36.3,"High",0,"No",0,"No",3330,"First",41.5,41.7,39
2080,33.1,39,"Sharjah",33.1,34.4,"Lower",0,"No",0,"No",3479,"Third",31.7,33.4,34.2
2081,18.4,32,"Abu Dhabi",33.4,37.3,"Lower",0,"No",0,"No",3452,"Third",36,32.1,35.8
2082,20.9,39,"Abu Dhabi",32.9,23.8,"Lower",0,"No",0,"No",3305,"Third",30.6,33.5,35.2
2083,33.1,4,"Abu Dhabi",28.3,25.2,"Lower",0,"No",0,"No",3224,"First",29,28,27.4
2084,28.4,28,"Dubai",31.9,33.2,"Lower",0,"No",0,"No",3215,"Third",33.8,32,31.3
2085,31.7,5,"Dubai",27.6,24.4,"Lower",0,"No",0,"No",2982,"First",27.2,27.1,25.4
2086,25.4,17,"Dubai",28.9,28.6,"Lower",0,"No",1,"Yes",3363,"Second",28.6,30,28.2
2087,19.8,12,"Abu Dhabi",29.5,21.5,"Lower",0,"No",1,"Yes",2977,"First",29.7,30.4,31.7
2088,44.1,10,"Abu Dhabi",29.4,23.6,"Lower",0,"No",1,"Yes",4003,"First",28.3,30,30.2
2089,28.9,4,"Abu Dhabi",31.9,43.4,"Lower",0,"No",1,"Yes",3508,"First",32,30.3,32.3
2090,25.6,33,"Dubai",33.7,31,"Lower",0,"No",0,"No",3362,"Third",34.8,33.4,33.2
2091,22.9,24,"Abu Dhabi",31.7,45.1,"Lower",1,"Yes",0,"No",2878,"Second",33.5,31.6,32.6
2092,43.8,9,"Abu Dhabi",30.7,32,"Lower",0,"No",0,"No",2879,"First",30.7,28.7,30.7
2093,22.9,25,"Abu Dhabi",30.2,26.2,"Lower",0,"No",0,"No",3631,"Second",32.5,28.3,26.7
2094,41.9,12,"Dubai",32.5,38.2,"Lower",0,"No",0,"No",3015,"First",32.6,33.3,31
2095,30.7,5,"Sharjah",30.2,25.1,"Lower",0,"No",0,"No",3046,"First",32,32.4,31.3
2096,40.2,19,"Dubai",32,24.1,"Lower",0,"No",1,"Yes",3479,"Second",31.7,31.6,32.7
2097,32.5,26,"Dubai",31.9,34.8,"Lower",0,"No",0,"No",3236,"Second",28.8,32.4,29.2
2098,40.1,15,"Sharjah",39.6,31.2,"High",0,"No",1,"Yes",2654,"Second",40.3,41,40.2
2099,34,39,"Abu Dhabi",33,34,"Lower",0,"No",0,"No",2755,"Third",34,34.2,35
2100,22.8,24,"Sharjah",28.9,33.9,"Lower",0,"No",0,"No",3185,"Second",27.2,30.1,30.4
2101,42.6,11,"Dubai",34.2,30.4,"Lower",0,"No",0,"No",3647,"First",34,34.8,36.5
2102,35.2,23,"Sharjah",35.6,24.5,"High",0,"No",0,"No",2905,"Second",33.8,34.4,35.9
2103,26.1,26,"Dubai",32.2,20.9,"Lower",0,"No",0,"No",3687,"Second",32.7,30.7,31.8
2104,25.1,30,"Dubai",31.3,30.7,"Lower",0,"No",1,"Yes",3327,"Third",33.9,34.3,31.1
2105,31.5,6,"Sharjah",36.3,34.6,"High",0,"No",0,"No",2684,"First",34.4,35.1,35
2106,24.8,34,"Dubai",31.9,24.9,"Lower",0,"No",0,"No",3412,"Third",30.6,34.5,30.7
2107,33.9,40,"Dubai",33.3,43.6,"Lower",0,"No",0,"No",2057,"Third",34.3,33.7,32.3
2108,28,10,"Sharjah",30.3,22.6,"Lower",0,"No",1,"Yes",3072,"First",28.9,28.2,30.6
2109,39.2,29,"Sharjah",30.1,43.5,"Lower",0,"No",1,"Yes",3375,"Third",32.5,30.1,30.2
2110,31.2,14,"Abu Dhabi",31.3,36,"Lower",0,"No",0,"No",3071,"Second",32.7,31.6,33
2111,21.4,17,"Dubai",30.1,39.9,"Lower",1,"Yes",0,"No",3501,"Second",28.3,29.5,30.5
2112,23.9,6,"Dubai",36.1,37.6,"High",0,"No",0,"No",3435,"First",36.7,34.6,34.3
2113,32,32,"Dubai",35.2,35.4,"High",0,"No",0,"No",2575,"Third",35.2,32.4,35.2
2114,41.8,29,"Dubai",31.3,24.9,"Lower",0,"No",0,"No",3204,"Third",30.1,34,29.1
2115,33.1,33,"Abu Dhabi",32.3,31.1,"Lower",0,"No",0,"No",3195,"Third",28.1,28.9,31.4
2116,41.9,35,"Dubai",31.2,23.7,"Lower",0,"No",0,"No",2190,"Third",32.7,30.2,31.9
2117,20.6,10,"Abu Dhabi",31.8,31.9,"Lower",0,"No",1,"Yes",2524,"First",33.8,28.5,31.7
2118,41,27,"Sharjah",37.1,31.8,"High",1,"Yes",0,"No",3389,"Second",36.4,35.7,38.8
2119,20.5,6,"Dubai",36.6,25.1,"High",0,"No",0,"No",3821,"First",36.8,36.6,37.6
2120,37.9,40,"Dubai",32.4,24.2,"Lower",0,"No",0,"No",2626,"Third",30.8,34.2,32.7
2121,42.2,38,"Sharjah",31.5,21,"Lower",0,"No",0,"No",3691,"Third",34.6,32.4,29.8
2122,41.3,20,"Abu Dhabi",31,33.9,"Lower",0,"No",1,"Yes",2120,"Second",31.6,30.6,31.2
2123,39,5,"Dubai",30.9,29.6,"Lower",0,"No",1,"Yes",2796,"First",30.6,32.9,33.4
2124,29.1,15,"Abu Dhabi",29.8,21.9,"Lower",0,"No",0,"No",3299,"Second",30.9,30.2,26.4
2125,25.2,37,"Dubai",34.2,28.6,"Lower",0,"No",0,"No",3238,"Third",33.9,37.7,37.9
2126,44.1,14,"Abu Dhabi",28.9,20.5,"Lower",0,"No",1,"Yes",3198,"Second",30.4,26.8,28.6
2127,34.2,10,"Abu Dhabi",35.2,23,"High",1,"Yes",0,"No",4227,"First",36.5,33.3,38.9
2128,33.2,12,"Sharjah",34.6,32.6,"Lower",0,"No",0,"No",2938,"First",35.8,35.6,35
2129,29.9,33,"Sharjah",32.9,24.8,"Lower",0,"No",0,"No",3615,"Third",32.4,35,29.9
2130,37.4,31,"Dubai",32.7,35.8,"Lower",0,"No",0,"No",3384,"Third",30.7,31.4,32.1
2131,23.9,37,"Abu Dhabi",28.4,32.2,"Lower",0,"No",0,"No",3561,"Third",27.3,30.5,27.6
2132,41.7,6,"Dubai",29.6,38,"Lower",0,"No",0,"No",3124,"First",29.4,30.9,28
2133,39.5,7,"Abu Dhabi",27.9,24.3,"Lower",0,"No",0,"No",3368,"First",27,27.6,24.9
2134,36.1,15,"Sharjah",31.7,28.7,"Lower",0,"No",0,"No",3700,"Second",34.1,31.1,30.9
2135,24.8,8,"Sharjah",35.4,29.2,"High",0,"No",0,"No",2941,"First",35.9,35.1,34.6
2136,31.1,30,"Dubai",28.4,14.5,"Lower",0,"No",0,"No",3160,"Third",29.3,29.1,28.1
2137,33,34,"Dubai",29,29,"Lower",0,"No",1,"Yes",3000,"Third",28,27.8,29.8
2138,18,12,"Sharjah",26.2,25.8,"Lower",0,"No",0,"No",3560,"First",23.8,27.6,26.3
2139,37.5,7,"Abu Dhabi",28.1,41.3,"Lower",0,"No",0,"No",3405,"First",29.1,29.2,25.8
2140,33.9,4,"Abu Dhabi",36.2,22.8,"High",1,"Yes",0,"No",2854,"First",37.1,36,35.5
2141,41.7,11,"Abu Dhabi",31.8,43.9,"Lower",0,"No",0,"No",4119,"First",32.7,31,31.5
2142,20.8,15,"Dubai",34,26.2,"Lower",0,"No",0,"No",2902,"Second",33.7,34.1,32.4
2143,24.8,7,"Abu Dhabi",27,39.5,"Lower",0,"No",0,"No",3997,"First",27.7,25.8,27.2
2144,32.2,40,"Abu Dhabi",30.4,25.4,"Lower",0,"No",0,"No",3522,"Third",29.2,28,29.8
2145,42.6,18,"Dubai",34.7,24,"Lower",0,"No",0,"No",2760,"Second",37.3,34.2,35.2
2146,19.3,37,"Sharjah",32,39.8,"Lower",0,"No",0,"No",1916,"Third",32.9,30.4,30.9
2147,44.5,14,"Abu Dhabi",35.8,34.8,"High",0,"No",0,"No",3221,"Second",34.7,37,37
2148,42.3,31,"Abu Dhabi",35.4,25.7,"High",0,"No",0,"No",3202,"Third",35.4,35.7,36.5
2149,32.8,34,"Abu Dhabi",27.7,23.7,"Lower",0,"No",0,"No",3718,"Third",28.8,29.6,28
2150,19.9,6,"Abu Dhabi",31.5,23.3,"Lower",0,"No",0,"No",3427,"First",32.2,31.7,31.2
2151,23.3,37,"Abu Dhabi",24.7,38,"Lower",0,"No",0,"No",3253,"Third",25.4,26.6,25.1
2152,36.8,10,"Dubai",32.5,38.3,"Lower",0,"No",0,"No",3189,"First",34.9,33.7,33.1
2153,23.9,25,"Abu Dhabi",32.1,24.2,"Lower",0,"No",0,"No",3074,"Second",32.3,34.7,31.2
2154,43.6,32,"Abu Dhabi",31,38.3,"Lower",0,"No",0,"No",3869,"Third",28.4,31.6,31
2155,25.8,15,"Sharjah",32.8,25.5,"Lower",0,"No",0,"No",3148,"Second",34.1,33.5,32
2156,27,33,"Dubai",32.9,24.9,"Lower",0,"No",0,"No",3532,"Third",30.1,32,32
2157,36.8,5,"Dubai",29.3,27.9,"Lower",0,"No",0,"No",2589,"First",30.2,28.1,27.9
2158,25.2,27,"Abu Dhabi",32.6,33,"Lower",0,"No",0,"No",3098,"Second",32.7,32.3,30.7
2159,42.7,16,"Sharjah",35.3,39.6,"High",0,"No",0,"No",3021,"Second",32.9,35.5,36.5
2160,20.7,8,"Abu Dhabi",34.5,44.1,"Lower",0,"No",0,"No",2735,"First",32.3,33.7,34.9
2161,31.8,29,"Abu Dhabi",26,39.5,"Lower",0,"No",0,"No",3495,"Third",23.2,24.2,28.3
2162,30.4,13,"Sharjah",28.8,31.1,"Lower",0,"No",0,"No",3327,"First",27.7,26.4,28
2163,23.3,24,"Dubai",26.8,31.5,"Lower",0,"No",0,"No",3497,"Second",25,27.6,24.1
2164,34.1,30,"Dubai",32.4,32,"Lower",0,"No",0,"No",2877,"Third",31.2,33.7,32.6
2165,26.2,39,"Sharjah",31.8,13.4,"Lower",0,"No",0,"No",3676,"Third",33.7,31.7,32.1
2166,29.7,36,"Dubai",33.5,28.4,"Lower",0,"No",0,"No",2904,"Third",30.5,33.5,33.3
2167,41.6,19,"Dubai",27.5,33.1,"Lower",0,"No",0,"No",3481,"Second",26.6,27.4,27.3
2168,33,13,"Sharjah",30.9,15.6,"Lower",0,"No",0,"No",3736,"First",30.3,31.5,29
2169,20,33,"Sharjah",30.3,29.7,"Lower",0,"No",0,"No",3234,"Third",30.5,30.5,29.6
2170,21,26,"Dubai",32.1,20.8,"Lower",0,"No",0,"No",3658,"Second",32,32.1,30.7
2171,31.2,31,"Dubai",33.3,33.6,"Lower",0,"No",0,"No",2370,"Third",34.2,32.4,31.9
2172,42.6,16,"Dubai",30.3,25.8,"Lower",0,"No",0,"No",3392,"Second",30.5,30.4,30.2
2173,25.4,24,"Abu Dhabi",36.1,16.1,"High",0,"No",0,"No",3130,"Second",37.8,36.2,35
2174,35.6,37,"Dubai",32.2,29.2,"Lower",0,"No",0,"No",2778,"Third",31.5,32.9,31.5
2175,39.8,38,"Dubai",31.6,52.3,"Lower",0,"No",0,"No",3078,"Third",32.2,30.3,32.5
2176,42.2,8,"Abu Dhabi",31.7,27.1,"Lower",0,"No",0,"No",3972,"First",34.2,30.1,32.4
2177,35.1,6,"Abu Dhabi",29.8,27.9,"Lower",0,"No",0,"No",3648,"First",28,28.1,29.3
2178,22.6,19,"Dubai",34.5,39.3,"Lower",0,"No",0,"No",4022,"Second",31.2,36.9,37
2179,28.4,7,"Sharjah",34.9,22.7,"Lower",0,"No",0,"No",2728,"First",34.9,34.5,32.5
2180,39.2,27,"Dubai",33.7,45.5,"Lower",0,"No",0,"No",3119,"Second",31.7,33.1,35.3
2181,19,32,"Dubai",29.1,28.1,"Lower",0,"No",0,"No",2785,"Third",30.1,31.5,28.1
2182,27.1,35,"Dubai",32.4,41.4,"Lower",0,"No",0,"No",3688,"Third",30.7,32.2,32.6
2183,34.1,36,"Abu Dhabi",31.2,20,"Lower",0,"No",0,"No",3355,"Third",32.4,31.2,30.7
2184,43.7,39,"Abu Dhabi",31.4,37.8,"Lower",1,"Yes",0,"No",3070,"Third",31.8,32,29.4
2185,21.3,7,"Abu Dhabi",31.2,25.6,"Lower",0,"No",0,"No",3616,"First",33.1,32.4,29
2186,30.4,8,"Dubai",31.9,42.8,"Lower",0,"No",1,"Yes",2102,"First",32.6,34.2,31.2
2187,26.1,27,"Dubai",32.7,33.6,"Lower",0,"No",0,"No",2935,"Second",33.1,30.6,33.9
2188,19.1,29,"Sharjah",33.5,13.6,"Lower",0,"No",1,"Yes",3170,"Third",34,33,34.3
2189,43.3,37,"Sharjah",35.8,27.3,"High",0,"No",0,"No",3219,"Third",35.9,36.6,37.9
2190,43.6,31,"Dubai",21.3,32.3,"Lower",0,"No",0,"No",3774,"Third",21.9,21.2,23
2191,43.9,20,"Dubai",32.7,41,"Lower",0,"No",1,"Yes",3086,"Second",34.4,32.1,32.4
2192,39.6,5,"Dubai",31.9,33.7,"Lower",0,"No",1,"Yes",3080,"First",33.4,33.3,32
2193,41.2,4,"Dubai",33.9,31.4,"Lower",0,"No",0,"No",3101,"First",33.7,34.3,34.2
2194,44.9,6,"Abu Dhabi",36.6,51.3,"High",0,"No",0,"No",3129,"First",34.5,38.8,36.4
2195,33.3,6,"Dubai",34.5,37.9,"Lower",0,"No",1,"Yes",2696,"First",33.3,33.9,37.1
2196,42,14,"Dubai",33.6,33.6,"Lower",0,"No",0,"No",3218,"Second",33.3,33,36
2197,25.4,35,"Dubai",31.8,41.3,"Lower",0,"No",0,"No",3054,"Third",30.8,31.3,33
2198,27.3,22,"Sharjah",34.8,48,"Lower",0,"No",0,"No",2296,"Second",33.9,31.8,36.1
2199,36.5,24,"Dubai",39.9,35.1,"High",0,"No",0,"No",3337,"Second",39.6,39.3,41.3
2200,43.1,37,"Dubai",36.3,35.4,"High",0,"No",1,"Yes",2891,"Third",34.2,35.9,35.9
2201,39.6,8,"Abu Dhabi",28.9,19.6,"Lower",0,"No",0,"No",3208,"First",28.2,30.3,31.4
2202,29.3,7,"Abu Dhabi",31.3,16.8,"Lower",0,"No",0,"No",3494,"First",31.6,32.8,33.7
2203,39.8,25,"Abu Dhabi",32.6,30.9,"Lower",0,"No",0,"No",3912,"Second",32,31.9,34.9
2204,35.7,9,"Dubai",31.8,31.9,"Lower",0,"No",0,"No",3574,"First",33.2,30.7,29.1
2205,20.8,10,"Dubai",35.2,17.5,"High",0,"No",0,"No",3211,"First",34.8,34.9,32.8
2206,41.3,32,"Dubai",33.7,49.8,"Lower",0,"No",0,"No",3035,"Third",33.9,31.2,34.7
2207,21.4,32,"Dubai",30.9,34.4,"Lower",0,"No",0,"No",4067,"Third",30.2,33.6,29.6
2208,33.7,6,"Dubai",33.8,27.4,"Lower",0,"No",0,"No",2651,"First",33.9,32.8,33.2
2209,23.1,39,"Abu Dhabi",31.8,35.4,"Lower",0,"No",0,"No",2928,"Third",32.9,30.9,31.2
2210,18.9,21,"Dubai",34.6,26.8,"Lower",0,"No",0,"No",2704,"Second",34.3,34.8,35.1
2211,35.7,28,"Dubai",29.4,30.9,"Lower",0,"No",0,"No",3089,"Third",30.6,31.1,28.3
2212,34.1,30,"Dubai",34.5,19.2,"Lower",0,"No",0,"No",3096,"Third",34.7,34.4,33.9
2213,20.2,6,"Abu Dhabi",32.2,31,"Lower",0,"No",1,"Yes",2766,"First",31.3,31.5,34.7
2214,28.2,35,"Abu Dhabi",31.4,24.8,"Lower",0,"No",0,"No",3194,"Third",29.7,29.1,32.9
2215,39.4,21,"Dubai",35.7,31.1,"High",0,"No",0,"No",3234,"Second",33.8,34.9,36.1
2216,39.3,8,"Sharjah",32.8,38.5,"Lower",0,"No",0,"No",2784,"First",32.1,32.5,33.6
2217,19.8,39,"Sharjah",29,42.9,"Lower",0,"No",0,"No",2719,"Third",31.4,31,30.5
2218,35.1,6,"Dubai",30.9,27.2,"Lower",0,"No",0,"No",3195,"First",29.6,28.5,29.8
2219,35.8,8,"Dubai",35.3,33.9,"High",0,"No",0,"No",3439,"First",34.5,35.2,39.2
2220,30.5,7,"Sharjah",30.6,30.1,"Lower",0,"No",0,"No",3062,"First",30.9,29.9,26.5
2221,30.4,32,"Dubai",33.6,37,"Lower",0,"No",0,"No",3224,"Third",33,32.2,34.7
2222,32.2,27,"Sharjah",35.2,30.5,"High",0,"No",0,"No",3461,"Second",34.2,36.1,35.4
2223,32.5,26,"Dubai",30.4,16.2,"Lower",0,"No",0,"No",2213,"Second",32.8,31.9,30.2
2224,42.5,39,"Dubai",32.3,30,"Lower",0,"No",0,"No",3049,"Third",31.7,32.8,32.8
2225,44.2,29,"Dubai",26.8,22.3,"Lower",0,"No",0,"No",2908,"Third",25.8,27.5,29.2
2226,43.6,40,"Dubai",33,37.4,"Lower",0,"No",0,"No",2597,"Third",33.9,33,32.6
2227,30.5,23,"Dubai",27,39.9,"Lower",0,"No",0,"No",2825,"Second",26.5,28.5,25.9
2228,35.8,35,"Dubai",31.9,37.9,"Lower",0,"No",0,"No",2909,"Third",32.3,32.7,30.9
2229,31.5,39,"Dubai",31.3,24.7,"Lower",0,"No",0,"No",2927,"Third",32,30.5,30.8
2230,35.5,39,"Dubai",32.7,38.2,"Lower",0,"No",0,"No",3215,"Third",33.1,31.1,32.3
2231,27.9,35,"Sharjah",30.5,25.4,"Lower",0,"No",1,"Yes",3642,"Third",30.3,30.1,30.7
2232,22.1,25,"Abu Dhabi",32.7,29.6,"Lower",0,"No",0,"No",1959,"Second",32.4,31.4,34.5
2233,39,23,"Abu Dhabi",29.8,22.1,"Lower",1,"Yes",0,"No",3319,"Second",28.5,30.7,27.8
2234,38.2,10,"Sharjah",28.8,25.3,"Lower",0,"No",0,"No",3640,"First",29.1,29,28.2
2235,42.8,35,"Abu Dhabi",30.5,33.4,"Lower",0,"No",0,"No",3490,"Third",33.1,26.6,30.7
2236,31.9,25,"Dubai",32.2,30.2,"Lower",0,"No",0,"No",3069,"Second",31.5,30.7,34
2237,22.2,37,"Dubai",30.6,27.6,"Lower",0,"No",0,"No",2702,"Third",28.9,30.7,28.4
2238,34.6,34,"Dubai",34.3,44.7,"Lower",1,"Yes",0,"No",3025,"Third",36.9,33.5,33.4
2239,34.3,6,"Sharjah",32.4,18.5,"Lower",0,"No",0,"No",3266,"First",34.9,33.8,34.1
2240,18.6,15,"Abu Dhabi",34.7,34.6,"Lower",0,"No",0,"No",2985,"Second",35.7,34.4,33.1
2241,19.4,35,"Dubai",32.5,30.9,"Lower",0,"No",0,"No",3260,"Third",30.5,33,31.6
2242,26.3,10,"Sharjah",32.7,24.2,"Lower",0,"No",0,"No",3421,"First",31.3,31.3,35.7
2243,43.4,16,"Abu Dhabi",28,16.8,"Lower",0,"No",0,"No",3804,"Second",29.8,26.8,28.4
2244,18.6,26,"Dubai",33.3,57.7,"Lower",0,"No",0,"No",3562,"Second",31.5,32.5,29.9
2245,36.4,8,"Sharjah",38.4,29.7,"High",1,"Yes",1,"Yes",2875,"First",39.7,39.3,36.8
2246,18.3,15,"Dubai",38.2,29.7,"High",0,"No",0,"No",2970,"Second",37.2,39.9,36.1
2247,43.3,8,"Dubai",35.4,29,"High",0,"No",1,"Yes",2429,"First",35.6,35.3,33.1
2248,32.9,5,"Sharjah",34.9,17.9,"Lower",0,"No",0,"No",2895,"First",31.8,36.5,35
2249,26.6,14,"Abu Dhabi",31.7,28.6,"Lower",0,"No",0,"No",3750,"Second",32.5,33.7,30.4
2250,20.2,40,"Abu Dhabi",27.8,45.9,"Lower",0,"No",0,"No",3702,"Third",28.4,27.5,26.5
2251,34.6,27,"Sharjah",29.4,37.6,"Lower",0,"No",0,"No",3026,"Second",28.7,30.5,31.9
2252,18.7,6,"Abu Dhabi",27.6,30.1,"Lower",0,"No",0,"No",4184,"First",28.1,27.7,28.7
2253,42,24,"Dubai",32.1,23.2,"Lower",0,"No",0,"No",3506,"Second",30.9,31.7,30.6
2254,36.1,6,"Abu Dhabi",32.7,35.9,"Lower",1,"Yes",0,"No",3384,"First",32.9,30.4,33.8
2255,37.2,19,"Dubai",35.9,27.4,"High",0,"No",0,"No",2606,"Second",33.4,35.5,38.3
2256,20.1,22,"Dubai",32.7,27.6,"Lower",0,"No",0,"No",2776,"Second",30.7,32,31.5
2257,39.9,22,"Abu Dhabi",31.2,36.5,"Lower",0,"No",0,"No",3709,"Second",29.9,30,30.2
2258,44.6,28,"Abu Dhabi",37.2,32.8,"High",0,"No",0,"No",3019,"Third",36.8,35.1,37.1
2259,42.3,22,"Dubai",32.1,27,"Lower",0,"No",0,"No",3500,"Second",31.9,30.8,33.1
2260,22.6,15,"Dubai",33.2,24.6,"Lower",0,"No",1,"Yes",3133,"Second",36.1,34.2,33.1
2261,28.3,4,"Dubai",34.5,41.3,"Lower",0,"No",0,"No",3274,"First",36.8,34.6,35.1
2262,21.7,17,"Abu Dhabi",36.5,21.4,"High",1,"Yes",0,"No",2797,"Second",34.7,35.8,35.4
2263,32.9,40,"Dubai",36.2,31,"High",0,"No",0,"No",2180,"Third",35.9,36.1,35.1
2264,28.2,28,"Dubai",31.5,30,"Lower",0,"No",1,"Yes",4022,"Third",29.3,35,32.7
2265,32.4,19,"Dubai",28.6,15,"Lower",0,"No",0,"No",2950,"Second",28.5,28.8,28.5
2266,18.7,25,"Dubai",33.6,19.8,"Lower",0,"No",1,"Yes",3207,"Second",32.4,35.6,32.8
2267,26.9,30,"Abu Dhabi",32.9,19.2,"Lower",0,"No",0,"No",3250,"Third",31.3,34.6,30.8
2268,36,5,"Dubai",29.2,36.3,"Lower",0,"No",0,"No",3368,"First",30.1,30.2,29.3
2269,18.6,21,"Sharjah",33.3,24.8,"Lower",0,"No",0,"No",2937,"Second",33.7,35.1,29.6
2270,24.9,18,"Dubai",30.8,31.3,"Lower",0,"No",0,"No",2634,"Second",30.3,31.2,30.5
2271,25.8,28,"Dubai",32.7,20.7,"Lower",0,"No",0,"No",2690,"Third",33,32.4,34.1
2272,20,10,"Abu Dhabi",34.9,36.2,"Lower",0,"No",0,"No",2741,"First",32.6,36.2,35.6
2273,43.2,33,"Sharjah",32.6,39.8,"Lower",0,"No",0,"No",2877,"Third",33.4,34,32.8
2274,21,16,"Dubai",33.7,35.4,"Lower",0,"No",0,"No",2857,"Second",33.1,31.7,33.9
2275,44.7,4,"Dubai",35.3,28.5,"High",1,"Yes",0,"No",2334,"First",38.4,36,33.1
2276,20.9,39,"Dubai",27.7,25,"Lower",0,"No",0,"No",3805,"Third",30.3,27.1,29.4
2277,22.3,28,"Sharjah",27.4,31,"Lower",0,"No",1,"Yes",3733,"Third",29,29.9,26.1
2278,28.9,36,"Dubai",29.5,34.7,"Lower",0,"No",0,"No",2632,"Third",31,31.8,28.6
2279,25.1,4,"Sharjah",40.2,29.5,"High",0,"No",0,"No",3420,"First",36.7,38.4,39.1
2280,24.9,38,"Abu Dhabi",34,37.1,"Lower",0,"No",0,"No",2972,"Third",33.1,37.4,35.7
2281,18.5,22,"Dubai",36.4,42.4,"High",0,"No",1,"Yes",2703,"Second",36.9,34.3,36.8
2282,31.6,24,"Sharjah",33.2,28.1,"Lower",0,"No",0,"No",3787,"Second",35.2,32.8,30.6
2283,34.4,28,"Sharjah",32.2,33.9,"Lower",0,"No",0,"No",2785,"Third",34.6,33.2,33.4
2284,35.1,31,"Abu Dhabi",33.6,37.6,"Lower",0,"No",0,"No",3339,"Third",33,35.4,34.4
2285,26.2,17,"Dubai",34.1,32.7,"Lower",0,"No",0,"No",3450,"Second",34.8,33.3,32.2
2286,42.6,21,"Dubai",33.2,39.9,"Lower",0,"No",0,"No",1934,"Second",36.4,33.3,33.2
2287,21,24,"Dubai",31.5,40.5,"Lower",0,"No",0,"No",3290,"Second",28.3,32.4,28.7
2288,35.4,8,"Dubai",35.5,31.1,"High",0,"No",0,"No",2155,"First",34.1,32.5,34.9
2289,28.3,5,"Dubai",33.2,35.7,"Lower",0,"No",0,"No",2484,"First",32.5,34.2,34.7
2290,40.8,7,"Dubai",31.8,44.8,"Lower",0,"No",0,"No",3315,"First",32.4,33.1,33.1
2291,22.5,10,"Sharjah",29.4,31.3,"Lower",0,"No",0,"No",2961,"First",30.2,29.6,29.9
2292,29.8,5,"Abu Dhabi",29.6,36.5,"Lower",0,"No",0,"No",2996,"First",29.5,31.1,30.6
2293,40.4,37,"Abu Dhabi",36.2,22.2,"High",0,"No",0,"No",3377,"Third",37.6,39.2,39
2294,44,11,"Abu Dhabi",30.3,45.5,"Lower",0,"No",0,"No",2612,"First",28,30.1,28.3
2295,35.9,37,"Sharjah",27.8,13.7,"Lower",0,"No",0,"No",3317,"Third",28,29.5,30.6
2296,25.7,13,"Dubai",32.4,28.2,"Lower",0,"No",0,"No",3517,"First",35,31.5,32.1
2297,32.6,33,"Sharjah",32.3,30.5,"Lower",0,"No",1,"Yes",3026,"Third",34,31.1,35.6
2298,28.6,38,"Dubai",32.9,34.4,"Lower",0,"No",1,"Yes",3203,"Third",33,31.4,33
2299,40.1,22,"Abu Dhabi",27.5,36.3,"Lower",0,"No",0,"No",2714,"Second",27.6,27,28.6
2300,29.7,40,"Abu Dhabi",29.1,29,"Lower",0,"No",0,"No",3406,"Third",30.2,30.9,28.3
2301,36.8,32,"Abu Dhabi",34.8,24.5,"Lower",0,"No",0,"No",2991,"Third",33.2,35.9,35.5
2302,21.5,4,"Dubai",29.5,48,"Lower",0,"No",0,"No",3462,"First",31.4,30.7,30.7
2303,18.3,7,"Dubai",33.6,37,"Lower",0,"No",0,"No",3561,"First",33,33.6,32.6
2304,26.4,32,"Dubai",31.3,21.4,"Lower",0,"No",0,"No",3301,"Third",31,31.3,30.2
2305,34.5,14,"Abu Dhabi",30.7,25.2,"Lower",1,"Yes",0,"No",4286,"Second",30.5,31.4,31.1
2306,42.8,17,"Dubai",31.9,29.9,"Lower",0,"No",0,"No",2680,"Second",31.4,30.5,32.7
2307,36.7,18,"Dubai",32.4,44.5,"Lower",0,"No",0,"No",2687,"Second",36.9,33.3,33.9
2308,20.2,11,"Dubai",38.1,25.3,"High",0,"No",0,"No",3660,"First",39.4,38.9,41.1
2309,34.9,17,"Abu Dhabi",32.4,25.4,"Lower",0,"No",0,"No",2854,"Second",34,33,32
2310,43.4,16,"Sharjah",26.2,21.5,"Lower",0,"No",0,"No",4468,"Second",26.1,25.6,26.1
2311,25.4,38,"Dubai",29.7,27.6,"Lower",0,"No",0,"No",2714,"Third",27.2,29.2,30.7
2312,33,36,"Abu Dhabi",32,30.3,"Lower",0,"No",0,"No",3020,"Third",32.8,30.9,34.1
2313,32.9,4,"Abu Dhabi",31.5,30.2,"Lower",0,"No",0,"No",3034,"First",29.8,25.2,31
2314,30.6,8,"Sharjah",30.7,30.7,"Lower",0,"No",0,"No",2651,"First",30,31.8,32.6
2315,29.8,38,"Dubai",33.9,20.7,"Lower",0,"No",0,"No",3233,"Third",36.2,34.4,33.2
2316,43.8,36,"Sharjah",35.7,46.9,"High",0,"No",1,"Yes",2551,"Third",35.6,35.2,37.2
2317,21.3,15,"Abu Dhabi",33.1,26.3,"Lower",0,"No",0,"No",2418,"Second",32.8,34.2,32
2318,19.7,33,"Dubai",30,22,"Lower",0,"No",0,"No",3163,"Third",31.2,29.4,29.9
2319,44.3,38,"Sharjah",34.8,20.3,"Lower",0,"No",0,"No",2872,"Third",35.4,33.7,36.4
2320,27.4,6,"Abu Dhabi",27.6,20.9,"Lower",0,"No",0,"No",3882,"First",26.9,26.1,26.3
2321,19.6,25,"Dubai",33.3,41.9,"Lower",0,"No",0,"No",3089,"Second",34,34.3,32.7
2322,42.5,15,"Sharjah",32.1,39.4,"Lower",0,"No",1,"Yes",2992,"Second",32.3,31.3,29.9
2323,24.7,9,"Dubai",34.8,27.7,"Lower",0,"No",0,"No",2799,"First",32.6,36.5,31.9
2324,37.7,37,"Dubai",32.6,34.3,"Lower",0,"No",0,"No",3708,"Third",32.8,33.5,33.5
2325,41.8,9,"Dubai",33.3,39.4,"Lower",0,"No",0,"No",2778,"First",34.5,33.3,33.3
2326,39.9,31,"Dubai",33.2,32.5,"Lower",0,"No",0,"No",2149,"Third",35,34.2,31.3
2327,19.4,12,"Dubai",38.8,25.8,"High",0,"No",0,"No",2098,"First",40.4,40.4,36.9
2328,38.1,40,"Abu Dhabi",25.7,22.4,"Lower",0,"No",0,"No",2437,"Third",27.6,23.7,24.2
2329,38.3,30,"Dubai",32.7,45.4,"Lower",0,"No",0,"No",3022,"Third",31.7,34.6,29.5
2330,31,28,"Sharjah",31.4,37.7,"Lower",0,"No",0,"No",3613,"Third",31.5,31.4,33.6
2331,28.1,26,"Dubai",30,38.1,"Lower",0,"No",0,"No",2807,"Second",28.5,31.6,28
2332,31,10,"Sharjah",30.4,39.5,"Lower",0,"No",0,"No",2904,"First",30.8,31.4,32
2333,27.8,26,"Dubai",34.6,32.5,"Lower",0,"No",1,"Yes",2989,"Second",36.3,36.3,36.8
2334,36.8,39,"Dubai",35.5,22.6,"High",0,"No",0,"No",2751,"Third",36.5,38.4,36.5
2335,18.7,18,"Sharjah",33.3,36.4,"Lower",0,"No",0,"No",2246,"Second",31.9,34.9,34.3
2336,26.5,38,"Sharjah",31,30.1,"Lower",0,"No",0,"No",3398,"Third",31.4,29.5,31.7
2337,24.5,13,"Sharjah",32.7,22.6,"Lower",0,"No",0,"No",3559,"First",35,32.2,33.6
2338,31.8,26,"Abu Dhabi",29.1,29.5,"Lower",0,"No",0,"No",3422,"Second",27.4,29.3,29.2
2339,35.8,37,"Sharjah",29.8,49.4,"Lower",0,"No",0,"No",3116,"Third",32.6,30.2,30.4
2340,30.6,31,"Abu Dhabi",33.4,28.8,"Lower",0,"No",0,"No",3366,"Third",36.1,34.6,34.9
2341,27.3,4,"Dubai",33.5,23.9,"Lower",0,"No",0,"No",2834,"First",34,32.8,34.1
2342,18.6,25,"Dubai",36.6,31.3,"High",0,"No",0,"No",2920,"Second",36,40.1,37.3
2343,41.9,33,"Abu Dhabi",30,35.7,"Lower",0,"No",1,"Yes",3081,"Third",31,28.9,30.4
2344,26.4,35,"Abu Dhabi",36.6,34.6,"High",0,"No",0,"No",3418,"Third",34.6,37.9,35.8
2345,32.2,40,"Abu Dhabi",33,30.3,"Lower",1,"Yes",0,"No",2341,"Third",33.4,29.2,32.3
2346,24.4,18,"Dubai",28,33.3,"Lower",0,"No",0,"No",2726,"Second",29.8,28.2,28.1
2347,31.4,29,"Dubai",32.8,28.6,"Lower",0,"No",1,"Yes",3179,"Third",31.1,32.8,31.9
2348,34.6,31,"Dubai",31,48.9,"Lower",0,"No",0,"No",3509,"Third",31.8,28.6,31.9
2349,30.6,8,"Dubai",27.3,32,"Lower",0,"No",0,"No",2710,"First",25.2,28.1,26.3
2350,20.2,35,"Abu Dhabi",35.5,32.7,"High",0,"No",0,"No",2282,"Third",34.8,35.2,32.6
2351,35.8,16,"Dubai",33.1,35,"Lower",0,"No",0,"No",3180,"Second",29.3,33.7,35.1
2352,34.9,27,"Dubai",31.9,28.5,"Lower",0,"No",0,"No",2635,"Second",29.7,32.5,31.7
2353,42.3,31,"Dubai",36.6,34.9,"High",1,"Yes",0,"No",2878,"Third",36.6,36.4,39.6
2354,19.1,18,"Dubai",30.9,26.7,"Lower",0,"No",0,"No",3345,"Second",31.2,30.8,32.6
2355,39.7,37,"Dubai",31.7,31,"Lower",0,"No",0,"No",3649,"Third",33,31.5,32.4
2356,21,33,"Sharjah",27.4,9.6,"Lower",0,"No",0,"No",3797,"Third",26.9,28.7,27.1
2357,39.4,27,"Dubai",35.4,33.7,"High",0,"No",1,"Yes",2967,"Second",35.8,37.6,32.9
2358,41.9,10,"Abu Dhabi",34.1,35,"Lower",0,"No",0,"No",2729,"First",35.6,31.6,29.5
2359,43.3,10,"Dubai",33.6,36.1,"Lower",1,"Yes",0,"No",2644,"First",35,36.7,36.7
2360,40.3,34,"Abu Dhabi",33.2,31.2,"Lower",0,"No",0,"No",2930,"Third",32.2,31.3,32.7
2361,27.1,36,"Abu Dhabi",36.3,26.9,"High",0,"No",1,"Yes",2465,"Third",35.6,38.7,37.7
2362,34.2,7,"Sharjah",28.3,36.2,"Lower",0,"No",0,"No",2971,"First",28.6,28.6,28.4
2363,30.9,10,"Dubai",27.4,28.2,"Lower",0,"No",0,"No",3115,"First",28.2,27.7,27.9
2364,23.5,27,"Dubai",26.6,19.7,"Lower",0,"No",0,"No",4020,"Second",29.1,26.9,26
2365,44.2,25,"Abu Dhabi",30.4,31.8,"Lower",0,"No",0,"No",2457,"Second",29.3,31.2,30.9
2366,44.5,21,"Dubai",31.4,18.6,"Lower",0,"No",0,"No",2625,"Second",30.3,31.1,32.3
2367,26.4,10,"Sharjah",32.4,31.9,"Lower",0,"No",0,"No",3325,"First",31.3,32.5,34.7
2368,21.2,11,"Abu Dhabi",29.1,23.1,"Lower",0,"No",0,"No",2937,"First",29.2,29.4,30.7
2369,38.7,21,"Sharjah",32.8,39.4,"Lower",0,"No",0,"No",2952,"Second",31.8,30.9,32.9
2370,32.6,35,"Abu Dhabi",32.9,19.9,"Lower",0,"No",0,"No",3760,"Third",29.8,30.1,30.4
2371,34.8,27,"Sharjah",33.2,29.9,"Lower",0,"No",0,"No",3163,"Second",34.8,29.2,32.2
2372,44,21,"Abu Dhabi",35.8,26.2,"High",0,"No",0,"No",3120,"Second",34.9,35.9,35.5
2373,44.4,4,"Abu Dhabi",30.1,24.6,"Lower",0,"No",0,"No",2972,"First",31.6,30.6,30.1
2374,22.2,38,"Dubai",34.1,32.1,"Lower",0,"No",0,"No",3084,"Third",35.9,35.7,32.1
2375,43.5,10,"Dubai",28.3,20.2,"Lower",0,"No",0,"No",3289,"First",28.9,29.5,27.8
2376,43.4,34,"Dubai",33.2,34.1,"Lower",0,"No",0,"No",3461,"Third",32.6,34.3,34.5
2377,34.1,29,"Abu Dhabi",31.6,38.3,"Lower",0,"No",0,"No",2849,"Third",33.6,31.9,29.5
2378,26.5,25,"Abu Dhabi",36.5,28.2,"High",0,"No",0,"No",2908,"Second",32.9,32.7,34.4
2379,37.6,9,"Dubai",34.9,39.5,"Lower",0,"No",0,"No",3400,"First",34.2,35.1,34.8
2380,31.9,10,"Dubai",29.3,20.2,"Lower",0,"No",0,"No",2623,"First",29.1,27.4,30.3
2381,18,20,"Sharjah",22,26.3,"Lower",0,"No",0,"No",2696,"Second",24.7,18.6,21.5
2382,37.5,10,"Dubai",31.7,33.2,"Lower",0,"No",0,"No",2990,"First",33.2,32.5,33
2383,30.8,26,"Sharjah",32.3,23.1,"Lower",0,"No",0,"No",4370,"Second",31.7,33.1,32.7
2384,41.3,33,"Dubai",32.7,32.9,"Lower",0,"No",0,"No",3446,"Third",30.8,36.5,31.7
2385,38.4,33,"Abu Dhabi",32.7,27.4,"Lower",0,"No",0,"No",3215,"Third",34,33.3,31.7
2386,31.5,12,"Abu Dhabi",30.4,29,"Lower",0,"No",0,"No",3769,"First",32.6,27.6,29.7
2387,44.8,36,"Dubai",30.6,28.6,"Lower",0,"No",0,"No",2301,"Third",33.2,29.3,31.3
2388,37.8,12,"Dubai",31.3,21.5,"Lower",0,"No",0,"No",4060,"First",30.5,30.9,31.7
2389,32.9,16,"Abu Dhabi",29.7,25.3,"Lower",0,"No",0,"No",3654,"Second",31.4,31.1,30.6
2390,33.1,27,"Sharjah",28.6,32.5,"Lower",0,"No",0,"No",2932,"Second",26.8,28.7,28
2391,37.8,25,"Dubai",36,26.5,"High",0,"No",0,"No",3363,"Second",36.3,35.8,37.9
2392,30.3,38,"Dubai",23.2,15,"Lower",0,"No",1,"Yes",3312,"Third",21.8,23.9,23.8
2393,32.4,10,"Sharjah",31.9,10.7,"Lower",0,"No",0,"No",3505,"First",29.9,29,34.5
2394,35.5,5,"Dubai",29.4,24.7,"Lower",0,"No",0,"No",3570,"First",29.9,31,29.4
2395,20.8,38,"Abu Dhabi",28.2,41.7,"Lower",0,"No",0,"No",3273,"Third",30,27.6,30.2
2396,38,10,"Abu Dhabi",36.1,38.3,"High",1,"Yes",0,"No",3124,"First",34.7,34,35.3
2397,32.5,40,"Dubai",35.4,38.8,"High",0,"No",0,"No",2726,"Third",33.7,37,37.1
2398,36.7,5,"Abu Dhabi",33,23.7,"Lower",0,"No",0,"No",2971,"First",32.3,33.9,34.1
2399,37.9,7,"Dubai",35.1,31.3,"High",0,"No",0,"No",3169,"First",36.4,38.4,36.1
2400,38.8,20,"Abu Dhabi",32.1,31.8,"Lower",0,"No",1,"Yes",2926,"Second",32.1,30,34.5
2401,34.6,26,"Dubai",33.6,24.1,"Lower",0,"No",0,"No",3502,"Second",34,30.6,34.1
2402,30.2,26,"Abu Dhabi",30.3,27.9,"Lower",0,"No",0,"No",3565,"Second",30.5,29,29.1
2403,38.8,34,"Abu Dhabi",34.1,45.7,"Lower",0,"No",0,"No",3413,"Third",33.9,35.1,34.5
2404,27.8,20,"Dubai",32.8,37.7,"Lower",0,"No",0,"No",3729,"Second",32.4,34,33.3
2405,31.5,22,"Dubai",29.3,28.6,"Lower",0,"No",0,"No",2440,"Second",28.8,27.9,28.5
2406,35.5,8,"Abu Dhabi",35.7,35.6,"High",1,"Yes",0,"No",3390,"First",35.2,36.5,32.9
2407,26.8,22,"Abu Dhabi",30.9,26.9,"Lower",0,"No",0,"No",3410,"Second",31,30.2,31.7
2408,21.1,33,"Sharjah",35.9,27.7,"High",0,"No",0,"No",2098,"Third",39.1,35.5,35.6
2409,40.8,28,"Abu Dhabi",32.2,23.6,"Lower",0,"No",0,"No",3412,"Third",31.2,33.9,31.1
2410,30.5,8,"Abu Dhabi",34.1,30.8,"Lower",0,"No",0,"No",3224,"First",35,34,32.5
2411,20.7,35,"Dubai",35.9,30.8,"High",0,"No",1,"Yes",3466,"Third",34.1,33.1,36.5
2412,43.6,21,"Abu Dhabi",33.4,24.8,"Lower",0,"No",0,"No",3020,"Second",32,33.3,36.8
2413,38.9,11,"Dubai",34.8,31.9,"Lower",0,"No",0,"No",2454,"First",33.8,35.7,38.3
2414,26.6,13,"Dubai",30.6,25.7,"Lower",0,"No",0,"No",2400,"First",30.4,30.8,30.6
2415,33,12,"Dubai",33.8,28.8,"Lower",0,"No",0,"No",2372,"First",36,33.5,34.9
2416,28.5,9,"Sharjah",29.2,32.2,"Lower",0,"No",0,"No",3424,"First",31.6,29.7,26.8
2417,18.1,5,"Dubai",31.7,37.8,"Lower",0,"No",0,"No",3736,"First",30.9,32.9,32.5
2418,32.9,7,"Dubai",34.3,21.3,"Lower",0,"No",0,"No",2671,"First",34.9,33.2,34.1
2419,26.3,17,"Dubai",30.9,29.5,"Lower",0,"No",0,"No",3415,"Second",31.4,31.7,30
2420,23.6,18,"Abu Dhabi",32,32.1,"Lower",0,"No",0,"No",2910,"Second",29.7,32.8,28.2
2421,42.4,12,"Abu Dhabi",34.6,21.3,"Lower",0,"No",0,"No",1902,"First",32.6,36.5,34.2
2422,29.2,33,"Sharjah",31.6,30.3,"Lower",0,"No",0,"No",3400,"Third",34.2,30.2,31.6
2423,18.5,17,"Abu Dhabi",35.9,36.4,"High",0,"No",0,"No",2981,"Second",37.6,34.8,37.2
2424,40.3,19,"Abu Dhabi",32.2,38.5,"Lower",0,"No",0,"No",3055,"Second",34.3,33,32.4
2425,43,21,"Sharjah",34,34.7,"Lower",0,"No",0,"No",2783,"Second",34,31.5,35.2
2426,34.8,12,"Dubai",26.6,27.5,"Lower",0,"No",0,"No",3508,"First",27.7,26.4,29.4
2427,43,15,"Sharjah",30.6,32,"Lower",0,"No",0,"No",3619,"Second",29.3,30.1,31.6
2428,28.5,10,"Dubai",33.6,24.4,"Lower",0,"No",1,"Yes",3493,"First",35.1,31.5,32.4
2429,41.8,11,"Sharjah",36.4,31.1,"High",1,"Yes",0,"No",2785,"First",37.7,36.4,36
2430,34.3,23,"Dubai",32.2,32.3,"Lower",0,"No",0,"No",3775,"Second",29.8,31.4,30.2
2431,30.8,5,"Abu Dhabi",37.1,28.1,"High",0,"No",0,"No",3015,"First",35.3,37.1,36.3
2432,25.2,21,"Abu Dhabi",34.6,23,"Lower",0,"No",0,"No",3575,"Second",32.1,35.6,35.2
2433,25.8,16,"Dubai",35.7,22.1,"High",0,"No",0,"No",3209,"Second",36.8,33.7,36.4
2434,36,18,"Dubai",34.8,30.4,"Lower",0,"No",0,"No",2902,"Second",32.9,31.9,36.1
2435,19.6,32,"Dubai",32.8,21.7,"Lower",0,"No",0,"No",2822,"Third",35,33.1,31.7
2436,31,14,"Abu Dhabi",27.6,23.2,"Lower",0,"No",0,"No",3970,"Second",28.2,28.7,32.1
2437,30.7,29,"Dubai",27.6,26.8,"Lower",1,"Yes",0,"No",3265,"Third",26.5,27.4,27.4
2438,26.3,8,"Sharjah",33.2,41.1,"Lower",0,"No",0,"No",3853,"First",32.3,32.8,31.8
2439,29.1,22,"Sharjah",32.8,32.6,"Lower",0,"No",0,"No",3286,"Second",33,36.4,34.2
2440,37.8,36,"Sharjah",29.1,31.7,"Lower",0,"No",0,"No",3124,"Third",26.5,28.6,25.8
2441,44.2,6,"Abu Dhabi",32.6,13.6,"Lower",0,"No",0,"No",3776,"First",32.4,32.9,32.3
2442,22.8,7,"Dubai",27.5,34.7,"Lower",0,"No",1,"Yes",3281,"First",26.4,27.4,29.1
2443,34.3,9,"Abu Dhabi",33.6,27.9,"Lower",0,"No",0,"No",3563,"First",33.2,33.9,34.1
2444,30.9,22,"Dubai",31.9,32.2,"Lower",1,"Yes",0,"No",3090,"Second",32,32,34
2445,26,22,"Abu Dhabi",27.3,18,"Lower",0,"No",0,"No",4237,"Second",28.5,29.5,24.9
2446,25.5,33,"Sharjah",31.3,30.2,"Lower",0,"No",1,"Yes",3877,"Third",33.6,34,31.4
2447,40.7,11,"Abu Dhabi",29.3,31.1,"Lower",0,"No",0,"No",3567,"First",28.8,30,31.6
2448,37.2,17,"Dubai",31.1,33.9,"Lower",0,"No",0,"No",2607,"Second",29.8,28,29.3
2449,39.5,21,"Dubai",30.9,27.1,"Lower",1,"Yes",0,"No",2903,"Second",30.7,31.7,31.6
2450,41.7,38,"Dubai",34.1,23.9,"Lower",0,"No",0,"No",3191,"Third",36.5,33.3,33.3
2451,26.4,33,"Abu Dhabi",28.8,37.2,"Lower",0,"No",0,"No",3252,"Third",27.2,27.3,28.5
2452,24.1,33,"Abu Dhabi",30.9,23.6,"Lower",0,"No",0,"No",3304,"Third",28.2,29,32.2
2453,36.4,8,"Dubai",35,50.9,"High",0,"No",1,"Yes",3734,"First",36.9,33.2,34.5
2454,35.1,33,"Abu Dhabi",31.6,36.5,"Lower",0,"No",0,"No",2833,"Third",34.1,31.1,29.8
2455,25.2,24,"Abu Dhabi",31,40.6,"Lower",0,"No",1,"Yes",3350,"Second",31.4,33.4,30.5
2456,28.8,30,"Abu Dhabi",26.8,22.5,"Lower",0,"No",0,"No",3081,"Third",23.1,25.6,27.2
2457,24.7,29,"Sharjah",28.1,39,"Lower",0,"No",0,"No",2647,"Third",30,28.7,31.2
2458,32.8,27,"Dubai",30.3,26.8,"Lower",0,"No",0,"No",2714,"Second",30.9,31.8,29.1
2459,23,39,"Abu Dhabi",33.8,20.8,"Lower",0,"No",0,"No",2567,"Third",31.4,32.9,33.5
2460,23.7,23,"Abu Dhabi",33,28.6,"Lower",1,"Yes",0,"No",3397,"Second",30.5,31.2,32.5
2461,27.3,30,"Dubai",32.2,27.6,"Lower",0,"No",0,"No",3026,"Third",34.2,31.3,33.1
2462,35.8,28,"Abu Dhabi",37.5,33.3,"High",1,"Yes",0,"No",2876,"Third",35.4,37.7,37
2463,22.3,22,"Dubai",37.1,31.6,"High",0,"No",1,"Yes",3336,"Second",36.5,37.8,38.1
2464,35,16,"Abu Dhabi",31.3,51.3,"Lower",0,"No",0,"No",2978,"Second",31.2,31.3,33
2465,39.6,16,"Dubai",35.1,25.3,"High",0,"No",0,"No",2512,"Second",35.2,35.8,37.3
2466,18.9,30,"Dubai",31.4,22.9,"Lower",0,"No",0,"No",3564,"Third",31.8,31.3,33.3
2467,38.1,36,"Dubai",34.1,32.1,"Lower",1,"Yes",0,"No",3425,"Third",32.6,32.7,34.8
2468,34.3,27,"Sharjah",30.3,32.7,"Lower",0,"No",0,"No",3146,"Second",32,29.1,31.8
2469,30.2,39,"Sharjah",34.4,26.8,"Lower",0,"No",0,"No",2916,"Third",37.9,34.8,34.1
2470,27.4,32,"Dubai",28.1,22,"Lower",0,"No",0,"No",3376,"Third",30,27.4,30.1
2471,43.6,31,"Dubai",36.3,33.7,"High",0,"No",0,"No",3026,"Third",36.1,36.8,37.9
2472,18.3,26,"Dubai",28.4,27.2,"Lower",0,"No",0,"No",4113,"Second",29.7,28.5,30.2
2473,36.7,33,"Dubai",33.3,22.9,"Lower",0,"No",0,"No",2234,"Third",35,35.5,31.4
2474,36.9,37,"Abu Dhabi",24.5,15.5,"Lower",0,"No",0,"No",3895,"Third",26.2,25.8,22.6
2475,38.4,27,"Abu Dhabi",35.8,28.9,"High",0,"No",0,"No",1417,"Second",36.4,34.2,37.4
2476,22.4,17,"Sharjah",27.6,31.7,"Lower",0,"No",1,"Yes",3091,"Second",30.5,29.8,25.4
2477,27.4,17,"Sharjah",27.7,22.6,"Lower",0,"No",0,"No",3463,"Second",27.3,27.4,26.4
2478,35.4,36,"Abu Dhabi",30.1,32,"Lower",0,"No",0,"No",2901,"Third",28.3,28.1,28.4
2479,42.9,7,"Dubai",33.4,26.6,"Lower",0,"No",0,"No",2270,"First",34.3,32.5,36.2
2480,32.1,38,"Dubai",31.3,28.4,"Lower",0,"No",0,"No",4348,"Third",30.3,32.4,30
2481,32.8,19,"Dubai",30.7,21.1,"Lower",0,"No",0,"No",3573,"Second",28.8,32.5,31.1
2482,41.3,32,"Dubai",33.1,44.7,"Lower",0,"No",1,"Yes",2914,"Third",33,30.9,31.4
2483,26.6,8,"Abu Dhabi",33.8,20.3,"Lower",0,"No",0,"No",3897,"First",31.7,32.2,34.8
2484,18.2,38,"Dubai",33.2,34.8,"Lower",0,"No",0,"No",3658,"Third",32.4,32.1,34.1
2485,39.9,33,"Sharjah",32.8,26.5,"Lower",0,"No",0,"No",2834,"Third",32.9,33.8,30.3
2486,41.9,23,"Abu Dhabi",32,18.4,"Lower",0,"No",1,"Yes",3214,"Second",30.2,33.2,32.5
2487,23.7,33,"Dubai",36.3,32.2,"High",0,"No",0,"No",2971,"Third",37.8,36.1,38.1
2488,19.3,39,"Dubai",32.3,29.5,"Lower",0,"No",0,"No",3974,"Third",30.6,32.2,29.6
2489,21.8,17,"Dubai",33.6,23.3,"Lower",0,"No",0,"No",3631,"Second",32.6,32.5,34
2490,36.5,29,"Abu Dhabi",28.3,29.7,"Lower",0,"No",0,"No",3172,"Third",29.1,26.8,28.3
2491,42.5,38,"Sharjah",27.1,24.2,"Lower",0,"No",0,"No",2888,"Third",24.9,28.3,26.3
2492,41.6,28,"Dubai",37.6,32.1,"High",0,"No",0,"No",3150,"Third",39.9,38.4,38.8
2493,40.7,24,"Dubai",34.4,21.8,"Lower",0,"No",1,"Yes",3926,"Second",34.8,35.9,33.2
2494,34.4,14,"Abu Dhabi",28.3,45.5,"Lower",0,"No",0,"No",3101,"Second",23.6,25.7,27.2
2495,41,39,"Dubai",32.7,26.1,"Lower",0,"No",0,"No",2973,"Third",33.4,30.9,29.7
2496,38.6,11,"Dubai",38.6,21.5,"High",0,"No",1,"Yes",3037,"First",37.4,37.6,38.9
2497,38.3,24,"Abu Dhabi",30.7,26.6,"Lower",0,"No",0,"No",3260,"Second",32.5,32.5,28
2498,41.7,15,"Abu Dhabi",31.8,38.7,"Lower",0,"No",0,"No",3105,"Second",30.7,31.5,34.4
2499,33.7,13,"Dubai",37.9,43.4,"High",0,"No",0,"No",2893,"First",37.2,37.5,37.2
2500,26.1,32,"Abu Dhabi",31.5,29.6,"Lower",0,"No",0,"No",2131,"Third",32.8,29.6,31.2
2501,22.6,32,"Abu Dhabi",32.1,31.1,"Lower",0,"No",1,"Yes",2966,"Third",32.7,30.4,32
2502,39,19,"Sharjah",36.7,42.3,"High",0,"No",1,"Yes",2717,"Second",34.9,35.9,37.6
2503,26,22,"Dubai",29.8,46.3,"Lower",0,"No",0,"No",2681,"Second",30,29.7,27.6
2504,37.7,9,"Dubai",39.7,31.4,"High",0,"No",0,"No",3054,"First",38.7,38.1,41.7
2505,28.9,27,"Dubai",33.4,45.5,"Lower",0,"No",0,"No",3790,"Second",33,35.7,32.2
2506,18.6,40,"Abu Dhabi",32.4,28,"Lower",0,"No",0,"No",3760,"Third",33,33.4,35.4
2507,40.5,21,"Sharjah",31.1,22.8,"Lower",0,"No",0,"No",3343,"Second",33.4,30.4,31.5
2508,23,26,"Abu Dhabi",27.4,27.8,"Lower",0,"No",0,"No",3133,"Second",25.9,26.6,28.3
2509,29.5,5,"Abu Dhabi",28.6,18.9,"Lower",0,"No",0,"No",3581,"First",26,28.3,26.8
2510,43.1,29,"Abu Dhabi",29.2,26.2,"Lower",0,"No",0,"No",3906,"Third",27.8,27.9,29.3
2511,38.3,25,"Sharjah",30.4,18.2,"Lower",0,"No",0,"No",3614,"Second",30.2,30.7,28.7
2512,27.9,6,"Dubai",35.1,33.3,"High",0,"No",0,"No",2490,"First",34.4,36.1,35.9
2513,37.6,5,"Dubai",32.9,40.5,"Lower",0,"No",0,"No",2724,"First",32.1,33.9,32.4
2514,36.7,22,"Abu Dhabi",34.4,27.8,"Lower",0,"No",0,"No",3488,"Second",34.5,32.8,33.6
2515,27.8,29,"Dubai",28.2,37.5,"Lower",0,"No",1,"Yes",3599,"Third",27.1,26.1,27.1
2516,40.7,19,"Abu Dhabi",37.1,33.4,"High",0,"No",0,"No",3012,"Second",37.5,35.5,39.5
2517,20.5,21,"Sharjah",35.3,40.6,"High",0,"No",0,"No",2511,"Second",35.8,35.3,34.3
2518,31.8,21,"Abu Dhabi",33.3,34.1,"Lower",1,"Yes",1,"Yes",3192,"Second",34.4,32.2,31.7
2519,29.7,40,"Abu Dhabi",36.7,36.1,"High",0,"No",0,"No",3168,"Third",38.5,36.6,37.3
2520,44.5,5,"Abu Dhabi",33.6,22.6,"Lower",0,"No",0,"No",2373,"First",35.4,32.9,36.4
2521,27.7,21,"Sharjah",41.8,34.3,"High",1,"Yes",0,"No",2695,"Second",42.9,43.2,42.3
2522,23.8,28,"Dubai",28.4,30.2,"Lower",0,"No",0,"No",3470,"Third",26.7,27.3,29.6
2523,19.5,22,"Dubai",35.9,29.1,"High",0,"No",0,"No",3606,"Second",35.6,36.3,36.1
2524,38.9,6,"Dubai",34.5,33.5,"Lower",0,"No",0,"No",2788,"First",32.4,35.5,35.6
2525,27.7,30,"Dubai",34.8,38.9,"Lower",0,"No",0,"No",3558,"Third",36.1,34.1,35.8
2526,22,20,"Dubai",33.3,32.2,"Lower",0,"No",0,"No",2896,"Second",33.2,34.9,32
2527,42.3,11,"Dubai",28.3,17.9,"Lower",0,"No",1,"Yes",3173,"First",28,28,29.6
2528,28.1,23,"Dubai",38.6,19.9,"High",0,"No",0,"No",3024,"Second",39.5,41.2,37.3
2529,24.4,39,"Dubai",32,23.6,"Lower",0,"No",0,"No",3341,"Third",32.2,32.2,32
2530,24.4,28,"Dubai",28.5,33.5,"Lower",0,"No",0,"No",3509,"Third",30,29.5,29.4
2531,24.8,38,"Abu Dhabi",32.7,42.1,"Lower",0,"No",0,"No",2988,"Third",34.4,33.1,31.3
2532,40.5,6,"Dubai",35.5,18.1,"High",0,"No",0,"No",2998,"First",37.4,35.2,34.7
2533,43.9,23,"Dubai",34.7,32.3,"Lower",0,"No",0,"No",3532,"Second",33.1,37.6,33.5
2534,30.2,31,"Dubai",30.3,34.1,"Lower",0,"No",0,"No",3897,"Third",31,31.6,30.1
2535,32.4,20,"Sharjah",32.8,28.9,"Lower",0,"No",0,"No",3343,"Second",32.9,33.6,33.6
2536,32.6,9,"Abu Dhabi",36.5,31.8,"High",0,"No",0,"No",2080,"First",36.5,34.3,37.8
2537,19.4,16,"Dubai",32.3,27.1,"Lower",0,"No",0,"No",3613,"Second",32.6,35,32.7
2538,21.6,20,"Abu Dhabi",25.2,25,"Lower",0,"No",0,"No",3489,"Second",25.8,26.8,20.9
2539,20.9,13,"Dubai",27.8,14.5,"Lower",0,"No",0,"No",3603,"First",26.6,29,26.1
2540,35.1,35,"Abu Dhabi",32.5,33,"Lower",0,"No",0,"No",2845,"Third",35.1,31.3,29.8
2541,44.6,13,"Dubai",37.1,25.9,"High",0,"No",0,"No",2788,"First",37.2,38.3,35.5
2542,34.4,10,"Sharjah",32.7,52.9,"Lower",0,"No",0,"No",3284,"First",34.2,31.9,34.5
2543,41.6,31,"Abu Dhabi",30.7,32.6,"Lower",0,"No",0,"No",2277,"Third",32.6,29.6,31.8
2544,43.1,29,"Dubai",28,31.3,"Lower",0,"No",0,"No",2880,"Third",29.9,28,28.2
2545,29.6,14,"Sharjah",30.1,44.5,"Lower",0,"No",0,"No",2779,"Second",29.3,31.4,31.4
2546,28.7,39,"Dubai",35.6,22.8,"High",0,"No",0,"No",3475,"Third",35.9,35.9,34.7
2547,18.7,9,"Abu Dhabi",32.4,32.5,"Lower",0,"No",0,"No",3530,"First",31.2,34.3,31.7
2548,25,31,"Abu Dhabi",27.2,43.9,"Lower",0,"No",0,"No",2707,"Third",25.3,27.2,25.3
2549,18.8,36,"Abu Dhabi",31.5,17.1,"Lower",0,"No",0,"No",3457,"Third",32.1,31.2,31.5
2550,29.8,36,"Sharjah",31.3,27.9,"Lower",0,"No",0,"No",3193,"Third",32.9,30.2,28.6
2551,20.4,5,"Abu Dhabi",26.4,47.4,"Lower",0,"No",0,"No",3624,"First",25.8,25.8,25.8
2552,37.1,15,"Sharjah",32.8,22.2,"Lower",0,"No",0,"No",2806,"Second",34.2,32.9,31.8
2553,20.1,27,"Sharjah",30.4,13.5,"Lower",0,"No",0,"No",3764,"Second",28.8,35.6,29.4
2554,38.7,9,"Abu Dhabi",36,42.1,"High",0,"No",0,"No",3025,"First",36.4,36.1,36.6
2555,28.1,35,"Dubai",36.4,32.4,"High",0,"No",0,"No",2975,"Third",35.4,34.4,38
2556,27.8,28,"Dubai",30.8,32.2,"Lower",1,"Yes",0,"No",2425,"Third",31.3,30.1,29.7
2557,41.9,34,"Abu Dhabi",37.6,26.3,"High",0,"No",0,"No",2825,"Third",36.5,39.3,40.7
2558,38.1,16,"Dubai",31.3,13.7,"Lower",0,"No",0,"No",2909,"Second",30.2,32.1,29.3
2559,26.6,34,"Dubai",29.6,22.7,"Lower",0,"No",0,"No",3747,"Third",27.9,33.4,28
2560,41.8,8,"Dubai",29.3,28.8,"Lower",0,"No",0,"No",2697,"First",28.4,27.8,27.5
2561,23.8,27,"Sharjah",34.1,14.4,"Lower",0,"No",0,"No",2757,"Second",33.9,32.4,33.1
2562,20.9,35,"Dubai",30.6,23.3,"Lower",0,"No",0,"No",3191,"Third",32.2,32.9,27.3
2563,21.1,12,"Dubai",28.8,29.2,"Lower",0,"No",0,"No",3856,"First",30.9,27.2,30.8
2564,35.6,38,"Abu Dhabi",34.4,32.5,"Lower",0,"No",1,"Yes",2154,"Third",34.5,34.3,35.4
2565,20.9,5,"Dubai",28.2,16.9,"Lower",1,"Yes",0,"No",3108,"First",30.4,27.5,28.3
2566,34.3,35,"Abu Dhabi",33.4,30,"Lower",0,"No",0,"No",3100,"Third",34.3,33.7,34.3
2567,27.1,10,"Sharjah",32.2,32.9,"Lower",1,"Yes",0,"No",3223,"First",30.3,33.5,32.8
2568,31.3,39,"Dubai",37,31.2,"High",0,"No",0,"No",2467,"Third",37.8,35,36.8
2569,20.8,15,"Abu Dhabi",28.5,21.9,"Lower",0,"No",0,"No",3476,"Second",29.1,29.7,26.8
2570,22.5,22,"Dubai",34.1,30.4,"Lower",0,"No",0,"No",2655,"Second",32.4,34.7,35.1
2571,43.9,37,"Dubai",33.5,17.3,"Lower",0,"No",0,"No",2983,"Third",34.1,30.6,31.2
2572,43.3,18,"Dubai",34.7,31.2,"Lower",0,"No",0,"No",3107,"Second",36.2,33.5,33.3
2573,28.5,13,"Sharjah",34.9,37.8,"Lower",0,"No",0,"No",2188,"First",31.6,34.1,34.2
2574,20.6,19,"Abu Dhabi",34.8,32.7,"Lower",0,"No",0,"No",2896,"Second",33,33.5,34.5
2575,40.6,14,"Abu Dhabi",24.9,23.6,"Lower",0,"No",0,"No",2880,"Second",25.6,24.8,24.8
2576,25.8,25,"Dubai",30.3,25.7,"Lower",0,"No",0,"No",2828,"Second",31.5,29.2,30.7
2577,24.9,11,"Abu Dhabi",32.6,35.9,"Lower",0,"No",0,"No",3183,"First",31.7,30.5,33.1
2578,39.5,6,"Dubai",33.1,25.1,"Lower",0,"No",0,"No",3191,"First",31.2,34.8,31
2579,32.3,16,"Dubai",40.6,34.9,"High",0,"No",0,"No",3936,"Second",40.2,41.9,39.4
2580,38.4,30,"Dubai",31.2,29.2,"Lower",0,"No",0,"No",3589,"Third",32,34.4,33.1
2581,22.3,36,"Dubai",30,18.9,"Lower",0,"No",0,"No",3075,"Third",31.1,28.9,32.7
2582,38.5,27,"Dubai",29.6,48.6,"Lower",0,"No",1,"Yes",1537,"Second",28,29.5,30.1
2583,23.7,22,"Abu Dhabi",26.1,22.3,"Lower",0,"No",1,"Yes",2653,"Second",24.9,23.9,24.8
2584,28,39,"Sharjah",34.2,19,"Lower",0,"No",0,"No",2878,"Third",34.6,31,35.4
2585,26.8,22,"Dubai",29.9,42.9,"Lower",0,"No",1,"Yes",2789,"Second",31,28.4,27.2
2586,24.4,31,"Dubai",31.4,21.8,"Lower",0,"No",0,"No",3037,"Third",30.8,27.8,28.4
2587,29.5,30,"Dubai",30,32.7,"Lower",0,"No",0,"No",3262,"Third",29.4,30.5,30.6
2588,42.3,19,"Dubai",29.5,18.3,"Lower",0,"No",0,"No",3277,"Second",31.1,28.8,29
2589,33.5,21,"Dubai",36.7,22.4,"High",0,"No",1,"Yes",3425,"Second",35.8,37.2,36
2590,41.4,22,"Abu Dhabi",34.9,38.1,"Lower",0,"No",0,"No",2917,"Second",34.1,35.7,34.3
2591,33.3,27,"Sharjah",30.3,35.9,"Lower",0,"No",0,"No",2790,"Second",30.1,29,26.7
2592,23.8,20,"Dubai",30.3,34.9,"Lower",0,"No",0,"No",3236,"Second",30,31.2,31.4
2593,39.1,14,"Dubai",30.1,31.2,"Lower",0,"No",0,"No",4052,"Second",28.5,30.8,28.1
2594,43.2,19,"Abu Dhabi",32.2,39.3,"Lower",0,"No",0,"No",3078,"Second",34.4,31,33.5
2595,23.7,15,"Sharjah",42.7,38.3,"High",0,"No",0,"No",3117,"Second",43.3,44.5,41.8
2596,44.8,35,"Dubai",29,28,"Lower",0,"No",0,"No",3449,"Third",25.9,29.9,29.9
2597,40.5,39,"Sharjah",29.7,26.6,"Lower",0,"No",0,"No",3987,"Third",29.7,31.2,29.5
2598,43.4,14,"Sharjah",35.6,24.1,"High",0,"No",0,"No",2435,"Second",35,36,33.2
2599,36.7,34,"Sharjah",33.3,42,"Lower",0,"No",0,"No",2864,"Third",33.7,33.4,32.2
2600,20.8,26,"Abu Dhabi",32.5,21.4,"Lower",0,"No",0,"No",3448,"Second",34.8,32.4,32.6
2601,19.7,15,"Dubai",31.2,32.1,"Lower",0,"No",0,"No",3553,"Second",31.2,32.1,33.1
2602,22.7,10,"Dubai",32.7,19.9,"Lower",0,"No",0,"No",4080,"First",30.8,31.9,32.1
2603,20.5,14,"Abu Dhabi",28.8,34.5,"Lower",0,"No",0,"No",3578,"Second",29.5,28.5,28.4
2604,40.9,15,"Sharjah",24.9,25.9,"Lower",0,"No",0,"No",3036,"Second",28.4,25,26.2
2605,43.4,25,"Dubai",32.2,39.2,"Lower",0,"No",1,"Yes",3849,"Second",33.8,30.4,33.7
2606,20,34,"Abu Dhabi",34.5,34.4,"Lower",0,"No",0,"No",3364,"Third",34.8,34.1,34.7
2607,33.4,5,"Dubai",35.6,40.4,"High",0,"No",0,"No",3027,"First",35.7,36.4,37
2608,43.4,33,"Sharjah",33.6,23.8,"Lower",0,"No",0,"No",3162,"Third",31.6,34.6,36.2
2609,28.2,37,"Dubai",31.1,34.5,"Lower",0,"No",0,"No",3196,"Third",30.7,35.3,32.3
2610,26.5,20,"Dubai",36,16.3,"High",0,"No",0,"No",4166,"Second",39.3,38.5,38.8
2611,34.2,6,"Dubai",30.3,35.4,"Lower",0,"No",0,"No",3426,"First",31.4,28.1,32.7
2612,40.9,28,"Abu Dhabi",33.1,38.8,"Lower",0,"No",0,"No",4031,"Third",35.5,31.3,35.7
2613,20.5,34,"Abu Dhabi",30.5,26.6,"Lower",0,"No",0,"No",3864,"Third",30.6,31.1,31.1
2614,39.2,4,"Sharjah",33.3,33.3,"Lower",0,"No",0,"No",3381,"First",35.7,35.1,37.2
2615,28.7,34,"Dubai",32.9,40.2,"Lower",0,"No",0,"No",3039,"Third",30.6,35.6,33.6
2616,32.5,6,"Abu Dhabi",31.6,27.2,"Lower",0,"No",0,"No",3133,"First",31.3,31.9,29.5
2617,38.4,20,"Dubai",30.4,14.7,"Lower",0,"No",1,"Yes",2267,"Second",30.8,29.3,30.2
2618,40.9,36,"Dubai",31.7,15,"Lower",0,"No",0,"No",3824,"Third",32.4,30.5,32.3
2619,26.1,6,"Abu Dhabi",37.9,38.4,"High",0,"No",0,"No",3089,"First",36.2,39.3,37.2
2620,40,23,"Abu Dhabi",28.3,27.4,"Lower",0,"No",0,"No",3424,"Second",28.6,31.9,26
2621,24.8,23,"Abu Dhabi",32.5,27.4,"Lower",0,"No",0,"No",3392,"Second",31.4,31.1,34.1
2622,19.6,5,"Sharjah",37.5,20.3,"High",0,"No",0,"No",3472,"First",38,36.7,37.2
2623,23.9,32,"Abu Dhabi",32.3,31.8,"Lower",0,"No",0,"No",3199,"Third",32.2,31.5,32.3
2624,19.5,33,"Dubai",35.5,19.9,"High",0,"No",1,"Yes",3257,"Third",35.9,36.7,35.4
2625,42.9,20,"Dubai",36.3,32.2,"High",0,"No",0,"No",2349,"Second",36.6,35.4,35
2626,34.7,31,"Abu Dhabi",37.8,24.7,"High",1,"Yes",0,"No",3238,"Third",36.9,38.9,36.2
2627,36.5,40,"Abu Dhabi",37.4,41.1,"High",0,"No",0,"No",2915,"Third",40.4,39.7,38.6
2628,36.5,11,"Dubai",31.3,32.2,"Lower",0,"No",0,"No",3052,"First",30.2,31.6,31.4
2629,19.8,9,"Dubai",29.3,30.8,"Lower",0,"No",0,"No",3441,"First",29.8,31.6,29.3
2630,41.8,30,"Dubai",33.1,43.6,"Lower",0,"No",0,"No",3364,"Third",29.7,31.7,34.9
2631,24.7,25,"Dubai",27.4,31.6,"Lower",0,"No",0,"No",3579,"Second",27.6,26.4,28.2
2632,21.2,20,"Abu Dhabi",27.1,24.3,"Lower",0,"No",0,"No",2979,"Second",25.4,28.6,27.7
2633,18.6,7,"Sharjah",37.7,49.9,"High",0,"No",0,"No",2982,"First",38.7,39.9,37.8
2634,44.1,7,"Dubai",29.4,29,"Lower",0,"No",0,"No",2686,"First",29.9,28.1,28.3
2635,31.7,38,"Dubai",34.8,34.5,"Lower",0,"No",0,"No",2838,"Third",37.1,34.9,36.1
2636,31.6,31,"Dubai",28.8,31.1,"Lower",0,"No",0,"No",3312,"Third",27,25.8,27.5
2637,34.2,7,"Sharjah",35,27.6,"High",0,"No",0,"No",3874,"First",35.6,35.9,37.1
2638,29.4,29,"Sharjah",35.5,21.6,"High",1,"Yes",0,"No",3640,"Third",36.7,35.8,36.6
2639,28.5,6,"Abu Dhabi",29.4,25.6,"Lower",0,"No",0,"No",2981,"First",32.9,31.8,27.2
2640,37.5,39,"Dubai",35.2,21.1,"High",0,"No",0,"No",3887,"Third",36.4,36.7,32.4
2641,21.5,19,"Dubai",36.5,13.6,"High",0,"No",0,"No",2327,"Second",38.1,34.6,35.7
2642,31.7,16,"Abu Dhabi",31.4,22.9,"Lower",0,"No",1,"Yes",2731,"Second",33.7,30.8,30.7
2643,19,29,"Dubai",37.6,21.7,"High",0,"No",0,"No",2528,"Third",38.6,41.1,37.8
2644,40.9,13,"Abu Dhabi",33.9,31.7,"Lower",0,"No",0,"No",2267,"First",32.9,34.5,34.5
2645,25.8,32,"Abu Dhabi",30.2,28.9,"Lower",0,"No",0,"No",3616,"Third",31.9,30.9,33.3
2646,19.5,5,"Dubai",33.5,41.5,"Lower",0,"No",0,"No",2556,"First",35.1,33.2,32.7
2647,18.3,16,"Dubai",31.8,16.4,"Lower",0,"No",0,"No",3122,"Second",31,30.8,33.2
2648,18.4,6,"Dubai",36.9,35.5,"High",0,"No",1,"Yes",2413,"First",38.8,39.1,35.1
2649,40.6,10,"Sharjah",28.3,29.5,"Lower",0,"No",0,"No",3341,"First",28.3,26.5,29.9
2650,18.5,16,"Dubai",29.7,25.4,"Lower",0,"No",0,"No",3786,"Second",28.5,29.6,27.8
2651,24.5,36,"Sharjah",32.9,24,"Lower",0,"No",0,"No",3602,"Third",33.3,30.4,34.1
2652,22.4,19,"Sharjah",32.7,29.6,"Lower",0,"No",0,"No",3208,"Second",31.6,33.7,32.1
2653,18.1,6,"Dubai",28.7,34.9,"Lower",0,"No",0,"No",2681,"First",31.2,29.1,28.8
2654,20.9,30,"Abu Dhabi",31.4,20.4,"Lower",0,"No",0,"No",3507,"Third",33.8,33.3,32.9
2655,40.9,17,"Abu Dhabi",32.8,15.6,"Lower",0,"No",0,"No",3170,"Second",30.5,32.5,32.3
2656,42.8,28,"Sharjah",34,18.9,"Lower",1,"Yes",0,"No",3222,"Third",32.8,35.1,35.6
2657,35.1,31,"Abu Dhabi",34.3,21.8,"Lower",0,"No",0,"No",3308,"Third",34.4,32.6,35.7
2658,38,35,"Dubai",30.5,27.3,"Lower",0,"No",0,"No",3722,"Third",31.1,30.8,32.1
2659,18.1,21,"Sharjah",31.3,27.1,"Lower",0,"No",0,"No",3426,"Second",29.6,32.5,30.1
2660,42.6,29,"Dubai",27.8,26.3,"Lower",0,"No",0,"No",3478,"Third",28.9,30,27.3
2661,28.5,6,"Sharjah",36.4,30.8,"High",1,"Yes",0,"No",3055,"First",37.3,37.7,36.2
2662,26.9,11,"Abu Dhabi",26.8,15.9,"Lower",0,"No",0,"No",3546,"First",25.6,28.3,25.2
2663,22,19,"Sharjah",28.1,33.4,"Lower",0,"No",0,"No",3581,"Second",28.2,27.7,28.5
2664,25.3,30,"Abu Dhabi",30.8,30.3,"Lower",0,"No",0,"No",2862,"Third",32.5,31.7,30.3
2665,42.5,11,"Dubai",33.3,19.7,"Lower",0,"No",0,"No",3868,"First",34,34.5,33.1
2666,27.8,23,"Dubai",25.7,32.6,"Lower",0,"No",0,"No",3950,"Second",23.4,26.8,26.4
2667,44.2,26,"Sharjah",34.7,35,"Lower",0,"No",0,"No",3808,"Second",33.5,36.6,35.8
2668,42.4,38,"Dubai",31.1,43.1,"Lower",0,"No",0,"No",2881,"Third",29.2,30,31.6
2669,33.1,20,"Dubai",31.2,8.8,"Lower",0,"No",0,"No",3154,"Second",27.7,30.5,30.4
2670,20.9,5,"Sharjah",34.9,27.5,"Lower",0,"No",0,"No",2291,"First",35.4,34.8,32.9
2671,40.7,13,"Sharjah",34.9,24.2,"Lower",0,"No",0,"No",3322,"First",34.2,35.3,32.1
2672,31,9,"Dubai",30.4,41.9,"Lower",0,"No",0,"No",3057,"First",30.7,33.6,31.2
2673,43.1,37,"Abu Dhabi",32.8,47.3,"Lower",0,"No",1,"Yes",2983,"Third",34.8,30.8,33.9
2674,30.4,7,"Dubai",34.3,14.6,"Lower",0,"No",0,"No",3394,"First",32.7,37.2,35.5
2675,26.8,4,"Dubai",23.9,34.3,"Lower",0,"No",0,"No",2698,"First",26.2,23.4,25.2
2676,26.3,34,"Dubai",34.8,14,"Lower",0,"No",0,"No",2727,"Third",34.7,35.5,32.1
2677,36.5,36,"Abu Dhabi",29.5,32.7,"Lower",0,"No",0,"No",3035,"Third",28.7,30.6,31.4
2678,26.2,30,"Abu Dhabi",29.6,39.9,"Lower",0,"No",0,"No",2710,"Third",28.2,30.6,28.2
2679,28.8,25,"Abu Dhabi",30.7,16.2,"Lower",0,"No",0,"No",3873,"Second",29.7,32.8,29.4
2680,28.8,28,"Sharjah",34.5,21.3,"Lower",0,"No",0,"No",3703,"Third",34.3,35.2,35.8
2681,25.4,27,"Dubai",28.3,25.9,"Lower",0,"No",0,"No",3974,"Second",29.2,27.2,28.8
2682,28.1,26,"Dubai",29.9,39.7,"Lower",0,"No",0,"No",3736,"Second",29.3,29.8,29.3
2683,35.4,38,"Dubai",32.9,20.8,"Lower",1,"Yes",0,"No",3505,"Third",32.7,30.2,34.1
2684,35.1,5,"Dubai",36.3,36.3,"High",0,"No",1,"Yes",3412,"First",37.6,36.6,35.9
2685,28.6,38,"Dubai",33.3,34.4,"Lower",0,"No",0,"No",2888,"Third",32.3,35.3,33.3
2686,18.3,14,"Abu Dhabi",31.6,19,"Lower",0,"No",0,"No",4261,"Second",35.4,31.7,33.7
2687,39.9,23,"Sharjah",24.1,24.2,"Lower",0,"No",0,"No",4645,"Second",24.1,22.7,23.4
2688,40.5,11,"Sharjah",32.3,23.8,"Lower",0,"No",1,"Yes",3273,"First",31.2,31.7,33.3
2689,27.5,23,"Dubai",33,28.9,"Lower",1,"Yes",0,"No",2991,"Second",30.8,34.4,35.8
2690,39.1,14,"Abu Dhabi",23.3,24.8,"Lower",0,"No",0,"No",3626,"Second",21.6,24.9,23.9
2691,22.2,22,"Abu Dhabi",33.3,26.3,"Lower",0,"No",0,"No",3175,"Second",32.4,34.7,31.5
2692,40.2,6,"Sharjah",27,27.8,"Lower",0,"No",0,"No",2924,"First",25.6,27.2,26.2
2693,36.7,33,"Dubai",35.2,39.7,"High",0,"No",0,"No",2990,"Third",35.2,34.7,35.3
2694,20.9,27,"Abu Dhabi",28.2,26.5,"Lower",0,"No",0,"No",4071,"Second",29.7,27.5,25.6
2695,39.8,21,"Abu Dhabi",31.8,26.3,"Lower",0,"No",0,"No",3376,"Second",35.5,30.4,33.3
2696,33.5,30,"Abu Dhabi",29.9,33.9,"Lower",0,"No",1,"Yes",3747,"Third",29.5,31.6,31.4
2697,19.7,5,"Dubai",33.7,13.6,"Lower",0,"No",1,"Yes",2878,"First",31.8,33.8,33.1
2698,18.3,29,"Sharjah",29.5,26.8,"Lower",0,"No",0,"No",3300,"Third",29.9,30.8,28.9
2699,20.3,35,"Abu Dhabi",32.6,47.6,"Lower",0,"No",0,"No",3388,"Third",32.7,34.5,33.5
2700,37.4,4,"Dubai",31,38.7,"Lower",0,"No",0,"No",2760,"First",30.3,31.9,32.8
2701,32.6,36,"Dubai",30,10.7,"Lower",0,"No",0,"No",3664,"Third",30.6,29.7,30
2702,41.5,19,"Abu Dhabi",32.7,28.2,"Lower",0,"No",0,"No",4427,"Second",35.2,32.7,35.1
2703,32.9,11,"Dubai",28,36,"Lower",0,"No",0,"No",3165,"First",27.5,28,27.6
2704,34.1,31,"Abu Dhabi",27.6,37.9,"Lower",0,"No",0,"No",2921,"Third",27.4,24.9,26.7
2705,25.5,36,"Sharjah",29.4,33.5,"Lower",0,"No",0,"No",3604,"Third",28,29.9,28.1
2706,37.1,23,"Abu Dhabi",34.3,23.2,"Lower",0,"No",0,"No",3344,"Second",34.7,32,32.4
2707,43.1,14,"Abu Dhabi",26.2,26.6,"Lower",0,"No",0,"No",3973,"Second",24.9,27.9,26.5
2708,22.3,37,"Sharjah",38.1,24.4,"High",0,"No",0,"No",2913,"Third",38.3,40.2,35.9
2709,19.3,27,"Sharjah",31.2,20.3,"Lower",0,"No",0,"No",3089,"Second",34.8,31.1,29.3
2710,24.5,22,"Dubai",30.4,35.5,"Lower",0,"No",0,"No",2596,"Second",31.1,31.9,29.2
2711,19.9,6,"Abu Dhabi",28.1,36.7,"Lower",0,"No",0,"No",3011,"First",26.5,28.7,28.9
2712,39.8,36,"Abu Dhabi",22.7,26.7,"Lower",0,"No",0,"No",3538,"Third",21.5,23.2,24.2
2713,27.5,30,"Dubai",30.5,42.3,"Lower",0,"No",0,"No",3585,"Third",33.3,30.8,29
2714,25.1,19,"Sharjah",33.3,23.3,"Lower",0,"No",0,"No",2739,"Second",33.3,32.8,32.9
2715,33.3,11,"Dubai",33.2,36.3,"Lower",0,"No",0,"No",3617,"First",33.9,31.6,33.7
2716,40.6,29,"Sharjah",29.6,17.7,"Lower",0,"No",0,"No",3893,"Third",31.8,29.5,29.7
2717,21.4,6,"Sharjah",36.7,40.9,"High",0,"No",0,"No",2657,"First",34.9,35.9,39.8
2718,31.3,27,"Abu Dhabi",28.2,21.7,"Lower",0,"No",0,"No",3772,"Second",30.6,25.8,28
2719,40.9,17,"Dubai",31,25.8,"Lower",0,"No",0,"No",3330,"Second",29.3,33.3,30.7
2720,24.9,4,"Abu Dhabi",29.1,33.5,"Lower",0,"No",0,"No",2325,"First",27.3,28.2,29.5
2721,28,40,"Abu Dhabi",22.8,33.4,"Lower",0,"No",0,"No",3750,"Third",23.5,24.3,21.6
2722,20.4,31,"Sharjah",31.6,18.6,"Lower",0,"No",0,"No",3459,"Third",29.2,32.8,30.2
2723,21.4,29,"Sharjah",32.2,41.6,"Lower",0,"No",0,"No",3135,"Third",30.5,33.4,32.7
2724,19.2,9,"Dubai",33.8,25.4,"Lower",0,"No",0,"No",3574,"First",37.6,32.4,34.2
2725,22.2,5,"Dubai",34,35.8,"Lower",0,"No",1,"Yes",3234,"First",33.4,35.2,34.7
2726,30.2,5,"Dubai",26.9,40.7,"Lower",0,"No",0,"No",3260,"First",25.7,25.2,27.5
2727,22.9,32,"Abu Dhabi",34.8,37.4,"Lower",0,"No",0,"No",3301,"Third",35,35.1,35.2
2728,20.9,31,"Sharjah",28.8,38.2,"Lower",1,"Yes",0,"No",3434,"Third",28.2,28.5,30.1
2729,35.5,10,"Dubai",39.8,20.9,"High",0,"No",0,"No",2502,"First",40.3,41.2,37.8
2730,23.4,27,"Abu Dhabi",33.6,34,"Lower",0,"No",0,"No",3296,"Second",31.6,34.6,31
2731,22,27,"Sharjah",26.4,26.7,"Lower",1,"Yes",0,"No",3430,"Second",28.2,26,26.8
2732,42.3,26,"Dubai",31.1,27.4,"Lower",0,"No",0,"No",2634,"Second",33.2,31.6,30
2733,31.6,12,"Dubai",32.7,39.5,"Lower",0,"No",0,"No",2665,"First",35.5,31.1,32.3
2734,21.4,17,"Dubai",29.9,26.8,"Lower",0,"No",0,"No",3272,"Second",29.5,31.7,29.1
2735,20.7,40,"Abu Dhabi",28.4,40.5,"Lower",0,"No",0,"No",3878,"Third",26.3,28.7,31.9
2736,25.7,27,"Abu Dhabi",33.5,17.8,"Lower",0,"No",1,"Yes",3433,"Second",34.2,31.6,34.1
2737,31.5,22,"Dubai",29.9,27.3,"Lower",0,"No",0,"No",3540,"Second",29.9,28.6,29.4
2738,21.7,30,"Dubai",30.1,32.9,"Lower",0,"No",0,"No",3023,"Third",28.8,30,30.6
2739,33.2,16,"Dubai",29,31.2,"Lower",0,"No",0,"No",3489,"Second",31.1,32.5,27.9
2740,26.9,29,"Dubai",29,31.1,"Lower",0,"No",0,"No",3918,"Third",31.1,29.7,30.4
2741,42.2,36,"Abu Dhabi",33.1,39.2,"Lower",0,"No",1,"Yes",3526,"Third",33.8,34.6,33.1
2742,35.6,33,"Dubai",28.7,26.5,"Lower",0,"No",0,"No",3489,"Third",30.9,29.4,30
2743,30.3,19,"Abu Dhabi",29.2,45.5,"Lower",0,"No",1,"Yes",3277,"Second",29.7,25.7,27.8
2744,44.3,7,"Sharjah",31.6,21.5,"Lower",0,"No",0,"No",2109,"First",32.6,31.3,32.4
2745,39.2,5,"Abu Dhabi",30,19.2,"Lower",0,"No",0,"No",3536,"First",29.7,29,30.7
2746,21.9,34,"Abu Dhabi",25.9,26.5,"Lower",0,"No",0,"No",2783,"Third",25.6,24.5,26.2
2747,19.1,8,"Dubai",36.1,19.1,"High",0,"No",0,"No",3353,"First",37,34.5,35
2748,34.9,38,"Dubai",37.3,38.5,"High",0,"No",0,"No",2927,"Third",37.4,37.8,35.1
2749,35,16,"Dubai",32.8,31.5,"Lower",0,"No",0,"No",2388,"Second",34.8,33,30.4
2750,34.6,16,"Abu Dhabi",37.7,35,"High",0,"No",0,"No",3554,"Second",37.6,37.1,34.4
2751,31.2,34,"Dubai",33.7,36.4,"Lower",0,"No",0,"No",3158,"Third",33.9,36.5,36.2
2752,26.1,12,"Dubai",29.8,37,"Lower",0,"No",0,"No",2725,"First",30.5,30.9,27.8
2753,42.6,29,"Dubai",32.5,29.2,"Lower",0,"No",0,"No",3372,"Third",31.8,35,31.5
2754,37.6,28,"Sharjah",29.1,25.1,"Lower",0,"No",0,"No",3330,"Third",33.2,32.4,30.1
2755,19.9,11,"Abu Dhabi",27.6,28.4,"Lower",0,"No",0,"No",3891,"First",26.9,26.8,24.9
2756,29.5,8,"Abu Dhabi",23.6,32.7,"Lower",0,"No",0,"No",4181,"First",24.8,24.3,21.8
2757,39,34,"Dubai",39.3,38.8,"High",0,"No",0,"No",3387,"Third",39.9,38.6,37.8
2758,42.2,27,"Abu Dhabi",28.7,30.5,"Lower",0,"No",0,"No",2692,"Second",28.1,27.2,27.9
2759,27.2,37,"Dubai",29.2,44.6,"Lower",0,"No",0,"No",3519,"Third",29.5,29,30.4
2760,40.5,13,"Abu Dhabi",35,28.9,"High",0,"No",0,"No",3375,"First",32.8,36.5,34.2
2761,31.8,9,"Sharjah",34.4,32.5,"Lower",0,"No",0,"No",2768,"First",34.4,34.9,34.6
2762,33.1,30,"Dubai",29.1,25.9,"Lower",0,"No",0,"No",3670,"Third",30,30.3,31.3
2763,31.2,15,"Abu Dhabi",36.1,20.8,"High",0,"No",0,"No",2397,"Second",34.9,35.3,35.8
2764,18.2,16,"Dubai",31.2,30.8,"Lower",0,"No",0,"No",3551,"Second",32.7,31.2,35
2765,34,16,"Dubai",30.3,37.5,"Lower",0,"No",0,"No",4154,"Second",28.7,28.6,29.6
2766,43.4,14,"Dubai",32,39,"Lower",0,"No",0,"No",3634,"Second",31.9,29.5,30.1
2767,25.3,20,"Sharjah",32,19.6,"Lower",0,"No",0,"No",3639,"Second",33.3,36.9,29.8
2768,37.6,9,"Abu Dhabi",27.4,34.2,"Lower",0,"No",0,"No",3139,"First",27.4,28.7,23.9
2769,34.6,23,"Abu Dhabi",30.8,31.7,"Lower",0,"No",0,"No",3207,"Second",30,30.4,30.3
2770,31.9,5,"Dubai",36,23.1,"High",0,"No",0,"No",3440,"First",34.5,36.8,34.1
2771,35.6,29,"Abu Dhabi",29,24.4,"Lower",0,"No",0,"No",3923,"Third",27.7,29.7,26.6
2772,34.2,34,"Dubai",39.4,24.3,"High",0,"No",0,"No",3587,"Third",40.7,38.5,40.5
2773,29,31,"Dubai",31.6,39.7,"Lower",0,"No",1,"Yes",2765,"Third",32,29.2,31.2
2774,19.1,4,"Dubai",31.2,10.8,"Lower",0,"No",0,"No",2704,"First",29.9,31.8,30
2775,27.3,11,"Sharjah",33.1,34,"Lower",0,"No",0,"No",2957,"First",35.8,32.8,31.5
2776,28.9,40,"Abu Dhabi",34.2,50.3,"Lower",1,"Yes",1,"Yes",3237,"Third",34.4,33.1,35.1
2777,44.4,26,"Abu Dhabi",30.1,24.8,"Lower",0,"No",0,"No",4095,"Second",29.9,31.2,32.8
2778,19.8,32,"Sharjah",31.6,31.7,"Lower",0,"No",0,"No",3290,"Third",30.6,31.1,31.1
2779,21.4,22,"Abu Dhabi",33.7,40.4,"Lower",0,"No",1,"Yes",3309,"Second",35.8,34.7,34.3
2780,18.5,39,"Abu Dhabi",29.2,45,"Lower",1,"Yes",0,"No",2760,"Third",29.2,33,29.6
2781,28.7,31,"Dubai",30.6,20.5,"Lower",0,"No",0,"No",3180,"Third",31.1,30.3,30.6
2782,26.3,35,"Abu Dhabi",31.9,34.9,"Lower",0,"No",0,"No",2674,"Third",32,31.8,33.3
2783,37.5,38,"Abu Dhabi",36.7,34.7,"High",0,"No",0,"No",2956,"Third",38.8,36.1,36.7
2784,41.8,36,"Abu Dhabi",32,29,"Lower",0,"No",0,"No",3207,"Third",29.9,30.4,33.2
2785,33.3,27,"Dubai",34.1,35.1,"Lower",1,"Yes",1,"Yes",2783,"Second",33,34.8,35.2
2786,22.6,7,"Dubai",28.4,29.1,"Lower",0,"No",0,"No",3591,"First",28.7,28,30.7
2787,42.4,10,"Dubai",37.4,21.6,"High",0,"No",0,"No",2830,"First",38,36.6,35.8
2788,34.5,16,"Abu Dhabi",23.4,25.1,"Lower",0,"No",0,"No",3300,"Second",22.9,24.7,21.6
2789,36.1,13,"Sharjah",27.6,16.6,"Lower",0,"No",0,"No",3400,"First",27.5,27.7,24.8
2790,33.5,32,"Dubai",28,27,"Lower",0,"No",0,"No",3975,"Third",28.8,26.6,28
2791,38.7,26,"Sharjah",36.3,27.5,"High",0,"No",0,"No",4457,"Second",36.3,37.1,34.6
2792,42.7,23,"Dubai",30.5,25.1,"Lower",0,"No",0,"No",3397,"Second",31.7,27.5,30
2793,40.4,38,"Abu Dhabi",32.3,33.6,"Lower",1,"Yes",0,"No",2929,"Third",33,31.9,34.4
2794,30.8,23,"Dubai",29.6,29.6,"Lower",0,"No",0,"No",4075,"Second",30,28.4,30.9
2795,19.8,26,"Dubai",33.5,48.4,"Lower",0,"No",0,"No",3268,"Second",32.6,33,31.1
2796,26.5,9,"Abu Dhabi",37.3,18.1,"High",0,"No",0,"No",2941,"First",38.3,36.7,37
2797,30.7,12,"Dubai",31.8,28.1,"Lower",0,"No",0,"No",2978,"First",29.8,35.5,29.4
2798,22.3,31,"Dubai",33.4,11.8,"Lower",0,"No",0,"No",3193,"Third",33.8,34,33.9
2799,37.9,16,"Dubai",32,22.7,"Lower",0,"No",0,"No",2634,"Second",30.6,31.8,32.1
2800,19.1,27,"Dubai",38.7,24.9,"High",0,"No",0,"No",2790,"Second",39.2,36.2,37.5
2801,43.5,30,"Abu Dhabi",33.8,31.7,"Lower",0,"No",0,"No",3294,"Third",34.4,37.4,35.8
2802,19,31,"Abu Dhabi",31.7,45.6,"Lower",0,"No",0,"No",4024,"Third",33.5,31,32.9
2803,18.7,24,"Sharjah",29.9,17.8,"Lower",0,"No",0,"No",3436,"Second",28.3,29.3,32
2804,20,33,"Dubai",32.1,33.8,"Lower",0,"No",0,"No",3948,"Third",30.5,30.9,34.2
2805,22.4,21,"Abu Dhabi",33.2,43.1,"Lower",0,"No",0,"No",3833,"Second",33.2,33.4,32
2806,19.9,23,"Abu Dhabi",30.8,34.6,"Lower",0,"No",0,"No",2698,"Second",30.7,30.8,30.9
2807,40.7,5,"Dubai",29.8,44.8,"Lower",0,"No",0,"No",2376,"First",27.8,29,31.2
2808,43.8,35,"Abu Dhabi",36,9.8,"High",0,"No",0,"No",3714,"Third",36.4,38,35.3
2809,40.6,5,"Abu Dhabi",26,29.7,"Lower",0,"No",0,"No",4245,"First",28.1,28.4,26.7
2810,20.9,33,"Dubai",27.3,41.4,"Lower",0,"No",0,"No",3618,"Third",25.7,27.7,28.7
2811,26.1,40,"Dubai",34.8,24.3,"Lower",0,"No",0,"No",3682,"Third",36.5,31.1,36.1
2812,40.6,36,"Abu Dhabi",30.3,34.2,"Lower",0,"No",0,"No",3093,"Third",30.2,29.8,31.2
2813,19.4,24,"Sharjah",34.6,24.2,"Lower",1,"Yes",0,"No",4320,"Second",35.7,36.2,32.5
2814,34.9,39,"Dubai",31.3,17.3,"Lower",0,"No",0,"No",3252,"Third",33.7,29.6,29.4
2815,22.4,18,"Dubai",28.7,32.8,"Lower",0,"No",0,"No",3574,"Second",29.5,26.5,26.2
2816,20.8,38,"Abu Dhabi",32.3,33.8,"Lower",0,"No",0,"No",3750,"Third",32.7,34.2,33.1
2817,43.1,39,"Sharjah",32.6,33.4,"Lower",1,"Yes",0,"No",3527,"Third",29.5,32.4,31.4
2818,27.1,7,"Abu Dhabi",27.1,38,"Lower",0,"No",0,"No",3256,"First",26.1,28,26.1
2819,18.3,14,"Abu Dhabi",31.6,29.1,"Lower",0,"No",0,"No",3277,"Second",29.9,31.8,31.1
2820,31.7,24,"Dubai",33.2,33.8,"Lower",0,"No",0,"No",3249,"Second",34.4,35.2,31.3
2821,28.1,32,"Dubai",23.1,23.7,"Lower",0,"No",0,"No",3748,"Third",23.2,23.3,19.6
2822,37.3,27,"Sharjah",26.6,25.5,"Lower",0,"No",0,"No",3544,"Second",25.8,23.4,24.2
2823,37.2,32,"Dubai",31.5,14,"Lower",0,"No",0,"No",3021,"Third",32.5,32.6,32.6
2824,20.9,15,"Abu Dhabi",32.3,22.9,"Lower",0,"No",0,"No",2567,"Second",32.8,33.2,29.8
2825,30.1,18,"Abu Dhabi",29.3,29.9,"Lower",0,"No",0,"No",3483,"Second",28.7,30.2,29.3
2826,23.1,26,"Abu Dhabi",33.2,23.9,"Lower",0,"No",0,"No",3685,"Second",33,32.1,33.7
2827,31.1,29,"Abu Dhabi",34.7,18.2,"Lower",0,"No",0,"No",3404,"Third",34.4,34.3,36.5
2828,27.8,27,"Dubai",30.1,29.3,"Lower",0,"No",0,"No",3052,"Second",31.1,28.8,31.9
2829,43.6,27,"Abu Dhabi",28.6,36.4,"Lower",0,"No",0,"No",3335,"Second",29.7,31.6,30.1
2830,33.7,40,"Dubai",30.7,37.6,"Lower",0,"No",0,"No",3264,"Third",31.9,30.9,28.4
2831,27.5,28,"Abu Dhabi",26.4,31.7,"Lower",0,"No",0,"No",3258,"Third",23.8,26,23.6
2832,42.6,39,"Abu Dhabi",28.8,31.8,"Lower",0,"No",0,"No",2749,"Third",28.8,30.3,28.2
2833,34.1,12,"Dubai",30.5,22,"Lower",1,"Yes",0,"No",4107,"First",29,32,32.1
2834,39.9,38,"Abu Dhabi",34.9,32.1,"Lower",0,"No",0,"No",2023,"Third",34.8,33,33.7
2835,26.7,34,"Dubai",31.9,25.2,"Lower",0,"No",0,"No",3655,"Third",30.6,30.7,29.9
2836,26.2,33,"Abu Dhabi",32.1,27.5,"Lower",0,"No",0,"No",2116,"Third",34.4,34,29.3
2837,36.7,36,"Abu Dhabi",29.6,34.3,"Lower",0,"No",0,"No",3364,"Third",30.1,29.1,29.4
2838,32.4,29,"Abu Dhabi",30.7,41.1,"Lower",0,"No",0,"No",3477,"Third",30.4,29.8,30.4
2839,27.4,22,"Dubai",26.9,38.9,"Lower",0,"No",0,"No",3647,"Second",29.5,27.2,24.6
2840,43.2,6,"Dubai",36.7,19.7,"High",0,"No",1,"Yes",2864,"First",36.4,38.5,37.4
2841,35.1,17,"Dubai",30.3,19.8,"Lower",0,"No",1,"Yes",3884,"Second",31.6,31.1,30
2842,34.6,9,"Sharjah",27.4,39.5,"Lower",0,"No",0,"No",3175,"First",26.5,28.1,26.4
2843,30.3,19,"Abu Dhabi",34.5,28.8,"Lower",0,"No",0,"No",3044,"Second",34.6,33.5,33.7
2844,26.4,24,"Abu Dhabi",30.9,28.9,"Lower",0,"No",0,"No",3411,"Second",33.7,31.3,28.5
2845,44.8,24,"Sharjah",36.6,21.1,"High",0,"No",0,"No",3462,"Second",34.5,36.2,37.9
2846,38.8,31,"Sharjah",30.7,16.5,"Lower",0,"No",0,"No",3213,"Third",31.5,31.9,31.7
2847,43.8,4,"Dubai",32.2,8.9,"Lower",0,"No",0,"No",3455,"First",33.8,32.1,34
2848,23.7,25,"Abu Dhabi",27.4,33.3,"Lower",0,"No",0,"No",4117,"Second",28.7,28,28.8
2849,25.2,22,"Dubai",36.8,34.9,"High",0,"No",0,"No",2091,"Second",40.3,37.6,36.3
2850,22.2,10,"Abu Dhabi",32.6,36.8,"Lower",0,"No",0,"No",2791,"First",33.7,32.8,31.1
2851,25.9,26,"Dubai",33.9,30,"Lower",0,"No",0,"No",3052,"Second",32.9,31,33.5
2852,32.7,33,"Dubai",33.9,28.6,"Lower",0,"No",0,"No",3066,"Third",32.2,30.7,34.3
2853,20.1,19,"Abu Dhabi",31.3,14.9,"Lower",0,"No",0,"No",2795,"Second",32.4,32.2,30.8
2854,37.5,40,"Dubai",26.5,35.6,"Lower",0,"No",1,"Yes",2956,"Third",27.3,25.1,26.8
2855,21.8,30,"Dubai",32.1,29.7,"Lower",0,"No",0,"No",3061,"Third",34.3,29.9,30.7
2856,32.6,11,"Sharjah",37.4,22.7,"High",0,"No",0,"No",2803,"First",36.7,38.2,38
2857,18.7,38,"Abu Dhabi",34.5,22.8,"Lower",0,"No",0,"No",3074,"Third",33.6,37.3,31.6
2858,29.7,33,"Dubai",31.4,23.6,"Lower",0,"No",0,"No",3058,"Third",31.5,31.7,30.3
2859,38,16,"Abu Dhabi",33.4,22.2,"Lower",0,"No",0,"No",3445,"Second",33.1,36.3,34.1
2860,39.4,40,"Abu Dhabi",32.8,29.8,"Lower",0,"No",0,"No",3169,"Third",30.4,31,31.6
2861,22.5,4,"Dubai",32.7,40.2,"Lower",0,"No",0,"No",3845,"First",33.8,33.7,31.5
2862,20.7,19,"Sharjah",35.6,40.5,"High",0,"No",1,"Yes",2947,"Second",34.1,33.4,36.6
2863,30.2,11,"Abu Dhabi",35.2,37.4,"High",0,"No",0,"No",2384,"First",35.9,35,36.3
2864,43,4,"Dubai",36.5,29.5,"High",0,"No",0,"No",2552,"First",36.1,38.1,34.7
2865,44,19,"Dubai",30.8,38.8,"Lower",0,"No",0,"No",2734,"Second",29.2,29.2,32.4
2866,30.1,6,"Abu Dhabi",34.1,29.4,"Lower",0,"No",0,"No",2732,"First",32,35.8,35
2867,38.1,25,"Abu Dhabi",34.4,37.8,"Lower",0,"No",0,"No",3195,"Second",35.2,35.6,35.8
2868,34,38,"Abu Dhabi",36.3,20.2,"High",0,"No",1,"Yes",3282,"Third",38.3,38.4,35.1
2869,20.6,13,"Abu Dhabi",32.8,23.3,"Lower",0,"No",0,"No",2918,"First",29.5,32.2,33.2
2870,32.1,25,"Abu Dhabi",28.4,33.6,"Lower",0,"No",0,"No",3341,"Second",29.2,27.6,28.4
2871,23.4,18,"Sharjah",32,36.3,"Lower",0,"No",1,"Yes",4063,"Second",32.8,32,32.4
2872,39.1,10,"Abu Dhabi",32.5,32.5,"Lower",0,"No",0,"No",3952,"First",32.9,29.3,31.5
2873,18.9,22,"Abu Dhabi",36.4,14.5,"High",0,"No",0,"No",3208,"Second",36.8,39,39.2
2874,34.3,37,"Dubai",30.3,27.3,"Lower",0,"No",0,"No",3041,"Third",29.6,33,29.9
2875,21,11,"Sharjah",29.7,20.9,"Lower",0,"No",0,"No",3837,"First",28.8,27.9,29.2
2876,19.9,31,"Abu Dhabi",30.8,37.5,"Lower",0,"No",0,"No",3280,"Third",31.7,31.8,29
2877,43.1,38,"Dubai",34.3,25.3,"Lower",0,"No",0,"No",2730,"Third",33.4,33,35.9
2878,29.7,26,"Sharjah",30.5,14.3,"Lower",1,"Yes",0,"No",3187,"Second",30.2,30.2,29.9
2879,36.3,33,"Sharjah",37.2,32.5,"High",0,"No",0,"No",2552,"Third",34.6,38,37.7
2880,31.9,8,"Abu Dhabi",30.2,20.8,"Lower",0,"No",0,"No",4021,"First",27,29.5,28.3
2881,20.3,32,"Dubai",28,18.2,"Lower",0,"No",0,"No",3294,"Third",26.2,27,28.3
2882,22.8,39,"Abu Dhabi",35.7,18.5,"High",0,"No",0,"No",4079,"Third",37.3,32.9,35.6
2883,37.7,19,"Abu Dhabi",31.4,32,"Lower",0,"No",0,"No",3381,"Second",34.7,28.3,34.2
2884,40.6,19,"Abu Dhabi",33.6,37.5,"Lower",0,"No",0,"No",2843,"Second",32.4,32.5,32.9
2885,38.8,14,"Sharjah",28.4,30.2,"Lower",0,"No",0,"No",2703,"Second",29.3,27.6,28.8
2886,21.4,26,"Abu Dhabi",31.1,40.5,"Lower",1,"Yes",0,"No",2843,"Second",34.6,31.2,31.7
2887,21.7,16,"Sharjah",31.6,39.5,"Lower",0,"No",0,"No",2691,"Second",31.4,32.9,32.7
2888,22.3,34,"Dubai",35.7,49.5,"High",0,"No",0,"No",2195,"Third",34.5,39,34.7
2889,29.9,10,"Dubai",31.8,23.9,"Lower",0,"No",1,"Yes",3531,"First",31,32.3,33.5
2890,37.5,33,"Abu Dhabi",27.8,34.6,"Lower",0,"No",0,"No",3040,"Third",28.4,26.2,27.3
2891,32.7,22,"Dubai",32.2,38.8,"Lower",0,"No",0,"No",3134,"Second",31.2,31.8,30.3
2892,39.4,20,"Abu Dhabi",31.5,38,"Lower",0,"No",0,"No",3179,"Second",30,30.3,31.3
2893,35.1,17,"Abu Dhabi",27.8,35.1,"Lower",0,"No",0,"No",3931,"Second",29.3,28.5,27.3
2894,40.4,21,"Dubai",35.4,17,"High",0,"No",0,"No",2829,"Second",34.9,34.7,36
2895,39.3,17,"Dubai",30.1,42.9,"Lower",0,"No",0,"No",3573,"Second",27.4,29.9,28.5
2896,43.2,18,"Abu Dhabi",30.6,28.7,"Lower",0,"No",0,"No",3003,"Second",31.9,30.3,31
2897,37,7,"Dubai",42,42.6,"High",0,"No",0,"No",2710,"First",42.5,43.9,40.3
2898,32.1,5,"Abu Dhabi",30.9,38.1,"Lower",0,"No",0,"No",2642,"First",32.5,31.2,30.9
2899,32,6,"Sharjah",33.8,32.2,"Lower",0,"No",0,"No",3525,"First",32.6,35.7,33.1
2900,18.5,28,"Abu Dhabi",35.4,33.2,"High",0,"No",0,"No",3774,"Third",35.3,35.8,34.1
2901,44.9,38,"Dubai",30.1,35,"Lower",0,"No",0,"No",3447,"Third",31.5,31.6,29.8
2902,20.7,9,"Dubai",34.6,33.3,"Lower",0,"No",0,"No",3351,"First",35.9,33.4,34.3
2903,30.7,34,"Dubai",29.1,32.2,"Lower",0,"No",0,"No",4212,"Third",30.8,29.4,28
2904,39,21,"Abu Dhabi",32.5,25.5,"Lower",0,"No",0,"No",3774,"Second",33.1,33.8,33.5
2905,19.1,25,"Abu Dhabi",32.3,46.5,"Lower",0,"No",0,"No",2499,"Second",28.7,32.3,31.4
2906,22.6,40,"Dubai",24.9,32.6,"Lower",0,"No",0,"No",2916,"Third",25,25.6,24.2
2907,22.7,22,"Sharjah",34.1,30.2,"Lower",0,"No",0,"No",2755,"Second",32.1,34.3,30.9
2908,24.6,32,"Abu Dhabi",29.3,27,"Lower",0,"No",0,"No",3491,"Third",28.3,31.5,31.3
2909,27.5,4,"Abu Dhabi",31,30.6,"Lower",0,"No",1,"Yes",4049,"First",30.5,29,31.2
2910,33.2,12,"Sharjah",32,41,"Lower",0,"No",0,"No",3094,"First",33,31.1,33.1
2911,39.8,13,"Dubai",33.4,33.3,"Lower",0,"No",0,"No",3721,"First",32,34.7,33.1
2912,43.5,36,"Abu Dhabi",29.7,35.5,"Lower",0,"No",0,"No",3903,"Third",31.7,27.9,29.2
2913,20.1,31,"Abu Dhabi",32.1,26.5,"Lower",0,"No",0,"No",3213,"Third",30.8,35,29.7
2914,18,35,"Abu Dhabi",36.6,31.5,"High",0,"No",1,"Yes",3348,"Third",35.7,35.2,38.6
2915,20.3,28,"Abu Dhabi",33.5,26.3,"Lower",0,"No",0,"No",2411,"Third",34.4,30.7,34.2
2916,33.4,4,"Dubai",35.9,39.6,"High",0,"No",0,"No",2785,"First",38.3,36.8,34.9
2917,28.5,10,"Abu Dhabi",32.9,34.6,"Lower",0,"No",1,"Yes",1715,"First",35.4,33.9,33.2
2918,23.1,35,"Dubai",32.8,33.3,"Lower",1,"Yes",0,"No",3591,"Third",33.1,35.3,32
2919,37.7,36,"Dubai",30.6,27.5,"Lower",0,"No",0,"No",4028,"Third",32.3,32.2,31.8
2920,27,20,"Dubai",35.2,33.1,"High",0,"No",0,"No",2622,"Second",35.8,37.8,32.4
2921,38.9,16,"Dubai",28,53.4,"Lower",0,"No",0,"No",3731,"Second",30.3,28.5,28.3
2922,19.7,27,"Sharjah",36,29.1,"High",0,"No",0,"No",2401,"Second",36,34.8,32.6
2923,28,32,"Dubai",29.9,43.4,"Lower",0,"No",0,"No",3188,"Third",31.6,31,31.1
2924,28.1,17,"Dubai",27.8,32.8,"Lower",0,"No",0,"No",4185,"Second",27.6,29.6,29
2925,23,19,"Dubai",36.3,23.8,"High",0,"No",0,"No",3066,"Second",35.7,36.3,36.5
2926,36.5,36,"Abu Dhabi",31.7,27.8,"Lower",0,"No",0,"No",3476,"Third",32,29.6,30.4
2927,44.6,20,"Dubai",33.9,32.2,"Lower",0,"No",0,"No",3110,"Second",32.6,35.7,34.2
2928,35.4,12,"Dubai",36.1,28.8,"High",0,"No",0,"No",3394,"First",35.5,33.8,37.6
2929,36.3,21,"Dubai",30.4,40.4,"Lower",0,"No",0,"No",3009,"Second",28.2,29,29.3
2930,31.9,13,"Dubai",36.6,23.4,"High",0,"No",1,"Yes",3086,"First",35.3,35.7,36.4
2931,32.5,32,"Abu Dhabi",30.7,16.1,"Lower",0,"No",0,"No",3576,"Third",32.4,30.4,30.5
2932,34.9,36,"Abu Dhabi",40.7,24.5,"High",0,"No",0,"No",2868,"Third",42.3,39.8,41
2933,37.4,8,"Dubai",30,36.6,"Lower",0,"No",1,"Yes",3270,"First",32.6,29.8,29.2
2934,29.8,17,"Dubai",34.5,34,"Lower",0,"No",1,"Yes",3741,"Second",33.8,33.4,32.4
2935,24.1,8,"Abu Dhabi",29.4,31,"Lower",0,"No",0,"No",3092,"First",29.8,29.7,31.2
2936,43.8,35,"Dubai",33.1,19.7,"Lower",0,"No",0,"No",3010,"Third",34.3,36,33.4
2937,33.9,27,"Sharjah",34.1,30.8,"Lower",0,"No",0,"No",3073,"Second",33.8,33.8,34.3
2938,26.9,7,"Sharjah",34.2,42.5,"Lower",0,"No",0,"No",3474,"First",37.3,33.5,34.3
2939,36.4,29,"Dubai",25.6,27.6,"Lower",0,"No",0,"No",3888,"Third",26.4,26.6,22.9
2940,21.1,26,"Dubai",32.5,27.1,"Lower",0,"No",0,"No",3858,"Second",33.3,35.2,33.3
2941,24.3,9,"Sharjah",28,28.7,"Lower",0,"No",1,"Yes",3860,"First",27.1,27.1,29
2942,39.1,17,"Sharjah",34.9,41.7,"Lower",0,"No",1,"Yes",3082,"Second",35.4,33.3,35.7
2943,28.7,11,"Sharjah",31,37.4,"Lower",0,"No",1,"Yes",3626,"First",29.3,30.3,30.4
2944,29.5,39,"Dubai",29.1,40,"Lower",0,"No",0,"No",3805,"Third",29.8,30.4,28.7
2945,37.3,39,"Dubai",29.2,22.5,"Lower",0,"No",0,"No",3804,"Third",29.1,27,29.3
2946,35.4,29,"Dubai",37,24.7,"High",0,"No",0,"No",3047,"Third",36.1,36.8,38.1
2947,19.6,26,"Dubai",34.9,20,"Lower",0,"No",0,"No",2803,"Second",35.3,35,34.2
2948,33,6,"Dubai",29,27.5,"Lower",0,"No",0,"No",3711,"First",29.7,27.8,28.6
2949,41.6,30,"Abu Dhabi",32.6,39.2,"Lower",0,"No",0,"No",3372,"Third",35,34.4,31.8
2950,36.4,9,"Dubai",26.5,34.8,"Lower",0,"No",1,"Yes",3147,"First",28.7,24.5,26.7
2951,29.5,6,"Dubai",25.7,27.2,"Lower",0,"No",0,"No",3455,"First",24,26,25.6
2952,31.6,28,"Dubai",24,33.6,"Lower",0,"No",0,"No",2504,"Third",23.2,23.6,23.9
2953,25.5,6,"Sharjah",32.1,21.7,"Lower",0,"No",0,"No",2964,"First",31.4,32.3,32.4
2954,27.8,26,"Dubai",28,42.1,"Lower",0,"No",0,"No",3317,"Second",29.9,29.4,27.7
2955,24,18,"Abu Dhabi",29.9,31.6,"Lower",0,"No",0,"No",3337,"Second",30.3,27,32.6
2956,39.9,20,"Dubai",34.6,25.4,"Lower",1,"Yes",0,"No",2834,"Second",36.2,35.5,37.1
2957,43.4,40,"Dubai",30.2,30.5,"Lower",0,"No",0,"No",3296,"Third",29.5,32.9,31.3
2958,36.7,15,"Sharjah",33.3,37.2,"Lower",0,"No",0,"No",2499,"Second",33.3,33,32
2959,27.6,24,"Sharjah",37.7,31,"High",0,"No",0,"No",3244,"Second",35.8,37.3,37.3
2960,34,36,"Abu Dhabi",31.6,25.6,"Lower",0,"No",0,"No",3549,"Third",28.4,32.9,32.9
2961,32,20,"Dubai",35.3,38.5,"High",0,"No",0,"No",3315,"Second",37.4,34.7,34.5
2962,28.5,21,"Abu Dhabi",33.7,25.3,"Lower",0,"No",1,"Yes",3276,"Second",33.5,35.1,34.5
2963,25.4,11,"Dubai",34,36.5,"Lower",0,"No",0,"No",3397,"First",29.5,35.8,34
2964,38.5,31,"Dubai",30.9,38.4,"Lower",0,"No",0,"No",2823,"Third",29.9,30.7,33.2
2965,22.8,6,"Dubai",33,39.9,"Lower",1,"Yes",1,"Yes",3491,"First",34.5,34.1,30.8
2966,29.4,13,"Dubai",35.2,34.7,"High",0,"No",0,"No",2551,"First",37.1,34.8,40
2967,37.4,26,"Dubai",37.4,26,"High",1,"Yes",0,"No",2967,"Second",35.2,36.5,37.1
2968,30.7,34,"Abu Dhabi",28.1,18.7,"Lower",0,"No",0,"No",3092,"Third",27.1,28.7,29.4
2969,30.7,16,"Dubai",30.1,19,"Lower",0,"No",0,"No",2834,"Second",29.5,30,31.1
2970,20.1,29,"Abu Dhabi",36.1,19.2,"High",0,"No",1,"Yes",3319,"Third",34.9,36.9,38.9
2971,33.5,34,"Abu Dhabi",37.4,36,"High",0,"No",1,"Yes",3007,"Third",37.3,37.5,37.8
2972,43.1,13,"Dubai",28.8,22.7,"Lower",0,"No",0,"No",3765,"First",29.4,28.6,29.2
2973,24.7,37,"Dubai",29.6,23.1,"Lower",0,"No",1,"Yes",2758,"Third",29.7,30.1,28.1
2974,36.6,29,"Sharjah",30.8,20,"Lower",0,"No",0,"No",4184,"Third",31.8,29.5,31.4
2975,40.6,25,"Dubai",34.6,29.1,"Lower",0,"No",0,"No",3205,"Second",34.9,37.4,34.9
2976,27.1,40,"Abu Dhabi",29.1,19.3,"Lower",0,"No",0,"No",3505,"Third",26.8,28.1,30.9
2977,36.9,28,"Abu Dhabi",33.9,29.6,"Lower",0,"No",0,"No",3629,"Third",32.4,35.2,35.6
2978,27,17,"Sharjah",31.5,34.8,"Lower",0,"No",0,"No",2854,"Second",29.8,29.3,32.5
2979,35.8,31,"Sharjah",34,33.2,"Lower",0,"No",0,"No",2653,"Third",33.3,33.8,33.9
2980,31.9,23,"Dubai",25.5,31.7,"Lower",0,"No",0,"No",3574,"Second",24.2,26.7,28.5
2981,36.1,23,"Abu Dhabi",30.6,20.4,"Lower",0,"No",0,"No",3871,"Second",31.3,30.3,31.6
2982,30.3,18,"Sharjah",30.4,31,"Lower",0,"No",0,"No",3061,"Second",29.2,28.3,29.6
2983,42,31,"Abu Dhabi",32.7,31.5,"Lower",0,"No",0,"No",2559,"Third",33.2,33,33.5
2984,35.7,9,"Sharjah",31.1,41,"Lower",0,"No",0,"No",3368,"First",30.3,28,33.4
2985,39.2,36,"Abu Dhabi",30.6,23.2,"Lower",0,"No",0,"No",3672,"Third",31.5,31,32
2986,22,18,"Abu Dhabi",32,36.7,"Lower",0,"No",0,"No",2151,"Second",32.4,32.3,31.6
2987,26.3,11,"Dubai",31.5,47.4,"Lower",0,"No",0,"No",3100,"First",34.3,30,30
2988,40.5,31,"Dubai",31.3,24.9,"Lower",0,"No",0,"No",3050,"Third",30.5,32.8,30.4
2989,35.6,13,"Abu Dhabi",29.8,42.3,"Lower",0,"No",0,"No",3026,"First",29,28.9,27.5
2990,34.4,9,"Dubai",33.9,27.5,"Lower",0,"No",0,"No",3464,"First",33.8,29.3,32.1
2991,31.9,19,"Dubai",34.2,27,"Lower",0,"No",0,"No",3135,"Second",33.4,36.4,32.8
2992,42.9,32,"Abu Dhabi",37.2,30.9,"High",0,"No",0,"No",2747,"Third",36.2,35.1,37
2993,44,16,"Dubai",31.2,27.6,"Lower",0,"No",0,"No",3163,"Second",33.2,30.7,30.7
2994,37.2,40,"Dubai",31.4,22.3,"Lower",0,"No",1,"Yes",3813,"Third",30.1,30.6,29.9
2995,20.6,11,"Dubai",32,30.3,"Lower",0,"No",0,"No",3601,"First",31.9,30.5,34.5
2996,33.4,39,"Abu Dhabi",28.9,39.7,"Lower",0,"No",0,"No",3185,"Third",29.1,28.9,29.6
2997,34.3,15,"Dubai",30.8,30,"Lower",0,"No",0,"No",3973,"Second",31.2,27.8,30.1
2998,23.7,21,"Dubai",33.1,19.4,"Lower",0,"No",0,"No",3156,"Second",34.8,31.6,34.1
2999,23.7,32,"Dubai",35.4,26.9,"High",0,"No",1,"Yes",3083,"Third",33.4,36.8,33
3000,23.9,12,"Sharjah",29.6,35.9,"Lower",0,"No",0,"No",2733,"First",29.8,31,28.7
3001,19.1,15,"Abu Dhabi",28.3,49.3,"Lower",0,"No",1,"Yes",3097,"Second",27.9,32.1,26.3
3002,43.9,31,"Sharjah",34.6,5,"Lower",0,"No",0,"No",3369,"Third",34.2,35.2,33.5
3003,26.5,17,"Sharjah",27.7,29.8,"Lower",1,"Yes",0,"No",3572,"Second",27.4,28.7,29.2
3004,28,16,"Sharjah",37.9,32.4,"High",1,"Yes",0,"No",3176,"Second",34.4,35.2,34.4
3005,22.2,18,"Abu Dhabi",31.7,5,"Lower",0,"No",0,"No",3408,"Second",32.3,29.3,33.3
3006,38.2,35,"Dubai",37.5,21.4,"High",0,"No",0,"No",3713,"Third",37.8,40.9,37.5
3007,32.1,13,"Dubai",28.6,44.5,"Lower",0,"No",0,"No",3496,"First",28.7,32.3,27.8
3008,42.6,15,"Dubai",34.7,39.3,"Lower",0,"No",1,"Yes",3252,"Second",34,33.2,35.2
3009,35.6,6,"Sharjah",29.3,26.1,"Lower",0,"No",0,"No",3325,"First",30.3,31.2,30.4
3010,32.9,21,"Abu Dhabi",34,37.8,"Lower",0,"No",0,"No",2475,"Second",36.7,33,31.7
3011,32.6,7,"Dubai",35.7,35.5,"High",0,"No",0,"No",3121,"First",35.6,37.1,35
3012,34.8,39,"Abu Dhabi",35.1,24.9,"High",0,"No",0,"No",3395,"Third",34.9,35.2,34.8
3013,31.4,10,"Abu Dhabi",34.3,17.9,"Lower",0,"No",0,"No",3630,"First",33.6,34.2,34.7
3014,33.7,23,"Dubai",36.2,21.7,"High",0,"No",0,"No",3270,"Second",38.2,35.1,37.1
3015,38.4,10,"Dubai",29.8,26.2,"Lower",0,"No",0,"No",3616,"First",33.9,30.6,30.2
3016,26.5,14,"Abu Dhabi",29,38.6,"Lower",0,"No",0,"No",3754,"Second",28.2,27.1,28.7
3017,26.5,22,"Dubai",31.3,20.5,"Lower",0,"No",0,"No",4295,"Second",33.7,32.7,29.9
3018,35.2,30,"Abu Dhabi",33.8,29.4,"Lower",0,"No",0,"No",1771,"Third",34,34.9,35.4
3019,18.1,34,"Dubai",28.3,32.9,"Lower",1,"Yes",0,"No",3049,"Third",28.3,29.5,28.6
3020,44.1,19,"Dubai",31.4,21,"Lower",0,"No",0,"No",3337,"Second",32.9,31.1,31
3021,41.5,38,"Abu Dhabi",31.8,44.9,"Lower",0,"No",0,"No",2704,"Third",33.2,32.5,32.4
3022,37.9,35,"Dubai",36.6,21.8,"High",0,"No",1,"Yes",3038,"Third",35.6,36,33.9
3023,30.3,23,"Abu Dhabi",33.9,39,"Lower",0,"No",0,"No",3530,"Second",35.3,35.5,32
3024,22.9,30,"Abu Dhabi",35.4,29.3,"High",0,"No",0,"No",3359,"Third",36.7,36,34.9
3025,38.8,19,"Abu Dhabi",33.4,33.8,"Lower",0,"No",0,"No",2742,"Second",32.5,31.3,34.8
3026,34.8,22,"Dubai",35.2,33.4,"High",0,"No",0,"No",3703,"Second",35.2,34.1,35.4
3027,37,5,"Abu Dhabi",32.5,9.3,"Lower",0,"No",0,"No",3358,"First",31.8,33.8,32.2
3028,39.2,22,"Dubai",37.1,33.7,"High",0,"No",0,"No",2756,"Second",36.4,36.5,39.3
3029,30,25,"Abu Dhabi",27.5,32.1,"Lower",0,"No",0,"No",3432,"Second",26.8,28.5,26.8
3030,31.7,31,"Abu Dhabi",29,23.5,"Lower",0,"No",0,"No",2660,"Third",26.6,29.9,28
3031,38.2,28,"Abu Dhabi",33.7,38.1,"Lower",0,"No",0,"No",3019,"Third",32.6,33.9,31.8
3032,25.5,15,"Abu Dhabi",33.6,27.7,"Lower",1,"Yes",1,"Yes",2207,"Second",32.1,30.7,35.1
3033,20.7,8,"Dubai",28.4,30.9,"Lower",0,"No",0,"No",2867,"First",27.9,31.5,29.5
3034,34.6,9,"Dubai",35.2,23.6,"High",0,"No",0,"No",3538,"First",35.2,34.9,36.7
3035,36.5,14,"Sharjah",31.1,28.4,"Lower",0,"No",0,"No",3348,"Second",29.5,30.1,31.3
3036,26.1,18,"Dubai",35.3,21.2,"High",0,"No",0,"No",3136,"Second",33.3,35.2,35.8
3037,42.2,19,"Dubai",35.8,17.1,"High",0,"No",0,"No",2085,"Second",37.4,35.5,33.2
3038,25,37,"Dubai",31.2,35.7,"Lower",0,"No",0,"No",2545,"Third",33.3,31.9,31.2
3039,43.3,12,"Dubai",36.9,22.1,"High",0,"No",0,"No",1921,"First",37,34.4,35.9
3040,42.5,40,"Abu Dhabi",34.6,28.7,"Lower",0,"No",0,"No",3366,"Third",33.2,34.2,34.9
3041,26.6,11,"Dubai",35.9,32.4,"High",0,"No",0,"No",3353,"First",33.9,34.3,38
3042,40.1,5,"Dubai",30.2,24.1,"Lower",0,"No",0,"No",2749,"First",28.9,28.4,31.1
3043,28.4,18,"Sharjah",31.6,26.4,"Lower",0,"No",0,"No",3349,"Second",29.9,31.7,30.4
3044,39,8,"Dubai",37.9,17.7,"High",0,"No",0,"No",3651,"First",38.7,38.4,36.9
3045,41.1,34,"Abu Dhabi",32.3,32,"Lower",0,"No",1,"Yes",2861,"Third",30.8,31.4,33.8
3046,22.9,34,"Dubai",36.2,26.9,"High",0,"No",0,"No",2882,"Third",32.1,34.8,34.7
3047,25.9,17,"Abu Dhabi",31.9,36,"Lower",0,"No",0,"No",3228,"Second",29.6,29,33.7
3048,41.6,36,"Abu Dhabi",33,15.7,"Lower",0,"No",0,"No",2806,"Third",34.5,34.5,32.5
3049,37.1,37,"Dubai",34,16.5,"Lower",0,"No",0,"No",3623,"Third",35.5,30.1,33.9
3050,35.8,15,"Abu Dhabi",34.3,29.2,"Lower",0,"No",0,"No",3238,"Second",33.4,35.4,35.6
3051,29,37,"Sharjah",29.9,35.7,"Lower",0,"No",0,"No",3283,"Third",29.8,32.8,28.9
3052,27,31,"Dubai",29,37,"Lower",0,"No",0,"No",3277,"Third",31.4,25.6,29.6
3053,24.7,33,"Sharjah",32.9,33.6,"Lower",0,"No",0,"No",3595,"Third",31.8,33.4,31.7
3054,42.8,28,"Abu Dhabi",26.9,32.1,"Lower",0,"No",0,"No",4703,"Third",29.3,25.5,28.6
3055,32.1,38,"Dubai",35.9,26.7,"High",0,"No",0,"No",3354,"Third",38,38.2,37.2
3056,40.3,18,"Sharjah",31,20.3,"Lower",0,"No",0,"No",2980,"Second",30.6,32,33.5
3057,29.9,26,"Dubai",31.8,45.3,"Lower",0,"No",0,"No",3517,"Second",31.6,27.2,29.4
3058,40,33,"Dubai",32.2,27.4,"Lower",0,"No",1,"Yes",3308,"Third",32.4,30.9,32.3
3059,27.1,4,"Abu Dhabi",35.2,29.1,"High",0,"No",0,"No",2443,"First",36.5,37.1,35.1
3060,22.4,10,"Abu Dhabi",26.3,29.6,"Lower",0,"No",1,"Yes",3433,"First",26.8,27.2,26.9
3061,25.5,18,"Sharjah",29.9,37.7,"Lower",1,"Yes",0,"No",3423,"Second",28.6,31,29.4
3062,20.8,12,"Dubai",32.1,12.2,"Lower",0,"No",0,"No",4010,"First",32.7,30.4,32.5
3063,38.5,9,"Sharjah",33,31.2,"Lower",0,"No",0,"No",2800,"First",34.8,33.8,29.2
3064,31.1,6,"Abu Dhabi",36,31,"High",0,"No",1,"Yes",3475,"First",38.6,34.2,39.3
3065,44,39,"Dubai",32.1,12.8,"Lower",0,"No",0,"No",3305,"Third",31.6,33.3,33.2
3066,25.9,34,"Dubai",27.7,35.6,"Lower",0,"No",1,"Yes",3798,"Third",27.3,29.5,27.4
3067,27.4,25,"Dubai",30.3,52.4,"Lower",0,"No",0,"No",3144,"Second",31.7,31.6,32.8
3068,24,13,"Dubai",33,36.8,"Lower",0,"No",0,"No",2169,"First",35.6,32.2,34.5
3069,21.2,8,"Abu Dhabi",28.3,25.7,"Lower",0,"No",0,"No",3579,"First",27.4,29.1,29.3
3070,18.7,18,"Abu Dhabi",30.7,33.5,"Lower",0,"No",0,"No",4059,"Second",29.3,29.7,30.8
3071,23,31,"Dubai",33,34.8,"Lower",0,"No",0,"No",2730,"Third",29.1,32.5,31.6
3072,44.2,13,"Sharjah",29.5,41.6,"Lower",0,"No",0,"No",3696,"First",28.7,29,28.8
3073,33.6,11,"Dubai",35.4,29.4,"High",1,"Yes",0,"No",2683,"First",37.5,33.6,36.3
3074,36.8,18,"Abu Dhabi",31.2,22.7,"Lower",0,"No",0,"No",3850,"Second",29.1,29.7,33.3
3075,31.7,39,"Dubai",36,15.1,"High",0,"No",0,"No",3545,"Third",36.9,37,33.1
3076,24.9,30,"Abu Dhabi",36.8,17.4,"High",0,"No",0,"No",2967,"Third",37.7,33.6,38.9
3077,21.8,24,"Abu Dhabi",32.4,40.9,"Lower",1,"Yes",0,"No",2816,"Second",31.5,30.7,33.9
3078,43.5,32,"Dubai",33.4,26.9,"Lower",0,"No",1,"Yes",2995,"Third",36.7,32.2,35.4
3079,33.9,40,"Dubai",29.8,43.4,"Lower",1,"Yes",0,"No",3833,"Third",29,31.3,29.4
3080,29.3,25,"Abu Dhabi",32.2,29.1,"Lower",0,"No",0,"No",3288,"Second",32,32.5,31
3081,30.4,40,"Abu Dhabi",30.5,35.1,"Lower",0,"No",0,"No",2645,"Third",29.9,29.3,27
3082,33,12,"Sharjah",34.7,25,"Lower",0,"No",0,"No",3142,"First",36.4,35,34.1
3083,34.8,17,"Dubai",35.2,22.1,"High",0,"No",0,"No",3874,"Second",35,35.4,33.8
3084,35.9,4,"Abu Dhabi",29.9,40,"Lower",0,"No",0,"No",2755,"First",31.1,28.1,30.2
3085,30.3,5,"Abu Dhabi",30.6,29.4,"Lower",1,"Yes",0,"No",3361,"First",31.5,32.3,32.1
3086,35.2,5,"Abu Dhabi",30.2,34.4,"Lower",0,"No",0,"No",3258,"First",31.1,30.5,29.7
3087,19.9,17,"Abu Dhabi",33.5,9.1,"Lower",0,"No",0,"No",4220,"Second",33.1,37.3,33.3
3088,37.7,7,"Abu Dhabi",30.6,19.8,"Lower",0,"No",0,"No",3253,"First",30.1,32.1,29.4
3089,42.7,34,"Abu Dhabi",29.9,29.6,"Lower",0,"No",0,"No",4023,"Third",30.1,27.9,30.7
3090,34,9,"Abu Dhabi",32.4,23.1,"Lower",0,"No",0,"No",3064,"First",33.3,33.6,34.2
3091,42.7,28,"Sharjah",30.4,25.9,"Lower",0,"No",0,"No",3126,"Third",29.7,30.1,31.8
3092,31.7,7,"Dubai",31.7,28.9,"Lower",0,"No",0,"No",3462,"First",30.6,32.3,30.2
3093,31.9,26,"Dubai",39.6,26.9,"High",0,"No",0,"No",2941,"Second",40.1,40.6,37.1
3094,25.4,34,"Sharjah",29.9,33.3,"Lower",0,"No",0,"No",3259,"Third",30.7,29.3,27.9
3095,43.4,18,"Abu Dhabi",35.6,30.2,"High",0,"No",0,"No",3345,"Second",36.4,34.4,39
3096,19,34,"Dubai",24.3,39.2,"Lower",0,"No",0,"No",2690,"Third",22.6,26.2,25.3
3097,40.2,21,"Abu Dhabi",30.4,27.5,"Lower",0,"No",0,"No",2682,"Second",29.7,31.8,31.8
3098,25.5,13,"Dubai",29.4,39.5,"Lower",0,"No",0,"No",3249,"First",31.7,29.8,28
3099,22.3,14,"Sharjah",34.3,27.9,"Lower",0,"No",0,"No",2609,"Second",33.5,35.4,35.3
3100,37,17,"Abu Dhabi",28.6,30.9,"Lower",0,"No",0,"No",3584,"Second",30.9,28.9,26.5
3101,39.6,11,"Sharjah",33.6,27.6,"Lower",1,"Yes",0,"No",2916,"First",36.7,34.6,33.6
3102,38.1,36,"Dubai",30.7,24.7,"Lower",0,"No",0,"No",2339,"Third",31.4,31.7,31
3103,21.6,38,"Sharjah",29.9,22.2,"Lower",0,"No",0,"No",3089,"Third",30.7,28.9,31.1
3104,34.4,26,"Abu Dhabi",31.9,29.2,"Lower",0,"No",0,"No",3305,"Second",29.5,33.8,33.1
3105,27.9,34,"Abu Dhabi",29,17.6,"Lower",0,"No",0,"No",3290,"Third",27.9,29.4,29
3106,23.6,12,"Sharjah",32.9,36.4,"Lower",1,"Yes",0,"No",2421,"First",33.9,32.5,33.4
3107,36.5,32,"Abu Dhabi",38.6,33.5,"High",0,"No",0,"No",4111,"Third",38.2,40.4,38.9
3108,41.6,28,"Abu Dhabi",32.5,27.5,"Lower",0,"No",1,"Yes",3014,"Third",32.7,30.7,32.6
3109,42.6,38,"Sharjah",33,33.1,"Lower",1,"Yes",1,"Yes",3542,"Third",30.9,31.6,32.7
3110,43.4,13,"Abu Dhabi",31.8,33.3,"Lower",0,"No",0,"No",3307,"First",31.9,30.6,31.5
3111,24,13,"Abu Dhabi",34.2,41.6,"Lower",0,"No",0,"No",3348,"First",30,33.2,35.9
3112,24.9,14,"Sharjah",26.7,28.7,"Lower",0,"No",0,"No",3309,"Second",26.5,27.6,28.3
3113,34,30,"Sharjah",37,33.8,"High",0,"No",0,"No",2727,"Third",35.6,37.9,37.9
3114,42.9,37,"Dubai",35.5,32.1,"High",0,"No",0,"No",3336,"Third",34.4,36.7,33.2
3115,41.9,23,"Dubai",30.4,14.8,"Lower",0,"No",0,"No",2937,"Second",28.5,27.9,30.7
3116,37,38,"Abu Dhabi",30.7,20.6,"Lower",0,"No",0,"No",4236,"Third",30,31.6,31.3
3117,31.9,8,"Dubai",28.1,30.2,"Lower",0,"No",1,"Yes",3508,"First",24.8,27.7,28.5
3118,18.5,40,"Sharjah",27.9,33.9,"Lower",0,"No",0,"No",3304,"Third",25.9,29.4,28.1
3119,19,14,"Sharjah",34.5,43.5,"Lower",0,"No",0,"No",3574,"Second",34,33.8,34.6
3120,32.7,25,"Sharjah",31,38.1,"Lower",1,"Yes",0,"No",2677,"Second",32.1,33.5,32.2
3121,40.2,29,"Dubai",31.3,27.9,"Lower",0,"No",0,"No",3368,"Third",29.5,31.5,31.9
3122,19.7,38,"Dubai",25.2,34,"Lower",0,"No",0,"No",4232,"Third",26.3,24.4,24.7
3123,37.8,19,"Dubai",32.7,30.2,"Lower",0,"No",0,"No",3700,"Second",35.2,31.1,31.9
3124,31.2,12,"Abu Dhabi",29,26.6,"Lower",0,"No",0,"No",3142,"First",32.2,25.8,28.7
3125,40.3,20,"Dubai",30,14,"Lower",0,"No",0,"No",3948,"Second",30.2,26.7,30
3126,26,12,"Sharjah",30,26.3,"Lower",0,"No",0,"No",3314,"First",27.3,31.2,30.4
3127,30.9,34,"Dubai",30.7,34.7,"Lower",0,"No",0,"No",3123,"Third",32,30.1,29
3128,23.4,30,"Abu Dhabi",32,36.5,"Lower",0,"No",0,"No",3094,"Third",29.1,31.6,31.4
3129,42,27,"Dubai",30.3,33.8,"Lower",0,"No",0,"No",3093,"Second",30,30.1,29.2
3130,41.2,23,"Dubai",30.6,32.2,"Lower",0,"No",0,"No",3633,"Second",31.6,31.7,30
3131,33.3,36,"Dubai",37.3,24.6,"High",0,"No",0,"No",3153,"Third",39.7,37.8,35.7
3132,33.2,33,"Abu Dhabi",33.3,34.9,"Lower",0,"No",0,"No",2439,"Third",34.5,34.1,32.6
3133,32,28,"Sharjah",31.2,16.2,"Lower",0,"No",0,"No",3461,"Third",31.4,32.2,35.2
3134,18.2,21,"Sharjah",33.5,22.7,"Lower",0,"No",0,"No",3566,"Second",33.9,35,32.8
3135,30.6,8,"Sharjah",35.9,30.6,"High",0,"No",0,"No",3358,"First",33.8,36.1,37.2
3136,27.1,18,"Sharjah",32.1,26.9,"Lower",0,"No",0,"No",3891,"Second",31.6,32.6,32.5
3137,44.7,40,"Dubai",35,29.7,"High",0,"No",0,"No",2746,"Third",36.5,36.4,35.6
3138,37.1,10,"Dubai",32.9,35.1,"Lower",0,"No",0,"No",3482,"First",30.3,32.3,32.9
3139,39.5,9,"Dubai",28.5,42.6,"Lower",0,"No",0,"No",3527,"First",28.8,29.5,27
3140,36.4,40,"Dubai",34.6,22.7,"Lower",0,"No",0,"No",3428,"Third",36.4,32.7,37.3
3141,18.2,38,"Dubai",31.1,21.2,"Lower",0,"No",0,"No",2896,"Third",31.1,30.8,32.3
3142,28.1,40,"Sharjah",37.7,36.6,"High",0,"No",1,"Yes",3267,"Third",35.2,36.7,39.3
3143,26.8,33,"Abu Dhabi",41.3,32.9,"High",0,"No",0,"No",3138,"Third",40.1,41,40.9
3144,38.4,12,"Abu Dhabi",37.2,31.4,"High",0,"No",0,"No",2910,"First",37.5,36.3,36.4
3145,39,5,"Abu Dhabi",32,27.6,"Lower",0,"No",0,"No",2754,"First",35.4,33.1,30.7
3146,41.2,25,"Dubai",25,42.3,"Lower",0,"No",0,"No",3363,"Second",23.8,26,26.5
3147,25.2,25,"Abu Dhabi",30.9,34.1,"Lower",0,"No",1,"Yes",2610,"Second",32.4,29.7,31.3
3148,31.1,11,"Sharjah",32.9,31,"Lower",0,"No",0,"No",3360,"First",34.3,32.1,34.5
3149,23.5,28,"Dubai",35.5,30.6,"High",0,"No",1,"Yes",2792,"Third",37,31.9,35.2
3150,33.8,28,"Abu Dhabi",33.4,32.3,"Lower",0,"No",0,"No",3311,"Third",33,33.3,34.5
3151,23.9,16,"Abu Dhabi",34.6,27.7,"Lower",0,"No",0,"No",4164,"Second",34.1,34.7,32.4
3152,36.3,34,"Abu Dhabi",31.6,28.3,"Lower",0,"No",0,"No",2532,"Third",30.4,34,29.3
3153,35.2,33,"Dubai",32.8,26.5,"Lower",0,"No",0,"No",3425,"Third",31.8,30.9,28.9
3154,42.2,14,"Sharjah",30.2,14.7,"Lower",0,"No",0,"No",4101,"Second",28.4,29.6,29.5
3155,26.1,9,"Abu Dhabi",29.7,30.3,"Lower",0,"No",0,"No",3241,"First",30.7,29.2,28.9
3156,32.2,8,"Dubai",28.9,41,"Lower",0,"No",0,"No",3055,"First",28.1,29.6,25.1
3157,31.4,15,"Sharjah",28.6,32.8,"Lower",0,"No",0,"No",3684,"Second",27.7,27.6,27.7
3158,39.5,22,"Dubai",34.3,20.1,"Lower",0,"No",0,"No",3624,"Second",33.4,33.1,34.4
3159,30.1,12,"Dubai",29.6,16.9,"Lower",0,"No",0,"No",3834,"First",29.7,31.5,29.9
3160,41.6,37,"Abu Dhabi",26.9,26.7,"Lower",0,"No",0,"No",3104,"Third",28.1,24.6,24.7
3161,29.9,4,"Abu Dhabi",29.9,33.1,"Lower",0,"No",0,"No",3919,"First",30.1,30.7,29
3162,39.7,16,"Abu Dhabi",30,29.4,"Lower",0,"No",0,"No",2878,"Second",31.3,31.9,30.5
3163,26.1,13,"Abu Dhabi",29.6,23.9,"Lower",0,"No",0,"No",3242,"First",29.5,29.8,30.4
3164,41.5,8,"Abu Dhabi",35.7,30.3,"High",0,"No",1,"Yes",3203,"First",38.8,37.4,35.9
3165,23.8,16,"Dubai",30.2,38,"Lower",0,"No",0,"No",2787,"Second",32.8,30.6,30.8
3166,32.5,14,"Dubai",33.9,41.7,"Lower",0,"No",0,"No",3077,"Second",32.3,35.3,35.2
3167,43.3,6,"Abu Dhabi",32.4,16.7,"Lower",0,"No",0,"No",4095,"First",32.5,33,33.5
3168,29.2,12,"Abu Dhabi",37,25.9,"High",0,"No",0,"No",3262,"First",37,35.4,38.4
3169,39.9,18,"Sharjah",27.3,32.2,"Lower",0,"No",0,"No",3131,"Second",28.3,30,26.9
3170,32.6,33,"Abu Dhabi",30.7,29.7,"Lower",0,"No",0,"No",3712,"Third",30.2,30.8,31.9
3171,32.9,15,"Abu Dhabi",33,28.2,"Lower",0,"No",0,"No",3146,"Second",34.8,32,33.1
3172,37.5,40,"Dubai",31.1,30.9,"Lower",0,"No",1,"Yes",3180,"Third",32.5,31.4,32.8
3173,33,11,"Dubai",32.4,28.8,"Lower",0,"No",1,"Yes",3515,"First",33.3,33.9,33.8
3174,20.9,15,"Abu Dhabi",29.9,36.9,"Lower",0,"No",0,"No",2956,"Second",33.1,26.7,29.4
3175,33.9,19,"Dubai",28,26.6,"Lower",0,"No",0,"No",3939,"Second",29.3,26.8,25.6
3176,23,31,"Sharjah",29.9,43.6,"Lower",0,"No",0,"No",3062,"Third",28.2,28.2,27
3177,44.1,36,"Sharjah",37.8,39.7,"High",0,"No",0,"No",3118,"Third",36.3,39.7,39.5
3178,38.8,26,"Dubai",27.9,41.9,"Lower",0,"No",0,"No",2813,"Second",26.7,26.2,29.4
3179,27.7,27,"Dubai",28.7,21.7,"Lower",0,"No",0,"No",3813,"Second",30.6,26.6,31
3180,41.3,15,"Dubai",35,25.7,"High",0,"No",0,"No",2807,"Second",35.2,34.7,37.4
3181,21.4,15,"Dubai",26.4,30.7,"Lower",0,"No",0,"No",2781,"Second",24.9,23.6,23.5
3182,44.3,37,"Dubai",43,32.7,"High",0,"No",0,"No",2310,"Third",44.2,45.6,43.4
3183,32.3,22,"Dubai",34.4,10,"Lower",1,"Yes",0,"No",3659,"Second",32.5,32.9,34.2
3184,23.8,23,"Abu Dhabi",34.4,14.4,"Lower",0,"No",0,"No",3628,"Second",32.5,33.3,34.9
3185,37.3,13,"Abu Dhabi",33.8,19.3,"Lower",0,"No",0,"No",3225,"First",32.9,33.7,34.3
3186,43.2,23,"Abu Dhabi",31.6,37,"Lower",1,"Yes",0,"No",4450,"Second",33,33.3,33.1
3187,32.9,36,"Abu Dhabi",32.4,29.2,"Lower",1,"Yes",0,"No",2593,"Third",33.8,36.3,33
3188,31.9,16,"Abu Dhabi",33,28.6,"Lower",0,"No",1,"Yes",3601,"Second",31.7,31.4,32.7
3189,27.2,18,"Abu Dhabi",28.5,28.7,"Lower",0,"No",0,"No",4255,"Second",31,27.8,29.3
3190,19.1,10,"Abu Dhabi",33.7,44.7,"Lower",0,"No",0,"No",3050,"First",35.8,34.2,34.9
3191,39.8,37,"Dubai",35.9,29.8,"High",0,"No",1,"Yes",3163,"Third",37.6,36.9,33.9
3192,25.2,29,"Abu Dhabi",30.4,31.3,"Lower",0,"No",0,"No",3667,"Third",31.6,32.8,28
3193,43.3,12,"Dubai",34.4,29.5,"Lower",0,"No",0,"No",2527,"First",36.5,35.9,32.4
3194,27.2,40,"Dubai",31.4,21.6,"Lower",0,"No",0,"No",3240,"Third",30.4,32.4,31.3
3195,32.1,28,"Abu Dhabi",27.8,33.6,"Lower",0,"No",0,"No",4036,"Third",26.5,28.1,27.5
3196,29.9,26,"Sharjah",32.7,41.7,"Lower",1,"Yes",0,"No",2710,"Second",32.9,32.1,31.2
3197,44.2,30,"Dubai",34.7,29.1,"Lower",0,"No",0,"No",3686,"Third",35.4,35.4,32.2
3198,36.9,17,"Abu Dhabi",30.1,39.5,"Lower",1,"Yes",0,"No",3141,"Second",29.6,29.5,31
3199,20.1,26,"Dubai",31.4,22.4,"Lower",1,"Yes",0,"No",3178,"Second",32.4,30.8,32.9
3200,26.7,33,"Dubai",30.6,34.6,"Lower",1,"Yes",0,"No",2688,"Third",29.5,33.7,31.1
3201,23.7,39,"Dubai",31.2,27.9,"Lower",0,"No",0,"No",3415,"Third",31.6,31.3,32.4
3202,28,22,"Sharjah",33.9,35,"Lower",0,"No",0,"No",2860,"Second",32,36.2,32.9
3203,41.5,25,"Dubai",34.8,34.6,"Lower",0,"No",0,"No",3183,"Second",32.4,36.1,34.3
3204,32.9,23,"Dubai",28.8,45.5,"Lower",0,"No",0,"No",2800,"Second",28.6,28.6,29.2
3205,25.7,19,"Dubai",27.9,18.7,"Lower",0,"No",0,"No",3613,"Second",27,27.6,31.1
3206,44.3,20,"Sharjah",29.4,40.1,"Lower",0,"No",0,"No",3188,"Second",27.1,27.6,29.7
3207,41.7,31,"Abu Dhabi",31.8,16.9,"Lower",0,"No",0,"No",2499,"Third",33.2,31.3,33.9
3208,28.3,40,"Dubai",35.2,26,"High",0,"No",0,"No",2525,"Third",35.5,33.5,31.5
3209,24.9,24,"Dubai",31.8,34.2,"Lower",0,"No",0,"No",3096,"Second",31,32.3,29.6
3210,21.6,16,"Dubai",35,24.1,"High",0,"No",1,"Yes",3658,"Second",36.4,36.2,34.1
3211,42,24,"Abu Dhabi",26.2,33.8,"Lower",0,"No",0,"No",3175,"Second",26.2,22.6,27.4
3212,28.2,19,"Sharjah",33.4,39,"Lower",0,"No",0,"No",2100,"Second",32.4,31.9,33.7
3213,27.5,6,"Sharjah",28.6,37.4,"Lower",0,"No",0,"No",3025,"First",27.9,28,29.4
3214,44.6,18,"Dubai",26.6,28.2,"Lower",0,"No",0,"No",3260,"Second",28.1,26.7,29.5
3215,31.1,14,"Sharjah",34.7,33,"Lower",0,"No",0,"No",3526,"Second",35.7,36.4,37.8
3216,21.1,35,"Abu Dhabi",31.4,37.1,"Lower",0,"No",0,"No",2951,"Third",32.4,32.6,30.3
3217,35.3,32,"Dubai",29.8,26,"Lower",0,"No",0,"No",3750,"Third",30.1,29.7,28.3
3218,24.6,13,"Abu Dhabi",33,27.6,"Lower",0,"No",0,"No",2969,"First",33.4,35.1,33.2
3219,20.9,18,"Dubai",31.9,35.4,"Lower",0,"No",0,"No",2295,"Second",32.7,32,31.6
3220,34.7,27,"Sharjah",33.6,35.5,"Lower",0,"No",0,"No",1946,"Second",29.1,34.8,34.1
3221,31,4,"Dubai",31.8,33.5,"Lower",0,"No",0,"No",3530,"First",32.8,33.2,29.5
3222,34.1,26,"Sharjah",34.7,29.6,"Lower",0,"No",0,"No",2299,"Second",33.4,35.8,35.3
3223,31.7,11,"Sharjah",32.6,32.1,"Lower",0,"No",0,"No",3310,"First",35.4,34.5,31.5
3224,37.8,37,"Abu Dhabi",30.2,39.7,"Lower",0,"No",0,"No",3876,"Third",30,31.4,30.7
3225,42.1,35,"Dubai",36,23,"High",0,"No",0,"No",2797,"Third",35.3,34.7,35.9
3226,36.1,26,"Dubai",26.1,49.4,"Lower",0,"No",0,"No",2618,"Second",28.8,27.4,26.1
3227,22,18,"Dubai",34.8,28,"Lower",0,"No",1,"Yes",3121,"Second",34.4,33.1,35
3228,30.7,10,"Sharjah",31.9,32.8,"Lower",0,"No",0,"No",2850,"First",30.6,34.1,31.9
3229,42.3,34,"Sharjah",29.5,22.3,"Lower",0,"No",0,"No",2754,"Third",28,29.4,25.8
3230,44.4,26,"Abu Dhabi",34.1,21.2,"Lower",0,"No",0,"No",2783,"Second",31.9,35.6,35.9
3231,30.5,15,"Dubai",32.1,26.5,"Lower",0,"No",1,"Yes",3296,"Second",34.6,33.4,31.6
3232,23.6,26,"Sharjah",33.3,28.6,"Lower",0,"No",0,"No",3572,"Second",33.1,31.2,34.2
3233,27.6,35,"Dubai",30.6,32.2,"Lower",0,"No",0,"No",3079,"Third",29.9,32.8,31
3234,36.6,23,"Dubai",25.5,30.9,"Lower",0,"No",0,"No",3690,"Second",25.2,25.8,23.8
3235,40.2,11,"Dubai",30.5,32,"Lower",0,"No",0,"No",3898,"First",29.4,32.3,30.2
3236,19,13,"Sharjah",31.4,23.9,"Lower",0,"No",0,"No",3613,"First",32.6,31.5,30.3
3237,34.7,19,"Abu Dhabi",32.7,35.1,"Lower",0,"No",1,"Yes",2088,"Second",32.4,33,34
3238,34.9,34,"Dubai",31.9,28.8,"Lower",0,"No",0,"No",3523,"Third",32.2,34.8,33.3
3239,39.9,36,"Dubai",36.5,25.2,"High",0,"No",0,"No",3215,"Third",36.6,36.8,38
3240,19.2,10,"Dubai",29.5,37.3,"Lower",0,"No",0,"No",3193,"First",30.1,30.2,33.6
3241,43.6,17,"Dubai",28.6,15.9,"Lower",0,"No",0,"No",3010,"Second",28.8,28.4,28.3
3242,19,31,"Sharjah",27.9,33.9,"Lower",0,"No",0,"No",2971,"Third",28.1,25,27.8
3243,30.9,36,"Dubai",32.8,27.4,"Lower",0,"No",0,"No",3044,"Third",29.6,32.9,31.5
3244,22.7,8,"Abu Dhabi",28.4,27.7,"Lower",0,"No",0,"No",3234,"First",29.1,28.3,26.7
3245,19.1,19,"Dubai",31,31.4,"Lower",0,"No",1,"Yes",2616,"Second",34.2,30.7,32.4
3246,25.6,34,"Abu Dhabi",36.7,17.7,"High",0,"No",0,"No",3525,"Third",37.6,38.4,36.4
3247,26.2,14,"Dubai",35.4,35,"High",0,"No",0,"No",3039,"Second",35.1,36.5,34.5
3248,40.1,12,"Abu Dhabi",30,33.3,"Lower",0,"No",0,"No",3113,"First",31.4,30.2,30.4
3249,29.2,35,"Dubai",24.9,29.6,"Lower",0,"No",0,"No",4063,"Third",29.1,23.4,26.7
3250,39.9,38,"Dubai",35.8,33.4,"High",0,"No",0,"No",2739,"Third",35.3,34.5,36.2
3251,32.4,22,"Abu Dhabi",31.2,36.5,"Lower",0,"No",0,"No",3028,"Second",32.6,30,32.3
3252,23.1,24,"Dubai",30.2,29.6,"Lower",0,"No",0,"No",4301,"Second",29.2,33,30.4
3253,19.6,37,"Abu Dhabi",32.6,19.3,"Lower",0,"No",0,"No",4146,"Third",31.6,32.6,29.8
3254,20.5,28,"Dubai",37.1,27.3,"High",0,"No",0,"No",3169,"Third",39.7,34.8,37.8
3255,24.5,31,"Dubai",32.6,22.9,"Lower",0,"No",0,"No",3654,"Third",33.4,31.5,34
3256,34.3,21,"Dubai",37.8,27.4,"High",1,"Yes",0,"No",2950,"Second",39.6,36.5,41.4
3257,26.6,30,"Abu Dhabi",33.4,30.5,"Lower",0,"No",0,"No",4050,"Third",29.9,31.6,32.4
3258,19.8,11,"Dubai",32.4,24.3,"Lower",0,"No",0,"No",3879,"First",30.2,32.5,33.8
3259,29.2,15,"Sharjah",35.1,34.6,"High",0,"No",0,"No",2279,"Second",39.1,33.8,34.5
3260,18.5,15,"Dubai",27.4,15.4,"Lower",0,"No",0,"No",3439,"Second",29.2,25.9,26.6
3261,25.1,20,"Abu Dhabi",30.1,33,"Lower",0,"No",0,"No",3612,"Second",30.4,30.3,31.9
3262,24.4,16,"Dubai",33.8,10,"Lower",0,"No",0,"No",2659,"Second",31.1,32.4,32.9
3263,26.2,11,"Abu Dhabi",32.4,33.9,"Lower",0,"No",0,"No",3464,"First",32.1,35,30.4
3264,32.5,13,"Abu Dhabi",34.3,23.4,"Lower",0,"No",0,"No",3014,"First",35.8,29.6,31.4
3265,44,33,"Sharjah",27.8,17.1,"Lower",0,"No",0,"No",3181,"Third",29.8,25.5,29.3
3266,44.9,39,"Dubai",34.8,41.9,"Lower",0,"No",0,"No",3350,"Third",34.1,33,38.6
3267,29.6,28,"Dubai",31.1,37.7,"Lower",0,"No",0,"No",2869,"Third",29.8,30.8,30.4
3268,43.1,34,"Sharjah",33.2,25.4,"Lower",0,"No",0,"No",3277,"Third",33.4,33.6,32.5
3269,20.6,17,"Dubai",36.9,30.2,"High",0,"No",0,"No",2903,"Second",38,36.8,36.6
3270,39.1,26,"Abu Dhabi",34.1,21.1,"Lower",0,"No",0,"No",3608,"Second",33.3,34.1,34
3271,21.8,4,"Abu Dhabi",27.1,19.2,"Lower",0,"No",0,"No",2335,"First",26.3,26.6,26.1
3272,31.5,27,"Dubai",32.7,28.1,"Lower",0,"No",0,"No",3661,"Second",34.6,31.3,34
3273,31.8,4,"Dubai",30.9,20.9,"Lower",0,"No",0,"No",3317,"First",29,31.2,32.7
3274,18.8,7,"Abu Dhabi",32.7,20.7,"Lower",0,"No",0,"No",3201,"First",31.8,33,33.8
3275,44.2,7,"Sharjah",27.9,42.2,"Lower",0,"No",0,"No",2862,"First",26.1,26.9,28.8
3276,26.8,35,"Sharjah",31.4,50.2,"Lower",0,"No",0,"No",3075,"Third",30.1,30,33.8
3277,37.7,11,"Abu Dhabi",31.2,36.9,"Lower",0,"No",0,"No",3171,"First",32.8,32.2,32.3
3278,32.2,9,"Dubai",32.1,22,"Lower",0,"No",0,"No",3288,"First",32.9,32,28.5
3279,20.7,26,"Dubai",32.7,12.8,"Lower",0,"No",0,"No",3380,"Second",33.5,32.3,35.1
3280,41.5,32,"Abu Dhabi",26.6,27.6,"Lower",0,"No",0,"No",2432,"Third",27.3,26.3,26.5
3281,30.9,31,"Sharjah",29.1,27.1,"Lower",1,"Yes",0,"No",2253,"Third",29.6,26.2,29.2
3282,23,28,"Abu Dhabi",29.8,17.4,"Lower",0,"No",0,"No",3660,"Third",31.4,29.6,26.5
3283,23.9,12,"Abu Dhabi",36.9,28.6,"High",0,"No",0,"No",2872,"First",38.5,35.7,34.6
3284,40.3,19,"Dubai",28.5,45.7,"Lower",0,"No",0,"No",3370,"Second",28.8,29,30.3
3285,21.4,15,"Dubai",33.5,34.2,"Lower",0,"No",0,"No",2561,"Second",34.9,33,32.4
3286,25.4,33,"Dubai",37.7,30.8,"High",0,"No",0,"No",2642,"Third",37.1,39.4,38.2
3287,32.5,5,"Dubai",24.9,30.8,"Lower",0,"No",0,"No",3554,"First",24,26,23.8
3288,41.7,7,"Dubai",32.4,12.1,"Lower",0,"No",0,"No",2466,"First",33,30.4,32.9
3289,44.8,7,"Sharjah",32.9,22.5,"Lower",0,"No",0,"No",3697,"First",31,32.4,35.2
3290,44,34,"Dubai",34.1,23.2,"Lower",0,"No",0,"No",2580,"Third",33.4,31.7,32.7
3291,42.9,34,"Abu Dhabi",33,28.9,"Lower",0,"No",0,"No",3311,"Third",34.3,32.7,33.7
3292,20.6,22,"Abu Dhabi",29.1,48.2,"Lower",0,"No",0,"No",2833,"Second",30.1,30.5,29.4
3293,20.2,35,"Dubai",31.9,34.9,"Lower",0,"No",1,"Yes",3367,"Third",33.6,30.2,31.2
3294,38.1,29,"Sharjah",36,32.5,"High",0,"No",0,"No",2794,"Third",39.3,36.9,36.3
3295,35.7,21,"Sharjah",27.9,31.7,"Lower",0,"No",0,"No",3236,"Second",28,27.2,26.9
3296,29.2,34,"Dubai",33,28.1,"Lower",0,"No",0,"No",4022,"Third",32.3,30.3,36
3297,37.7,36,"Dubai",35.7,32.4,"High",0,"No",0,"No",2290,"Third",34.4,35.6,35.5
3298,38.7,21,"Abu Dhabi",38,29.5,"High",0,"No",0,"No",4301,"Second",35.3,40.4,36.6
3299,40.1,37,"Dubai",30.8,46.1,"Lower",0,"No",0,"No",2957,"Third",31.4,28.8,30.9
3300,44.5,19,"Abu Dhabi",30.5,26.2,"Lower",0,"No",0,"No",2313,"Second",31.1,29.1,31.7
3301,36.1,32,"Dubai",26.7,30.3,"Lower",0,"No",0,"No",2974,"Third",26.5,27.8,27.8
3302,42.8,24,"Dubai",34,26.8,"Lower",0,"No",0,"No",3339,"Second",34.8,33.6,31.5
3303,43.3,10,"Dubai",32.3,35.4,"Lower",0,"No",0,"No",2485,"First",32.5,33.6,33.1
3304,32.7,19,"Abu Dhabi",35,8.1,"High",0,"No",0,"No",3672,"Second",35.2,33.4,34.4
3305,20.8,13,"Abu Dhabi",35.9,30.2,"High",0,"No",0,"No",2449,"First",38,35.7,36.2
3306,44.3,18,"Sharjah",22.5,25.4,"Lower",0,"No",0,"No",3525,"Second",20,23.6,21.8
3307,39.3,38,"Dubai",29.3,26,"Lower",0,"No",0,"No",3746,"Third",27.4,28,30.6
3308,22.6,38,"Dubai",31.1,39.8,"Lower",0,"No",0,"No",3251,"Third",30.3,32.3,32.4
3309,27.9,33,"Abu Dhabi",31.3,24.1,"Lower",0,"No",0,"No",3455,"Third",33.7,31.1,31.4
3310,38.3,24,"Dubai",28.8,34.1,"Lower",0,"No",1,"Yes",3145,"Second",29.7,30.1,29.5
3311,26.3,16,"Dubai",36.9,19.6,"High",1,"Yes",1,"Yes",3089,"Second",38.3,38.1,37.9
3312,29.9,18,"Sharjah",30.9,27.5,"Lower",0,"No",0,"No",3292,"Second",31,31.5,30.6
3313,41.2,38,"Abu Dhabi",37.5,21.3,"High",0,"No",1,"Yes",3050,"Third",36.8,38.8,38.2
3314,37,32,"Dubai",37.3,20.3,"High",0,"No",0,"No",2954,"Third",35.5,39.6,37
3315,44.5,14,"Dubai",30.1,24.6,"Lower",0,"No",0,"No",3173,"Second",29.2,31.6,32
3316,23.8,4,"Abu Dhabi",28.5,28.8,"Lower",0,"No",0,"No",3408,"First",27.6,27.7,28
3317,35.7,10,"Sharjah",33.6,32.6,"Lower",0,"No",1,"Yes",2825,"First",32.1,32.7,31.9
3318,44.6,20,"Sharjah",31.4,38.4,"Lower",0,"No",0,"No",2670,"Second",31.7,35.9,32.1
3319,39.1,28,"Abu Dhabi",32.4,31.1,"Lower",0,"No",0,"No",3780,"Third",32.3,33.3,32.7
3320,18.9,27,"Dubai",29.3,33.1,"Lower",0,"No",0,"No",3604,"Second",28.9,25.5,30.3
3321,27,5,"Abu Dhabi",34.2,21.5,"Lower",0,"No",0,"No",2854,"First",33.6,33.9,33
3322,35.8,30,"Abu Dhabi",35.8,24.2,"High",0,"No",0,"No",2755,"Third",35.5,34.9,34.4
3323,34.2,9,"Dubai",37.7,34.5,"High",0,"No",0,"No",2605,"First",39.3,39.5,36.6
3324,22.2,14,"Dubai",35.4,22.4,"High",0,"No",0,"No",3792,"Second",34.2,37.5,37.6
3325,20.3,33,"Dubai",33.1,45.6,"Lower",0,"No",0,"No",2937,"Third",32.8,32.1,34.9
3326,29.6,22,"Abu Dhabi",33.4,30.5,"Lower",0,"No",0,"No",3045,"Second",34.8,34.4,33.4
3327,33.5,5,"Sharjah",32.2,39.8,"Lower",0,"No",0,"No",3067,"First",31.5,30.8,31.4
3328,42.9,11,"Abu Dhabi",33.9,28.5,"Lower",0,"No",0,"No",3147,"First",33.8,34.5,35.7
3329,43.1,5,"Abu Dhabi",29.5,37.2,"Lower",0,"No",1,"Yes",3272,"First",29.2,28.6,29.7
3330,30.7,36,"Abu Dhabi",32.9,40.8,"Lower",0,"No",1,"Yes",3105,"Third",33.7,33,34.1
3331,42.9,5,"Dubai",28.2,32.1,"Lower",0,"No",0,"No",3590,"First",25.4,27.5,27.2
3332,36.2,31,"Abu Dhabi",33,34.7,"Lower",0,"No",0,"No",2479,"Third",33.2,34.8,33.5
3333,30.2,11,"Dubai",31.7,31.6,"Lower",0,"No",0,"No",4008,"First",34.6,31.2,30
3334,19.3,15,"Abu Dhabi",33.2,38.8,"Lower",0,"No",0,"No",2599,"Second",33.8,31.9,31.1
3335,33.1,20,"Dubai",29.8,43,"Lower",0,"No",0,"No",3929,"Second",28.9,32.3,28.9
3336,18.4,6,"Dubai",37.5,35.4,"High",0,"No",0,"No",3017,"First",37.6,39.2,35.4
3337,20.2,36,"Abu Dhabi",28.4,19.9,"Lower",0,"No",0,"No",3626,"Third",28.6,26.2,27
3338,23.3,16,"Dubai",37.2,19.3,"High",0,"No",0,"No",2538,"Second",35.5,37.7,37.7
3339,18.5,33,"Dubai",35.3,21.4,"High",0,"No",0,"No",3780,"Third",35.8,32.7,35.9
3340,39.4,20,"Dubai",34.3,56.1,"Lower",1,"Yes",0,"No",3706,"Second",34.4,31.8,32.3
3341,37.6,16,"Dubai",31.8,20.2,"Lower",1,"Yes",0,"No",4035,"Second",33.3,30.5,33.1
3342,18.7,11,"Sharjah",31.8,28.3,"Lower",0,"No",0,"No",3154,"First",32.6,29.5,32.7
3343,23.8,10,"Sharjah",31.7,26.3,"Lower",0,"No",0,"No",2860,"First",32.6,34,31.4
3344,35.1,8,"Dubai",33.9,26.9,"Lower",1,"Yes",0,"No",2790,"First",34.6,35,35.6
3345,32.4,36,"Dubai",34.9,25.9,"Lower",0,"No",0,"No",3157,"Third",38.5,34.5,32.9
3346,39.7,29,"Abu Dhabi",29.8,26.1,"Lower",0,"No",0,"No",3044,"Third",32.9,30.8,29.5
3347,37.9,6,"Dubai",35.8,37.4,"High",0,"No",0,"No",3180,"First",35.4,36.1,37.8
3348,23.7,37,"Dubai",31.3,34.8,"Lower",0,"No",0,"No",2618,"Third",32.9,32,32.3
3349,43,11,"Abu Dhabi",35.3,24.1,"High",0,"No",0,"No",3117,"First",36.9,35.2,32.3
3350,22.1,13,"Abu Dhabi",30.2,34,"Lower",0,"No",0,"No",2899,"First",29.2,30.1,30
3351,42.3,34,"Sharjah",29.6,42.4,"Lower",0,"No",0,"No",2969,"Third",29.7,28.8,31.7
3352,44.4,32,"Abu Dhabi",33.2,31.1,"Lower",0,"No",0,"No",3020,"Third",30.2,35.8,33.7
3353,40.5,18,"Dubai",27.3,26,"Lower",1,"Yes",0,"No",3741,"Second",28.4,24.9,25.9
3354,34.1,39,"Sharjah",33.7,25.8,"Lower",0,"No",1,"Yes",2520,"Third",33.1,31.4,33.5
3355,27.9,31,"Abu Dhabi",30.8,38.8,"Lower",0,"No",1,"Yes",2825,"Third",29.8,30.4,30
3356,28.6,18,"Dubai",31.5,33.2,"Lower",0,"No",0,"No",2941,"Second",30,31.9,28.7
3357,41.3,28,"Sharjah",25.2,28.7,"Lower",0,"No",1,"Yes",3670,"Third",26,23,26.1
3358,24.2,22,"Sharjah",30.7,33.2,"Lower",0,"No",0,"No",2995,"Second",30.6,33.7,30.8
3359,23.2,24,"Dubai",32.5,41.6,"Lower",0,"No",0,"No",3105,"Second",34.8,34.5,34.6
3360,29.9,16,"Dubai",33.2,27.3,"Lower",0,"No",0,"No",2766,"Second",33.1,34,35.4
3361,23,35,"Dubai",30.9,44.7,"Lower",0,"No",0,"No",2700,"Third",29.3,29,29.8
3362,30.6,27,"Abu Dhabi",31.8,36.1,"Lower",0,"No",0,"No",3545,"Second",33.1,33.3,33.3
3363,20.9,19,"Dubai",31.9,39.2,"Lower",0,"No",0,"No",3169,"Second",31.9,33.3,30.4
3364,37.8,36,"Dubai",31.1,44.5,"Lower",0,"No",0,"No",3154,"Third",30.4,30.9,30.7
3365,31.9,7,"Sharjah",31.7,27.9,"Lower",0,"No",0,"No",3081,"First",32.5,33.7,30.6
3366,34.2,30,"Abu Dhabi",36.8,32.8,"High",0,"No",0,"No",3230,"Third",37.2,38.9,37.9
3367,37.7,35,"Abu Dhabi",35,39.3,"High",0,"No",1,"Yes",2113,"Third",35.9,34.8,33.4
3368,28.4,38,"Abu Dhabi",33.5,28.6,"Lower",1,"Yes",0,"No",3541,"Third",33.1,32.5,32.1
3369,41.4,28,"Dubai",21.2,24.9,"Lower",0,"No",0,"No",3971,"Third",22.5,23.7,20.1
3370,28.8,17,"Abu Dhabi",29.6,35.8,"Lower",1,"Yes",0,"No",2930,"Second",29.9,29,27.3
3371,40.9,16,"Abu Dhabi",34.5,47.7,"Lower",0,"No",0,"No",2470,"Second",35.1,34.9,34.9
3372,25.9,14,"Abu Dhabi",24.6,30.9,"Lower",0,"No",0,"No",2633,"Second",26.3,22.3,25.3
3373,33.3,22,"Sharjah",27.4,38.1,"Lower",0,"No",0,"No",3087,"Second",28.5,27.3,28.7
3374,29.6,6,"Sharjah",36.9,27,"High",0,"No",0,"No",2877,"First",36.5,37.4,37.5
3375,28.1,5,"Sharjah",32.9,34.6,"Lower",0,"No",0,"No",3119,"First",33.1,32.7,32.2
3376,23.2,26,"Abu Dhabi",32,23.6,"Lower",0,"No",0,"No",2666,"Second",32.5,32.5,30.6
3377,31.7,19,"Abu Dhabi",31.3,24.1,"Lower",0,"No",0,"No",3681,"Second",31.9,33.8,31
3378,31.1,39,"Abu Dhabi",35.3,30.6,"High",0,"No",0,"No",3267,"Third",36.8,33.9,35.1
3379,37.2,36,"Abu Dhabi",33.6,35.5,"Lower",0,"No",0,"No",2972,"Third",35.7,30.9,34.4
3380,36.2,23,"Abu Dhabi",32.4,38.5,"Lower",1,"Yes",1,"Yes",3322,"Second",33.7,32.1,34.4
3381,41.4,13,"Sharjah",31.7,40.5,"Lower",0,"No",0,"No",2362,"First",30.3,28.4,32.3
3382,39.8,20,"Sharjah",35.7,21.9,"High",0,"No",0,"No",2846,"Second",36.1,37.8,35.6
3383,24.9,26,"Dubai",29.7,32.6,"Lower",0,"No",1,"Yes",3468,"Second",31.1,30.5,28.9
3384,33.4,21,"Sharjah",27.6,33.9,"Lower",0,"No",0,"No",3094,"Second",27.4,27.3,26.8
3385,21.5,12,"Dubai",27.8,25,"Lower",0,"No",0,"No",3161,"First",26.2,29.5,28.5
3386,42.6,15,"Abu Dhabi",28.9,41.9,"Lower",0,"No",0,"No",3375,"Second",26.8,27.5,28
3387,18.7,35,"Dubai",27.9,17.9,"Lower",0,"No",0,"No",2969,"Third",26.9,27.1,30.6
3388,23,27,"Abu Dhabi",30.2,26.3,"Lower",0,"No",0,"No",2422,"Second",26.6,32.4,33.6
3389,20.6,4,"Abu Dhabi",35.4,39.5,"High",0,"No",0,"No",3434,"First",37.5,38,31.8
3390,25.6,13,"Dubai",35.5,26.9,"High",0,"No",0,"No",3172,"First",36,34.6,34.4
3391,24.4,16,"Sharjah",29.1,18.4,"Lower",0,"No",0,"No",3229,"Second",28.3,29.8,29.2
3392,39.3,34,"Dubai",31.5,31.2,"Lower",0,"No",0,"No",3341,"Third",30.5,30.9,30.9
3393,25.7,24,"Dubai",32.3,36,"Lower",0,"No",0,"No",3232,"Second",34.1,35.4,30.5
3394,30,35,"Dubai",30,35.5,"Lower",0,"No",0,"No",2523,"Third",31.1,29.6,30.6
3395,34.2,5,"Dubai",32.4,21.1,"Lower",0,"No",0,"No",2962,"First",33.3,33.9,32.9
3396,30.6,40,"Abu Dhabi",34.8,31.9,"Lower",0,"No",0,"No",3208,"Third",37.6,34.2,33.9
3397,23.5,18,"Abu Dhabi",30.2,34.5,"Lower",0,"No",0,"No",3247,"Second",30.5,31.1,32.3
3398,42.3,27,"Dubai",35.2,39.6,"High",0,"No",0,"No",3578,"Second",33.4,34.4,37.5
3399,28.5,40,"Abu Dhabi",28.9,37.7,"Lower",0,"No",0,"No",2963,"Third",27.5,29.2,29.6
3400,34.7,31,"Abu Dhabi",35.4,30.6,"High",0,"No",0,"No",2916,"Third",35.7,37,36.6
3401,22.1,36,"Dubai",27.9,28.4,"Lower",0,"No",0,"No",3276,"Third",29.4,28,28.7
3402,33.7,19,"Dubai",30.3,26.7,"Lower",0,"No",0,"No",2967,"Second",30,31.9,28.2
3403,21.6,34,"Abu Dhabi",30.5,13.9,"Lower",1,"Yes",0,"No",3452,"Third",28.7,32,30.8
3404,34.3,33,"Abu Dhabi",33.4,45.8,"Lower",0,"No",0,"No",3479,"Third",33.8,34.5,31
3405,28,6,"Abu Dhabi",33.9,22.1,"Lower",0,"No",0,"No",3002,"First",33.5,31.7,33.4
3406,22.2,34,"Dubai",34.6,30.4,"Lower",0,"No",0,"No",2781,"Third",36.3,34,35.1
3407,20.2,17,"Abu Dhabi",27.8,26.6,"Lower",0,"No",0,"No",3472,"Second",26.5,27.3,26.5
3408,40.2,27,"Dubai",29.6,32.7,"Lower",0,"No",0,"No",2807,"Second",29,29.9,28.6
3409,24.4,31,"Abu Dhabi",31.6,28.9,"Lower",0,"No",0,"No",3459,"Third",33.9,31.1,29.8
3410,36.9,28,"Sharjah",32,35.4,"Lower",1,"Yes",0,"No",3172,"Third",34.4,34.2,30.8
3411,44.8,32,"Abu Dhabi",31.7,36.9,"Lower",0,"No",0,"No",2750,"Third",32.2,32.8,34.9
3412,18.4,32,"Dubai",34.8,27,"Lower",0,"No",1,"Yes",2932,"Third",32.8,35.2,36.1
3413,33.5,29,"Dubai",29.6,19.3,"Lower",0,"No",0,"No",3358,"Third",30.8,29.5,28.2
3414,22.1,28,"Dubai",29.1,28.8,"Lower",0,"No",0,"No",2753,"Third",29.6,28.4,30.1
3415,25.2,27,"Dubai",34.7,36.3,"Lower",0,"No",1,"Yes",3525,"Second",34.4,36.6,32.8
3416,29.4,36,"Abu Dhabi",33,33.8,"Lower",0,"No",1,"Yes",3594,"Third",33.5,31.9,33.8
3417,30.9,34,"Dubai",32.6,41.2,"Lower",0,"No",1,"Yes",1977,"Third",31.6,34.4,31.4
3418,30,24,"Abu Dhabi",36.7,39.9,"High",0,"No",1,"Yes",3087,"Second",39.1,37,38.8
3419,38.4,11,"Dubai",29.5,33.6,"Lower",0,"No",0,"No",3187,"First",27.2,29.7,30.7
3420,40.8,5,"Dubai",34.6,23.3,"Lower",1,"Yes",0,"No",3279,"First",38.1,34.3,34.5
3421,34.7,31,"Abu Dhabi",32.5,41.5,"Lower",0,"No",0,"No",2063,"Third",33.3,30.2,31.5
3422,27.4,15,"Dubai",29.9,44,"Lower",0,"No",1,"Yes",2581,"Second",29.6,31.2,29.2
3423,29.3,25,"Dubai",33,26.9,"Lower",0,"No",0,"No",3167,"Second",34.8,31.6,34.3
3424,37.9,9,"Dubai",36.4,38.9,"High",0,"No",0,"No",3396,"First",36,37.5,34.8
3425,20.1,17,"Abu Dhabi",37.9,32.8,"High",0,"No",1,"Yes",3045,"Second",38.7,38.3,39.4
3426,36.9,30,"Sharjah",28.6,41.2,"Lower",1,"Yes",0,"No",3455,"Third",28.3,29.4,26.7
3427,28.5,5,"Sharjah",32.6,38,"Lower",0,"No",0,"No",3447,"First",32.4,30.8,33.7
3428,23.8,24,"Dubai",30.8,34.7,"Lower",0,"No",0,"No",3115,"Second",31.7,29.4,30.9
3429,41.6,16,"Abu Dhabi",28.4,34.1,"Lower",0,"No",0,"No",3384,"Second",26.3,31.1,25.3
3430,24.1,9,"Sharjah",35.1,29.6,"High",0,"No",0,"No",2991,"First",33.9,34.8,34.1
3431,32.6,11,"Sharjah",27.9,29.7,"Lower",0,"No",0,"No",3077,"First",28.2,27.3,25.1
3432,36.6,32,"Dubai",33.3,47.6,"Lower",0,"No",0,"No",2886,"Third",34,34.6,34.5
3433,35.5,16,"Sharjah",26.5,23,"Lower",1,"Yes",0,"No",3029,"Second",25,26.7,25.1
3434,39.2,38,"Sharjah",34.2,32.4,"Lower",0,"No",0,"No",3051,"Third",30.1,33.9,34.8
3435,32.2,21,"Abu Dhabi",25.1,38.9,"Lower",1,"Yes",0,"No",4351,"Second",27.6,23.7,24.5
3436,34.5,19,"Dubai",31.5,34.2,"Lower",0,"No",0,"No",3449,"Second",32.4,32.4,31.2
3437,37.6,20,"Sharjah",29.7,38.4,"Lower",0,"No",0,"No",3043,"Second",28.7,31.6,30.3
3438,34.1,7,"Dubai",30.9,30.2,"Lower",0,"No",0,"No",4056,"First",28.3,30.2,30.1
3439,44.1,4,"Abu Dhabi",32,35.3,"Lower",0,"No",0,"No",3928,"First",33.9,31.2,33.6
3440,26.4,24,"Abu Dhabi",36.7,18.5,"High",0,"No",0,"No",3334,"Second",38.1,36.2,36.3
3441,37,10,"Dubai",32.9,33.3,"Lower",0,"No",0,"No",3029,"First",33,33.3,32.4
3442,21.6,31,"Abu Dhabi",32.5,22.7,"Lower",0,"No",0,"No",3650,"Third",32.4,33.4,35.4
3443,19.9,11,"Abu Dhabi",27.9,22.4,"Lower",0,"No",0,"No",3500,"First",27.2,27.9,31.5
3444,37.7,22,"Abu Dhabi",29.5,41.5,"Lower",0,"No",0,"No",2219,"Second",31.1,30.8,29.3
3445,35,5,"Sharjah",36.3,39,"High",0,"No",0,"No",2693,"First",31.2,38.5,32.7
3446,20.8,28,"Abu Dhabi",31.4,30.2,"Lower",0,"No",0,"No",4157,"Third",32.8,34,28.2
3447,27.2,17,"Sharjah",37.5,41.4,"High",0,"No",0,"No",3180,"Second",37.5,37.4,38.6
3448,32.4,30,"Dubai",29.1,36.3,"Lower",0,"No",0,"No",2875,"Third",29.5,29.3,29.6
3449,32.6,12,"Abu Dhabi",36.2,34.6,"High",0,"No",1,"Yes",3614,"First",35.6,37.1,33.7
3450,24.4,19,"Dubai",31.4,34,"Lower",0,"No",0,"No",2828,"Second",31.6,33.1,30
3451,25,39,"Dubai",30.7,22.9,"Lower",0,"No",0,"No",4078,"Third",30.8,27.3,31.2
3452,25.5,27,"Abu Dhabi",31.5,36.8,"Lower",0,"No",0,"No",3430,"Second",29.9,32.4,31.9
3453,42.1,20,"Abu Dhabi",30.7,34.4,"Lower",0,"No",0,"No",2666,"Second",29,29.2,30.9
3454,31.8,20,"Abu Dhabi",33.4,24,"Lower",0,"No",0,"No",2959,"Second",33.9,34.4,31.4
3455,31.4,34,"Sharjah",30,20.1,"Lower",0,"No",0,"No",3741,"Third",30.9,29.5,29.3
3456,43.7,18,"Dubai",27.5,43.9,"Lower",0,"No",0,"No",3039,"Second",25.2,27.6,25.4
3457,36.9,40,"Sharjah",37.7,26.7,"High",0,"No",0,"No",2941,"Third",35.8,38,37.1
3458,27.6,6,"Dubai",27.8,31.2,"Lower",0,"No",1,"Yes",4022,"First",26.3,32.1,27.2
3459,26.9,12,"Dubai",32.3,37.9,"Lower",0,"No",0,"No",2833,"First",32,32.1,34.4
3460,20.2,5,"Dubai",36.6,31.3,"High",0,"No",0,"No",3830,"First",33.6,35.5,34.8
3461,44.8,30,"Dubai",29.8,29.7,"Lower",0,"No",0,"No",2917,"Third",28.7,27,31.3
3462,23.4,6,"Dubai",35.6,47.3,"High",0,"No",0,"No",2724,"First",34.1,34.6,35.9
3463,30,17,"Abu Dhabi",34.3,37.8,"Lower",0,"No",0,"No",3775,"Second",35.8,31.6,33.5
3464,26.1,9,"Dubai",33.1,34,"Lower",0,"No",0,"No",2514,"First",32,32.3,32.2
3465,36.2,15,"Abu Dhabi",33.3,27,"Lower",0,"No",0,"No",3462,"Second",35.4,34.7,34.7
3466,28.4,9,"Dubai",33.8,30.1,"Lower",0,"No",0,"No",2752,"First",37.2,32.1,34.8
3467,28,19,"Abu Dhabi",31.5,22.1,"Lower",0,"No",0,"No",3741,"Second",30.6,30.2,28.9
3468,31.8,34,"Dubai",25.7,35.4,"Lower",0,"No",0,"No",3144,"Third",25.7,23.7,27.1
3469,26.3,18,"Dubai",32.6,31.5,"Lower",0,"No",0,"No",4317,"Second",33.3,32.1,34.2
3470,32.8,15,"Abu Dhabi",31.5,37.3,"Lower",0,"No",0,"No",2744,"Second",31.6,31.6,30.3
3471,32.1,25,"Dubai",36.7,29.4,"High",0,"No",0,"No",3436,"Second",37.7,35.6,38.2
3472,36.9,19,"Dubai",30.3,18.1,"Lower",0,"No",1,"Yes",3685,"Second",29.5,30.5,28.7
3473,42.1,28,"Sharjah",31.4,46.5,"Lower",0,"No",0,"No",2673,"Third",31.1,32.1,31
3474,19.9,40,"Dubai",30.8,26.1,"Lower",0,"No",0,"No",2937,"Third",29.7,29.7,31.6
3475,43.4,20,"Abu Dhabi",35.5,19.8,"High",0,"No",1,"Yes",3357,"Second",35.4,38.2,35.9
3476,34.2,16,"Dubai",28.8,15.9,"Lower",0,"No",0,"No",2985,"Second",30.3,28.4,27.3
3477,29.7,10,"Dubai",33.7,32.6,"Lower",0,"No",0,"No",2909,"First",33.4,33.5,32
3478,31.2,14,"Abu Dhabi",32.5,32.6,"Lower",0,"No",0,"No",3940,"Second",28.7,32.7,31.9
3479,31.7,20,"Dubai",31.9,31.9,"Lower",0,"No",0,"No",3055,"Second",33.5,32.8,31.8
3480,30.4,11,"Dubai",32.9,30.9,"Lower",0,"No",0,"No",2867,"First",34.2,32.9,34
3481,41.7,17,"Dubai",33.3,44.3,"Lower",1,"Yes",0,"No",3065,"Second",34.5,31.3,35.5
3482,38.6,11,"Dubai",30.8,9.3,"Lower",1,"Yes",0,"No",4578,"First",30.3,32.5,29.3
3483,43.3,35,"Dubai",28.7,24.3,"Lower",0,"No",1,"Yes",3001,"Third",31.3,27,27.8
3484,25.7,4,"Sharjah",30.4,42.4,"Lower",0,"No",1,"Yes",2492,"First",28.8,30.9,31.5
3485,27.5,8,"Sharjah",33.1,23.9,"Lower",0,"No",0,"No",3326,"First",31.3,31.1,34.2
3486,43.5,35,"Dubai",33.8,28.1,"Lower",0,"No",0,"No",3160,"Third",34,36.3,32.1
3487,29.8,19,"Abu Dhabi",29.7,32.6,"Lower",0,"No",0,"No",3421,"Second",32.3,30.9,28.8
3488,18.7,16,"Sharjah",32.8,32.2,"Lower",0,"No",0,"No",3443,"Second",32.8,31.8,33.9
3489,41.8,12,"Sharjah",25,25.6,"Lower",0,"No",0,"No",3007,"First",24.1,28.5,25.3
3490,32,14,"Dubai",28.6,17.4,"Lower",0,"No",0,"No",3570,"Second",27.4,27.9,29.3
3491,35.5,5,"Abu Dhabi",33.3,31.9,"Lower",0,"No",0,"No",4362,"First",33.9,32.7,34.8
3492,24.6,25,"Dubai",27.9,34.1,"Lower",0,"No",0,"No",3050,"Second",26.9,26.7,26.3
3493,23,27,"Dubai",36.6,22.4,"High",0,"No",0,"No",2816,"Second",35.1,35.1,34.1
3494,29.7,15,"Dubai",34.4,31.2,"Lower",0,"No",0,"No",3429,"Second",35.9,36.3,35.2
3495,39.1,31,"Abu Dhabi",29.9,31.4,"Lower",0,"No",0,"No",2820,"Third",28.3,27.8,25.4
3496,23.3,21,"Dubai",30.1,34.1,"Lower",0,"No",0,"No",2285,"Second",28,28.3,31.2
3497,18.1,10,"Dubai",39.9,38.1,"High",0,"No",1,"Yes",2776,"First",39.6,38.5,33.9
3498,43.5,27,"Dubai",35.8,38.9,"High",0,"No",0,"No",3904,"Second",34.6,36.1,35.9
3499,40.2,34,"Dubai",34.2,32.9,"Lower",0,"No",0,"No",1893,"Third",34.8,33.6,35.7
3500,34.1,40,"Abu Dhabi",30.5,38.2,"Lower",0,"No",0,"No",3696,"Third",32.2,30.5,33
3501,36.5,11,"Sharjah",28.7,27.8,"Lower",0,"No",0,"No",3302,"First",28.3,29.7,29.6
3502,21.1,10,"Dubai",30,28.9,"Lower",0,"No",0,"No",2939,"First",28.4,31.2,28.9
3503,36.9,24,"Dubai",32.7,41.8,"Lower",0,"No",0,"No",3075,"Second",33.3,34.7,31.8
3504,24.1,23,"Dubai",32,32.1,"Lower",1,"Yes",0,"No",3158,"Second",30.5,34.2,35
3505,37.8,22,"Dubai",24.1,41.1,"Lower",0,"No",1,"Yes",2842,"Second",25.3,24.4,24.1
3506,27.7,11,"Abu Dhabi",34.4,27.6,"Lower",0,"No",0,"No",2896,"First",34.2,33.5,31.5
3507,27.8,19,"Dubai",31.3,33.6,"Lower",0,"No",0,"No",2875,"Second",30.3,33.1,31.4
3508,33.2,38,"Abu Dhabi",33.6,31.8,"Lower",0,"No",0,"No",3294,"Third",35.9,34,34.7
3509,30.6,26,"Dubai",32.3,32,"Lower",0,"No",0,"No",3301,"Second",32.1,31.9,33.1
3510,28.4,5,"Dubai",28.3,20.2,"Lower",0,"No",0,"No",3217,"First",28.4,27.7,28.4
3511,23,28,"Abu Dhabi",28.7,34.3,"Lower",0,"No",0,"No",4310,"Third",29.5,29.7,30.4
3512,32.8,26,"Abu Dhabi",31.6,30.5,"Lower",0,"No",0,"No",3695,"Second",32.3,29.9,32.2
3513,20.3,34,"Dubai",33.7,24,"Lower",0,"No",0,"No",3723,"Third",32.3,34.5,33.2
3514,20.4,29,"Dubai",28.1,21.5,"Lower",0,"No",0,"No",3546,"Third",28.1,27.1,25.8
3515,37.8,4,"Dubai",32.1,41.7,"Lower",0,"No",0,"No",4362,"First",30.7,32.7,30.3
3516,40,34,"Sharjah",31.4,21.2,"Lower",0,"No",1,"Yes",3435,"Third",33,34,28
3517,21.9,7,"Sharjah",37.6,33.1,"High",1,"Yes",0,"No",2810,"First",35.4,38.1,39
3518,22.2,23,"Abu Dhabi",28.5,22.3,"Lower",0,"No",0,"No",2826,"Second",27.7,28.8,29.6
3519,42.6,4,"Abu Dhabi",28.5,28,"Lower",0,"No",1,"Yes",3376,"First",27.8,26.6,28.4
3520,34.8,21,"Dubai",30.7,37.1,"Lower",0,"No",0,"No",3356,"Second",31.8,29.9,33.7
3521,41.9,36,"Sharjah",39.7,29.3,"High",0,"No",0,"No",2838,"Third",40.4,39.6,40.6
3522,18.3,27,"Abu Dhabi",31,34.8,"Lower",0,"No",1,"Yes",2657,"Second",28.4,32.4,30.2
3523,28.7,13,"Sharjah",29.9,14.8,"Lower",0,"No",0,"No",3670,"First",33,30.2,28.6
3524,22.6,9,"Abu Dhabi",34.1,46.3,"Lower",0,"No",0,"No",2267,"First",32.4,33.4,32.5
3525,33.3,31,"Abu Dhabi",36.6,27.8,"High",0,"No",0,"No",3010,"Third",34.6,36.5,36.7
3526,31.2,38,"Abu Dhabi",28,25.4,"Lower",0,"No",0,"No",3476,"Third",27.9,28.7,28.7
3527,43.2,20,"Abu Dhabi",30.1,25.9,"Lower",0,"No",0,"No",3954,"Second",32.3,30,32.8
3528,42.1,18,"Abu Dhabi",25.6,25,"Lower",0,"No",0,"No",3258,"Second",28.4,24.3,26.5
3529,32.6,23,"Abu Dhabi",29.1,30,"Lower",0,"No",0,"No",3209,"Second",23.6,30.3,26.9
3530,40.3,31,"Sharjah",31.7,30.2,"Lower",0,"No",0,"No",2750,"Third",31.5,32.7,34.7
3531,37.8,8,"Abu Dhabi",32.3,20.5,"Lower",0,"No",0,"No",3839,"First",33.8,30.7,32.9
3532,19.5,6,"Dubai",33.4,17.8,"Lower",0,"No",0,"No",3819,"First",34.2,34.4,33.2
3533,38.6,7,"Sharjah",34.7,40.6,"Lower",0,"No",0,"No",2645,"First",35.5,34.3,34.6
3534,26.2,15,"Sharjah",29.6,21.8,"Lower",0,"No",0,"No",3930,"Second",29.5,33.7,31.7
3535,42.7,12,"Sharjah",31.7,31.1,"Lower",0,"No",0,"No",3206,"First",31,30.4,32
3536,22.8,10,"Abu Dhabi",33.7,21.9,"Lower",1,"Yes",0,"No",3034,"First",34.2,35.1,34.5
3537,28.1,32,"Sharjah",36.2,29.3,"High",0,"No",0,"No",2519,"Third",36.4,35.2,37.9
3538,24.1,22,"Dubai",31.2,31.6,"Lower",1,"Yes",0,"No",3655,"Second",34.1,31.8,29.7
3539,32.6,25,"Dubai",29.9,44.2,"Lower",0,"No",0,"No",3404,"Second",29.1,29,27.9
3540,30.7,32,"Dubai",35.7,36.6,"High",0,"No",0,"No",3437,"Third",36.1,36.3,34.8
3541,26.4,20,"Abu Dhabi",36.2,19.6,"High",0,"No",0,"No",3975,"Second",34.9,34,34
3542,29.3,32,"Dubai",32.4,30.6,"Lower",0,"No",0,"No",3317,"Third",34,32.9,31.3
3543,20.2,32,"Abu Dhabi",33.8,25.5,"Lower",0,"No",1,"Yes",2929,"Third",35.5,31.9,31.8
3544,37,39,"Dubai",28.5,26,"Lower",0,"No",0,"No",3001,"Third",31,29.1,27.5
3545,18.4,28,"Dubai",33.2,21.3,"Lower",0,"No",0,"No",3152,"Third",35.7,32.2,32.4
3546,39.2,21,"Dubai",32.1,39.1,"Lower",0,"No",0,"No",3221,"Second",32.3,28.7,30.4
3547,24,7,"Abu Dhabi",37.2,27.5,"High",0,"No",0,"No",3539,"First",38,33.5,38.3
3548,22.5,32,"Dubai",30.8,18.3,"Lower",0,"No",0,"No",3240,"Third",29,30.8,31.3
3549,32.1,36,"Dubai",39.4,18.4,"High",0,"No",0,"No",2604,"Third",36.4,39.4,39.1
3550,30.5,29,"Abu Dhabi",30.3,40.7,"Lower",1,"Yes",0,"No",3156,"Third",32.2,32.3,30.6
3551,24.7,19,"Dubai",29.7,34.4,"Lower",0,"No",0,"No",4054,"Second",29.5,30.6,29.4
3552,23.7,23,"Abu Dhabi",30.2,36.5,"Lower",0,"No",0,"No",3330,"Second",29.3,28.8,30.3
3553,31.1,9,"Dubai",33,27.8,"Lower",0,"No",0,"No",3547,"First",31.8,33.2,31.2
3554,35.9,34,"Sharjah",32.4,30,"Lower",0,"No",1,"Yes",3204,"Third",33.4,32.3,32.2
3555,33.3,28,"Abu Dhabi",32.3,30,"Lower",0,"No",0,"No",3195,"Third",30,31.8,31.9
3556,18.1,12,"Dubai",29.7,37,"Lower",0,"No",0,"No",3128,"First",30.9,30,29.1
3557,41,10,"Dubai",27.4,34.7,"Lower",0,"No",0,"No",2860,"First",26.3,25.5,24.6
3558,27.6,27,"Sharjah",36.6,32.9,"High",0,"No",0,"No",3787,"Second",35.5,37.6,35.8
3559,18.9,4,"Dubai",35.9,12.2,"High",0,"No",0,"No",3139,"First",37.4,33.9,35.5
3560,43.4,19,"Abu Dhabi",33.9,37.4,"Lower",0,"No",0,"No",2561,"Second",33.2,33.9,37.1
3561,44.6,19,"Abu Dhabi",30.5,39.3,"Lower",0,"No",0,"No",2709,"Second",28.8,28.8,32
3562,32.9,24,"Dubai",36.9,13.4,"High",0,"No",0,"No",3460,"Second",37.6,36.2,37.5
3563,32.7,32,"Dubai",32.2,38.6,"Lower",0,"No",0,"No",3661,"Third",32.3,32.6,33.5
3564,33.1,8,"Sharjah",32.5,26.1,"Lower",0,"No",0,"No",3374,"First",31,33.8,33.1
3565,40.5,40,"Dubai",35.6,20.8,"High",0,"No",0,"No",3053,"Third",37,38.5,34.8
3566,21.7,29,"Dubai",35.5,31.1,"High",0,"No",0,"No",3302,"Third",34.1,34.1,35.5
3567,19,33,"Sharjah",32.7,37.3,"Lower",0,"No",0,"No",2850,"Third",34.3,32.6,32
3568,28.7,13,"Dubai",29,34.5,"Lower",1,"Yes",0,"No",3619,"First",31.1,31,30.9
3569,43.4,24,"Dubai",34.9,28.1,"Lower",0,"No",0,"No",3229,"Second",33.8,34.5,35.7
3570,26.7,15,"Dubai",35.7,31.4,"High",0,"No",0,"No",2500,"Second",36.9,33.5,35.8
3571,32.5,28,"Abu Dhabi",30.4,28.9,"Lower",0,"No",0,"No",4246,"Third",31.9,29.9,28
3572,32.5,24,"Dubai",31.5,31.5,"Lower",0,"No",0,"No",2970,"Second",28.7,29.4,28
3573,26.3,32,"Sharjah",32.7,33,"Lower",0,"No",0,"No",2700,"Third",29.7,32.3,32.6
3574,20.9,33,"Dubai",33.3,23.7,"Lower",0,"No",0,"No",3459,"Third",32.8,32.4,33.4
3575,25.3,37,"Abu Dhabi",32.1,25.9,"Lower",0,"No",0,"No",2936,"Third",33,31,32
3576,36.5,15,"Sharjah",30.5,38.8,"Lower",0,"No",0,"No",2880,"Second",31.7,25.9,30.6
3577,30.5,31,"Dubai",29.5,16.4,"Lower",0,"No",0,"No",3637,"Third",29.1,28.4,28.4
3578,38.6,37,"Abu Dhabi",34,20.4,"Lower",0,"No",0,"No",2664,"Third",34.7,37.3,35.7
3579,23.6,25,"Sharjah",31.3,22.4,"Lower",0,"No",0,"No",3378,"Second",30.1,29.2,30.2
3580,40.8,5,"Abu Dhabi",29.1,38.2,"Lower",0,"No",0,"No",3680,"First",30.1,29.5,28.7
3581,24.9,22,"Sharjah",30.8,15.3,"Lower",0,"No",0,"No",3193,"Second",31.5,33.4,31.7
3582,36.8,8,"Dubai",27.8,20.4,"Lower",0,"No",0,"No",3287,"First",26.5,26.7,26.7
3583,18.9,33,"Dubai",33.5,14.8,"Lower",0,"No",0,"No",3237,"Third",35.1,33.3,32.1
3584,33.7,18,"Dubai",29.7,11.2,"Lower",0,"No",0,"No",3473,"Second",28.6,30.2,29.8
3585,28.8,9,"Dubai",35,24.7,"High",0,"No",0,"No",2795,"First",36.6,35.4,37.2
3586,37.8,37,"Sharjah",28.5,29.2,"Lower",0,"No",0,"No",2935,"Third",29.6,32.2,29.4
3587,22.5,17,"Dubai",33.9,31.5,"Lower",0,"No",0,"No",3218,"Second",33.8,33.8,33.4
3588,29.1,35,"Abu Dhabi",33.9,31,"Lower",0,"No",1,"Yes",3554,"Third",32.3,33.9,33.5
3589,21.1,15,"Abu Dhabi",35.3,45.3,"High",1,"Yes",0,"No",2682,"Second",34.5,35.9,34.1
3590,40,35,"Dubai",35.1,37.1,"High",0,"No",0,"No",2589,"Third",33,34.5,35.4
3591,24.3,14,"Sharjah",29.9,34.9,"Lower",0,"No",0,"No",2577,"Second",31.5,31.9,27.9
3592,21.3,14,"Sharjah",33.1,32.7,"Lower",0,"No",0,"No",2634,"Second",33.7,31,33.8
3593,39.2,9,"Abu Dhabi",34.5,28.3,"Lower",0,"No",0,"No",3256,"First",34.5,33.9,33.1
3594,38.2,14,"Abu Dhabi",36,34,"High",0,"No",0,"No",3089,"Second",33.9,36.1,35
3595,24.9,34,"Dubai",30.2,24,"Lower",0,"No",0,"No",3440,"Third",29.6,30.1,31.3
3596,18.2,17,"Dubai",32.1,19.9,"Lower",1,"Yes",0,"No",4350,"Second",32.1,30.7,31.6
3597,43.6,19,"Dubai",34.3,16.7,"Lower",0,"No",1,"Yes",3502,"Second",32,33.8,33
3598,41.4,4,"Abu Dhabi",33.4,26.8,"Lower",0,"No",0,"No",3054,"First",30.6,31.1,32.5
3599,44.6,38,"Abu Dhabi",30.4,34.4,"Lower",0,"No",0,"No",3872,"Third",29.8,28.9,29.4
3600,19.1,14,"Dubai",31.6,34,"Lower",0,"No",0,"No",2555,"Second",30.7,32.3,29.5
3601,19.6,20,"Dubai",33.1,27.6,"Lower",0,"No",0,"No",3357,"Second",30.8,31.9,35.2
3602,20.8,16,"Abu Dhabi",32.7,32.2,"Lower",0,"No",0,"No",3484,"Second",31.3,33.9,34.1
3603,25.6,6,"Dubai",30.1,34.4,"Lower",0,"No",0,"No",3600,"First",28.1,32,30.4
3604,22.8,16,"Abu Dhabi",32,24,"Lower",0,"No",0,"No",3198,"Second",32.4,32.5,31.7
3605,30.5,4,"Sharjah",34.1,22.3,"Lower",0,"No",0,"No",3064,"First",33.7,33.9,36.5
3606,32.8,36,"Dubai",34.3,33.6,"Lower",0,"No",0,"No",3565,"Third",34.7,34.5,32.2
3607,24.2,31,"Dubai",34.7,20.5,"Lower",0,"No",1,"Yes",2607,"Third",33.9,33,35.4
3608,21.9,31,"Dubai",35.4,15.3,"High",0,"No",0,"No",3447,"Third",34.5,35.4,35.3
3609,42.6,40,"Dubai",29.6,36.3,"Lower",0,"No",0,"No",3315,"Third",26.9,28.8,30.9
3610,43.4,15,"Abu Dhabi",34,25.6,"Lower",0,"No",0,"No",2658,"Second",33.9,33.3,32.7
3611,33.2,32,"Sharjah",30.3,33,"Lower",0,"No",0,"No",3252,"Third",30.2,26.9,30.2
3612,30.3,34,"Dubai",30.1,25.2,"Lower",1,"Yes",0,"No",2692,"Third",28.9,28.4,32.9
3613,23.5,39,"Abu Dhabi",33.1,34.9,"Lower",1,"Yes",0,"No",3395,"Third",32.1,32,29.4
3614,24.2,6,"Dubai",31.7,26,"Lower",0,"No",0,"No",3928,"First",31.3,32.8,30
3615,26.2,33,"Abu Dhabi",35.7,32.4,"High",0,"No",0,"No",3023,"Third",35.8,36.5,33.2
3616,32.2,32,"Sharjah",30.9,26.4,"Lower",0,"No",0,"No",2870,"Third",31.2,29.9,29.9
3617,21.7,20,"Abu Dhabi",32.5,30.2,"Lower",0,"No",0,"No",2719,"Second",31.6,33.5,29.5
3618,35.4,4,"Dubai",26.4,32.4,"Lower",0,"No",0,"No",3568,"First",25.7,27.1,25.4
3619,26.5,39,"Dubai",33.2,34.4,"Lower",0,"No",0,"No",3361,"Third",32.8,32.8,30.1
3620,37.6,19,"Sharjah",27.9,32.9,"Lower",0,"No",0,"No",2908,"Second",25.2,28.4,28.4
3621,41.3,26,"Dubai",29.5,41.6,"Lower",0,"No",0,"No",4037,"Second",33.4,29.5,30.8
3622,35,38,"Abu Dhabi",28.6,52.5,"Lower",0,"No",0,"No",2615,"Third",28.7,27.1,26.4
3623,22.6,12,"Sharjah",24.5,33.6,"Lower",0,"No",0,"No",3147,"First",23.2,26.5,24.9
3624,19.2,18,"Dubai",25.2,19.1,"Lower",0,"No",0,"No",4447,"Second",24.1,25.4,26.8
3625,37.7,20,"Abu Dhabi",31,35.3,"Lower",0,"No",0,"No",3095,"Second",29.9,32.7,32.2
3626,31.4,27,"Sharjah",32,19.9,"Lower",0,"No",1,"Yes",3293,"Second",31.4,31.2,30
3627,28.8,8,"Abu Dhabi",34,30,"Lower",0,"No",0,"No",3201,"First",30.2,35.7,32
3628,41,23,"Abu Dhabi",27.8,40,"Lower",0,"No",0,"No",3833,"Second",28.2,30.3,26.6
3629,19.3,7,"Sharjah",33.2,24.8,"Lower",0,"No",0,"No",2445,"First",34.6,33.2,32.9
3630,27,17,"Dubai",31,37.5,"Lower",0,"No",0,"No",3784,"Second",30.7,29.3,32.8
3631,23.8,33,"Dubai",27,29.9,"Lower",0,"No",0,"No",2862,"Third",28,27.5,26.7
3632,42.5,5,"Dubai",31.5,30.1,"Lower",0,"No",0,"No",3027,"First",32,30.9,33.1
3633,19.3,7,"Dubai",30.8,11.3,"Lower",0,"No",0,"No",3280,"First",31.8,32.7,30.4
3634,37.3,21,"Dubai",31.3,43.5,"Lower",0,"No",0,"No",2993,"Second",31.5,33,31.7
3635,44.2,33,"Abu Dhabi",32.3,36.6,"Lower",0,"No",0,"No",2516,"Third",32,31.2,31
3636,25.8,18,"Abu Dhabi",34.1,34.8,"Lower",0,"No",1,"Yes",2667,"Second",33.4,34.9,32.3
3637,34.2,40,"Dubai",34.1,47.3,"Lower",1,"Yes",1,"Yes",2408,"Third",32.6,34,30.8
3638,30.3,37,"Dubai",28.7,25.5,"Lower",0,"No",0,"No",3346,"Third",26.6,28.4,27.8
3639,33,29,"Sharjah",32,39.3,"Lower",1,"Yes",0,"No",3031,"Third",32.9,31.8,32.4
3640,21.9,37,"Abu Dhabi",31.9,27.7,"Lower",0,"No",0,"No",3546,"Third",28.8,30.9,31.7
3641,31.7,25,"Abu Dhabi",34.7,33.4,"Lower",0,"No",0,"No",2443,"Second",35.5,33.9,34.5
3642,42.6,12,"Abu Dhabi",29.1,22.9,"Lower",0,"No",0,"No",3310,"First",28.9,29.2,26.5
3643,34.1,18,"Dubai",27.5,34,"Lower",0,"No",0,"No",2479,"Second",28.9,25,25.2
3644,33.3,16,"Dubai",30,13.8,"Lower",0,"No",0,"No",3378,"Second",29,28.1,30.2
3645,28.4,38,"Sharjah",31.2,22.9,"Lower",0,"No",0,"No",3833,"Third",31.6,28.8,29.7
3646,32.9,31,"Sharjah",31.2,38.3,"Lower",0,"No",0,"No",3321,"Third",31.9,31.2,30.9
3647,27.4,5,"Dubai",32.9,26.5,"Lower",0,"No",0,"No",3024,"First",32.1,30.4,35.9
3648,25.7,27,"Abu Dhabi",29.4,38.8,"Lower",0,"No",0,"No",3500,"Second",29.5,29,31.4
3649,23.1,20,"Dubai",32.2,29.8,"Lower",0,"No",0,"No",2683,"Second",36.7,34.4,27.9
3650,29.2,33,"Sharjah",27.1,25.9,"Lower",0,"No",0,"No",3535,"Third",28.1,26.2,28.9
3651,29.6,5,"Abu Dhabi",36.4,36.1,"High",0,"No",0,"No",2615,"First",35.2,39.4,34.3
3652,43.5,5,"Dubai",36.2,20.4,"High",0,"No",0,"No",3129,"First",35.8,39.2,37.4
3653,30.4,40,"Abu Dhabi",34.5,30.1,"Lower",0,"No",0,"No",3251,"Third",36.3,33.3,35.2
3654,18.4,14,"Abu Dhabi",35.1,31.7,"High",0,"No",0,"No",3068,"Second",35.1,34.3,36.6
3655,22.6,12,"Sharjah",32.3,35.5,"Lower",0,"No",0,"No",3235,"First",30.4,33.3,30.7
3656,33.7,14,"Abu Dhabi",33,11.5,"Lower",0,"No",0,"No",3346,"Second",33.6,31.3,34.2
3657,33.1,11,"Dubai",29.6,24.8,"Lower",0,"No",0,"No",3529,"First",30.4,28.8,31.3
3658,35.6,7,"Dubai",33.7,14.7,"Lower",0,"No",0,"No",4536,"First",30.5,33.9,34.1
3659,20.5,38,"Abu Dhabi",25.6,38.8,"Lower",0,"No",0,"No",3019,"Third",23.1,25.3,26
3660,18.6,15,"Dubai",36.3,31.2,"High",0,"No",0,"No",3264,"Second",35.3,38.1,35.2
3661,34.1,24,"Abu Dhabi",31.5,27.2,"Lower",0,"No",0,"No",3055,"Second",31.5,32,33.6
3662,33.2,16,"Sharjah",34.3,30,"Lower",0,"No",0,"No",3176,"Second",36.4,32.9,35.8
3663,30.8,36,"Dubai",33.2,31.8,"Lower",0,"No",0,"No",2724,"Third",34,31.6,31.1
3664,21.1,22,"Sharjah",33.5,28.1,"Lower",0,"No",0,"No",3419,"Second",33.1,31.3,33.9
3665,40.1,22,"Dubai",26.8,27.2,"Lower",0,"No",0,"No",3219,"Second",25.6,27.7,26.5
3666,22.2,37,"Abu Dhabi",34,18.3,"Lower",0,"No",0,"No",3476,"Third",30.6,33.3,33.3
3667,31.6,29,"Sharjah",35.9,25.5,"High",0,"No",0,"No",2595,"Third",36.3,38.7,38.6
3668,41.8,9,"Sharjah",25.2,28.7,"Lower",0,"No",0,"No",2995,"First",24.4,23,25.1
3669,37,18,"Dubai",31.5,42.5,"Lower",0,"No",0,"No",3343,"Second",30.5,33.6,30.7
3670,21.2,29,"Abu Dhabi",27.7,32.2,"Lower",0,"No",0,"No",3563,"Third",27.8,29.1,28.1
3671,43,15,"Sharjah",27.2,35.5,"Lower",0,"No",0,"No",3044,"Second",24.9,26.8,28.4
3672,34.4,33,"Sharjah",32.1,29.9,"Lower",0,"No",0,"No",3323,"Third",33.2,34.6,31.5
3673,35,18,"Abu Dhabi",25.5,29.3,"Lower",0,"No",0,"No",3078,"Second",25.4,24.2,24.8
3674,22.7,30,"Dubai",26.5,39.8,"Lower",0,"No",0,"No",3539,"Third",27.7,25.8,27.1
3675,39.8,30,"Dubai",32.2,36.9,"Lower",0,"No",0,"No",2350,"Third",32.7,32.4,32
3676,22.2,36,"Sharjah",25.9,32.8,"Lower",0,"No",0,"No",3728,"Third",27.8,27.6,23.6
3677,27.9,6,"Abu Dhabi",30.4,41.7,"Lower",0,"No",0,"No",3274,"First",29.4,32.6,31.8
3678,29.7,32,"Sharjah",31.1,26.1,"Lower",0,"No",0,"No",3075,"Third",32.1,29.9,29.6
3679,25.9,11,"Dubai",35.8,15.3,"High",0,"No",0,"No",3162,"First",35.4,35.3,34.8
3680,20.3,19,"Dubai",33,28,"Lower",0,"No",0,"No",3517,"Second",32.8,34.8,34
3681,28.5,20,"Dubai",31.5,12,"Lower",0,"No",0,"No",3174,"Second",34.4,32.8,32.3
3682,40.9,28,"Dubai",35.8,31.3,"High",0,"No",0,"No",2972,"Third",35.2,35.3,38.7
3683,22.7,37,"Dubai",32.2,36.3,"Lower",0,"No",0,"No",2897,"Third",33.5,31.3,28.2
3684,34.2,6,"Dubai",27.4,30.6,"Lower",0,"No",0,"No",2913,"First",28.6,29.5,26.6
3685,33.4,31,"Dubai",30.9,15.2,"Lower",0,"No",0,"No",3766,"Third",31.1,30.8,31.6
3686,43.2,12,"Dubai",33.4,19.9,"Lower",0,"No",0,"No",3429,"First",32.2,32,33.2
3687,34.2,7,"Sharjah",24,29.8,"Lower",0,"No",0,"No",3156,"First",25.5,21.9,22
3688,27.2,22,"Abu Dhabi",34.8,29.9,"Lower",0,"No",0,"No",2775,"Second",36.4,34.3,33
3689,22.3,14,"Dubai",33.7,26.7,"Lower",0,"No",0,"No",3452,"Second",34.8,32.7,31.9
3690,32.2,27,"Abu Dhabi",34.6,31.3,"Lower",0,"No",0,"No",3200,"Second",36.2,33.9,36.1
3691,30.9,28,"Dubai",31.9,41.1,"Lower",0,"No",0,"No",3391,"Third",32.3,32.7,31.3
3692,22.9,10,"Sharjah",34.9,42.1,"Lower",0,"No",1,"Yes",3029,"First",33.3,35.8,35.7
3693,35.7,22,"Abu Dhabi",35,26.9,"High",0,"No",0,"No",3746,"Second",36,36.2,34.1
3694,33.1,36,"Sharjah",34.6,41.9,"Lower",0,"No",1,"Yes",3381,"Third",31.3,34.5,35.3
3695,25.5,29,"Abu Dhabi",34.4,36.9,"Lower",0,"No",1,"Yes",2999,"Third",34.2,34.4,35.3
3696,22.6,34,"Dubai",30,17.6,"Lower",0,"No",0,"No",3031,"Third",32.1,30.3,32.9
3697,22,16,"Abu Dhabi",37.5,29.3,"High",0,"No",0,"No",3656,"Second",36.9,39.4,36.1
3698,38.8,35,"Abu Dhabi",34.8,35.1,"Lower",0,"No",0,"No",3287,"Third",32.5,36.1,36
3699,32.7,25,"Dubai",32.5,33,"Lower",0,"No",0,"No",2559,"Second",31.8,32.3,29.6
3700,31,15,"Dubai",33.4,18.3,"Lower",0,"No",0,"No",2976,"Second",33,32.1,33.7
3701,20.4,40,"Dubai",35.4,28.3,"High",0,"No",0,"No",3479,"Third",37.1,38.2,35.8
3702,39.5,7,"Abu Dhabi",33.8,18.3,"Lower",0,"No",0,"No",2836,"First",34.2,35.9,34
3703,42.1,26,"Abu Dhabi",30.3,32.6,"Lower",0,"No",0,"No",2983,"Second",31.3,30.4,29.3
3704,22.9,38,"Abu Dhabi",28.8,32.7,"Lower",0,"No",0,"No",2761,"Third",30.6,28,29.1
3705,30.1,14,"Abu Dhabi",34.8,41.1,"Lower",1,"Yes",0,"No",2498,"Second",34.9,35,36.6
3706,28.5,19,"Abu Dhabi",37.7,19.3,"High",0,"No",0,"No",2930,"Second",37.1,34.5,38.7
3707,22.2,4,"Abu Dhabi",29.5,40.2,"Lower",0,"No",0,"No",3470,"First",29,29.6,27.4
3708,36.7,28,"Dubai",31.1,34.4,"Lower",0,"No",0,"No",2998,"Third",31.5,31,29.8
3709,26.8,11,"Dubai",31.8,29.4,"Lower",0,"No",0,"No",3137,"First",30.3,31.9,31.3
3710,19.2,26,"Sharjah",30.3,22.6,"Lower",0,"No",0,"No",2526,"Second",29.5,28.4,29.3
3711,38.8,12,"Dubai",33,28.4,"Lower",0,"No",0,"No",3214,"First",34.5,29.8,33
3712,41.3,28,"Dubai",29.1,22,"Lower",0,"No",0,"No",3314,"Third",26.8,30.5,30
3713,28.4,13,"Abu Dhabi",33.8,32.6,"Lower",0,"No",0,"No",3529,"First",31.5,35.4,36.2
3714,40.3,35,"Dubai",29.4,33.6,"Lower",0,"No",0,"No",3606,"Third",31.4,31.2,29.3
3715,30.5,7,"Dubai",31.3,26,"Lower",0,"No",0,"No",3429,"First",30.2,33.2,29.7
3716,39.2,27,"Abu Dhabi",33.3,33.8,"Lower",0,"No",0,"No",3221,"Second",33.5,34.6,33.4
3717,37.6,40,"Abu Dhabi",33.2,36.9,"Lower",0,"No",0,"No",3195,"Third",31.8,32.1,32.4
3718,38.3,21,"Dubai",33.7,41.5,"Lower",0,"No",0,"No",2025,"Second",33.5,34.6,34.4
3719,40.3,33,"Dubai",33.1,38.4,"Lower",0,"No",0,"No",3326,"Third",32.8,33.4,34.2
3720,29.3,8,"Abu Dhabi",35.2,33.2,"High",0,"No",1,"Yes",2583,"First",36.7,35.2,37.5
3721,27.2,29,"Dubai",29.1,34.5,"Lower",1,"Yes",0,"No",3604,"Third",26.5,26.7,33.8
3722,41.4,24,"Dubai",31.4,32.8,"Lower",0,"No",0,"No",3073,"Second",33.5,33.7,29.8
3723,36.8,30,"Dubai",31.4,34.5,"Lower",0,"No",0,"No",3489,"Third",32.8,30.8,30.9
3724,21.2,5,"Abu Dhabi",37.1,33.8,"High",0,"No",0,"No",4046,"First",39.1,34.6,38
3725,31.1,30,"Abu Dhabi",26.8,22.5,"Lower",0,"No",0,"No",4154,"Third",26.6,27.5,26.9
3726,43.2,24,"Sharjah",33.6,40.6,"Lower",0,"No",0,"No",2998,"Second",35.2,29.8,33.5
3727,33.9,17,"Abu Dhabi",31.5,25,"Lower",0,"No",0,"No",3462,"Second",29.6,31.9,32.7
3728,25.4,17,"Abu Dhabi",27,32.4,"Lower",0,"No",0,"No",3624,"Second",25.3,28,29.5
3729,34.8,9,"Dubai",30.7,27.8,"Lower",0,"No",0,"No",2958,"First",29.8,30.4,31.1
3730,34.5,5,"Abu Dhabi",31.8,38,"Lower",0,"No",0,"No",3983,"First",32.7,31.1,30.5
3731,36.5,17,"Dubai",33.4,35.1,"Lower",0,"No",0,"No",3354,"Second",35.2,34.9,31.5
3732,18.8,34,"Sharjah",33.1,24.6,"Lower",0,"No",0,"No",3335,"Third",32.8,35.3,33.4
3733,33.7,19,"Dubai",32.1,26.3,"Lower",0,"No",1,"Yes",2857,"Second",30.8,32.4,33.3
3734,36,7,"Abu Dhabi",34.5,20.6,"Lower",0,"No",0,"No",3291,"First",35.6,33.9,33.6
3735,27.5,40,"Dubai",30.6,28.4,"Lower",0,"No",0,"No",3568,"Third",33.3,30.7,30.5
3736,37.1,23,"Abu Dhabi",33.7,22.4,"Lower",0,"No",0,"No",3391,"Second",31,33.7,36.1
3737,35.1,12,"Dubai",36.4,37.9,"High",0,"No",0,"No",3510,"First",36.8,35.9,35.5
3738,34.3,38,"Dubai",35.3,32.8,"High",0,"No",0,"No",2586,"Third",38.4,37.2,34.9
3739,33.5,24,"Sharjah",32.4,27.4,"Lower",0,"No",0,"No",3748,"Second",32.3,36.1,32.3
3740,32.6,16,"Abu Dhabi",32.6,31.5,"Lower",0,"No",0,"No",3039,"Second",32.6,33.7,34
3741,35.7,18,"Dubai",32,34.9,"Lower",0,"No",0,"No",3682,"Second",31.1,33.2,35.7
3742,22.1,10,"Sharjah",32.4,27.7,"Lower",1,"Yes",0,"No",3134,"First",35.3,33.7,33.7
3743,28.3,28,"Dubai",33.3,44.3,"Lower",0,"No",0,"No",3135,"Third",35.4,36.6,31.9
3744,31,21,"Sharjah",32.7,25.1,"Lower",0,"No",0,"No",2779,"Second",35.7,34.8,29.3
3745,34.6,10,"Sharjah",32.7,28.6,"Lower",0,"No",0,"No",3295,"First",32.7,32.4,34.6
3746,30.6,28,"Dubai",34.9,20,"Lower",0,"No",0,"No",2967,"Third",34.6,36.7,36
3747,28.2,18,"Abu Dhabi",36.7,28.6,"High",0,"No",0,"No",2608,"Second",33.1,37.8,38
3748,27.4,14,"Dubai",37.1,36.6,"High",1,"Yes",0,"No",3298,"Second",34.2,35.6,36.8
3749,33.8,8,"Dubai",33.3,40.5,"Lower",0,"No",0,"No",3857,"First",36,31.5,34.2
3750,18.7,30,"Sharjah",23.5,22.3,"Lower",0,"No",0,"No",3634,"Third",22.7,22.1,22.7
3751,23.3,34,"Sharjah",33.3,42.6,"Lower",0,"No",0,"No",3116,"Third",33.3,33,33.1
3752,25,15,"Abu Dhabi",27.2,14.6,"Lower",0,"No",0,"No",4178,"Second",25.5,25.1,28.2
3753,44.2,35,"Dubai",30.5,33.6,"Lower",0,"No",0,"No",2688,"Third",28.8,31.6,32.5
3754,41.2,34,"Dubai",32.4,37.3,"Lower",0,"No",0,"No",2782,"Third",33.1,31.7,33.4
3755,33.1,37,"Abu Dhabi",32.8,41.4,"Lower",1,"Yes",0,"No",3099,"Third",32.4,34.5,33.3
3756,34.6,14,"Abu Dhabi",37.1,28.8,"High",0,"No",1,"Yes",2544,"Second",37,38.7,36.6
3757,30.4,10,"Dubai",35.2,30.6,"High",0,"No",0,"No",2910,"First",36.9,34.9,36.6
3758,29.5,21,"Sharjah",31.4,32.2,"Lower",0,"No",0,"No",2673,"Second",32.9,30.5,30.5
3759,20.9,17,"Dubai",32.8,27.7,"Lower",0,"No",0,"No",3579,"Second",33.3,34.3,33.6
3760,25.8,10,"Abu Dhabi",34.8,33.7,"Lower",0,"No",0,"No",3022,"First",34,35.8,35.9
3761,30.6,25,"Dubai",30.7,32.7,"Lower",0,"No",0,"No",3020,"Second",29.1,33.2,27.5
3762,36.6,4,"Dubai",36,40.4,"High",0,"No",0,"No",3905,"First",38.6,37.5,38.8
3763,33.8,33,"Abu Dhabi",28.5,25.2,"Lower",0,"No",0,"No",3927,"Third",26.9,25.7,30.2
3764,41.9,23,"Sharjah",31.2,28.4,"Lower",0,"No",0,"No",3414,"Second",32.3,29.8,28
3765,34.5,15,"Abu Dhabi",30.1,30.2,"Lower",0,"No",0,"No",2980,"Second",29.1,32.9,30.8
3766,30.6,34,"Sharjah",35.3,36.6,"High",0,"No",0,"No",2860,"Third",34.3,35.8,34.7
3767,30.6,18,"Abu Dhabi",32.1,37.8,"Lower",0,"No",0,"No",2772,"Second",31.1,30.6,31.7
3768,18.7,30,"Dubai",35.1,28.6,"High",0,"No",1,"Yes",3192,"Third",35.7,36,34.6
3769,30.1,35,"Sharjah",30.4,33.8,"Lower",0,"No",0,"No",3219,"Third",31.3,27.2,31.8
3770,22.4,5,"Sharjah",31.5,31,"Lower",0,"No",0,"No",3789,"First",31.5,29.1,32.6
3771,35.8,34,"Abu Dhabi",30.2,37.4,"Lower",0,"No",0,"No",2995,"Third",29.2,31.2,30.5
3772,37.3,21,"Abu Dhabi",39.1,26.8,"High",0,"No",1,"Yes",3544,"Second",36.7,39.9,39.4
3773,39.8,24,"Dubai",29.3,31.1,"Lower",0,"No",0,"No",2633,"Second",32.8,29,30.9
3774,20.4,27,"Abu Dhabi",31.7,38.5,"Lower",0,"No",0,"No",3937,"Second",31.8,29.5,32.1
3775,25,19,"Dubai",31.6,27.4,"Lower",0,"No",0,"No",3488,"Second",32.4,30.8,30.8
3776,21.6,20,"Dubai",34.4,36.5,"Lower",0,"No",0,"No",3939,"Second",34.3,33.2,32.9
3777,29.3,6,"Abu Dhabi",35.2,36.8,"High",0,"No",0,"No",3120,"First",35,34,36.1
3778,40.1,4,"Sharjah",30.6,29.9,"Lower",0,"No",0,"No",3788,"First",34.2,29.3,32.3
3779,22.3,27,"Sharjah",29.3,23.3,"Lower",0,"No",0,"No",3315,"Second",28.9,28,32.9
3780,23.9,35,"Sharjah",35.2,18.6,"High",0,"No",0,"No",3347,"Third",35.9,34.9,32.2
3781,26.5,37,"Dubai",25.5,34.6,"Lower",0,"No",0,"No",4462,"Third",25.7,27.5,24.2
3782,26,12,"Abu Dhabi",29.4,18.3,"Lower",0,"No",0,"No",3169,"First",28.9,29.3,28.6
3783,21.3,26,"Dubai",31.3,27.2,"Lower",0,"No",0,"No",2813,"Second",30.2,35.7,31.4
3784,23.1,4,"Dubai",34,36.8,"Lower",0,"No",0,"No",3827,"First",31.8,31.2,35.5
3785,24.8,33,"Dubai",30.3,38.1,"Lower",0,"No",0,"No",3076,"Third",28.3,31.9,31.2
3786,23,36,"Abu Dhabi",33.9,39.4,"Lower",0,"No",0,"No",3287,"Third",35.5,35.9,32.8
3787,41.1,22,"Abu Dhabi",31.2,27.2,"Lower",0,"No",0,"No",3504,"Second",29.5,29,29.3
3788,21.1,4,"Sharjah",30.5,34.8,"Lower",0,"No",0,"No",3229,"First",30.5,31.7,29.4
3789,40,22,"Dubai",30,36.1,"Lower",0,"No",0,"No",3527,"Second",29.3,28.9,30.7
3790,27.1,32,"Dubai",36.8,23.9,"High",0,"No",1,"Yes",2491,"Third",34.3,37.2,38.1
3791,26.3,28,"Dubai",35.7,14.9,"High",0,"No",0,"No",3736,"Third",34.4,37.6,36.7
3792,23.8,11,"Sharjah",31.4,46.8,"Lower",0,"No",0,"No",3381,"First",31.9,29.5,32.8
3793,33.9,6,"Dubai",33,32.6,"Lower",0,"No",0,"No",3472,"First",31.6,29.7,32.6
3794,42.4,19,"Dubai",35.1,29.8,"High",0,"No",0,"No",2939,"Second",36.2,32.8,35.9
3795,33.9,25,"Dubai",29.7,34.6,"Lower",0,"No",0,"No",4056,"Second",26.6,31.1,30.2
3796,20.3,32,"Abu Dhabi",29.2,21.5,"Lower",0,"No",0,"No",4466,"Third",29.2,27.9,29.1
3797,44.5,39,"Sharjah",32,23.9,"Lower",0,"No",0,"No",2757,"Third",30.3,32.5,30.7
3798,33,5,"Abu Dhabi",35.7,27,"High",0,"No",0,"No",3050,"First",33.5,33.9,35.8
3799,20.8,17,"Dubai",32.8,21.1,"Lower",0,"No",0,"No",4304,"Second",35.1,30.8,34.3
3800,21,11,"Dubai",33.8,26.1,"Lower",0,"No",1,"Yes",3225,"First",34.7,36.1,35.2
3801,28.3,33,"Abu Dhabi",34.7,23.6,"Lower",0,"No",0,"No",2421,"Third",35,36.6,34
3802,26.7,19,"Sharjah",26.4,35,"Lower",0,"No",0,"No",3205,"Second",24.8,25.9,24.4
3803,34.1,23,"Dubai",29.3,25.4,"Lower",0,"No",0,"No",2776,"Second",27.4,29.4,27.7
3804,38.4,33,"Abu Dhabi",30.3,27.3,"Lower",0,"No",0,"No",2102,"Third",27.5,31.3,30.5
3805,23.9,32,"Dubai",31.4,23.5,"Lower",0,"No",0,"No",3277,"Third",29.6,33,36
3806,28.9,4,"Abu Dhabi",30.5,29,"Lower",0,"No",0,"No",3009,"First",29.2,32.6,33.2
3807,31.1,31,"Abu Dhabi",29.9,26.6,"Lower",0,"No",0,"No",3158,"Third",28.4,30.5,28.8
3808,19.9,16,"Abu Dhabi",31.3,40.3,"Lower",0,"No",0,"No",3279,"Second",29.6,31.7,30.6
3809,22.5,17,"Dubai",31.3,41.7,"Lower",0,"No",0,"No",2351,"Second",33.5,29.2,32.6
3810,24.9,24,"Dubai",30.8,30.9,"Lower",0,"No",0,"No",3837,"Second",31.1,28.5,32.6
3811,29.5,17,"Abu Dhabi",33.7,26.4,"Lower",0,"No",0,"No",3675,"Second",32.9,35.5,37.1
3812,30.5,29,"Dubai",32,37.3,"Lower",0,"No",0,"No",3487,"Third",30.6,32.3,31.5
3813,40.6,30,"Abu Dhabi",31.1,15.2,"Lower",0,"No",0,"No",3619,"Third",33.5,29.8,28.8
3814,43.5,33,"Sharjah",30.6,22.6,"Lower",0,"No",0,"No",3524,"Third",27.9,31.2,30.5
3815,31.4,9,"Abu Dhabi",31.7,41.2,"Lower",0,"No",0,"No",3263,"First",29.8,30.7,29.8
3816,37.1,30,"Dubai",33.7,27.9,"Lower",0,"No",0,"No",3077,"Third",34.5,34.6,33.2
3817,32.3,32,"Sharjah",35.9,14,"High",0,"No",0,"No",3698,"Third",36,36,36.3
3818,27.9,21,"Sharjah",33.9,20.5,"Lower",0,"No",0,"No",2433,"Second",34.1,34.8,33
3819,30.5,32,"Abu Dhabi",32.3,37.6,"Lower",0,"No",0,"No",2773,"Third",30.2,33.3,32
3820,43.4,13,"Dubai",36,23.5,"High",0,"No",0,"No",3788,"First",34.5,34.2,34.6
3821,22.6,20,"Dubai",27.7,38.2,"Lower",0,"No",0,"No",3643,"Second",26.5,28.7,29.7
3822,37.8,30,"Abu Dhabi",30.5,28.8,"Lower",1,"Yes",0,"No",2853,"Third",30.5,30.9,30.9
3823,18.3,30,"Abu Dhabi",35.3,5,"High",0,"No",0,"No",3196,"Third",35.6,34,34.9
3824,41.5,30,"Dubai",26.9,38.8,"Lower",0,"No",0,"No",3675,"Third",25.9,27.2,25.8
3825,35.1,16,"Sharjah",34.7,34.7,"Lower",0,"No",0,"No",3501,"Second",35,35,38.1
3826,42.2,24,"Dubai",29.4,28.9,"Lower",0,"No",0,"No",3338,"Second",27,30.1,29
3827,22.6,34,"Abu Dhabi",32,40.2,"Lower",0,"No",0,"No",2850,"Third",33.1,31.7,32
3828,35.9,40,"Abu Dhabi",29.6,26.6,"Lower",0,"No",0,"No",3659,"Third",33.5,30.4,30.1
3829,18.1,10,"Abu Dhabi",29.6,32.3,"Lower",0,"No",0,"No",2737,"First",31.1,30,30
3830,21.7,11,"Dubai",31,34,"Lower",0,"No",0,"No",2601,"First",28.9,29.9,32.7
3831,29.5,5,"Abu Dhabi",28.6,25,"Lower",0,"No",0,"No",3345,"First",28,28,27.7
3832,29.3,34,"Dubai",31.4,25.4,"Lower",0,"No",0,"No",3935,"Third",32.4,31.2,28.3
3833,21.8,15,"Sharjah",34.6,27.2,"Lower",0,"No",0,"No",3376,"Second",34.4,35.8,34.9
3834,40.3,31,"Abu Dhabi",28.6,42.2,"Lower",0,"No",0,"No",2562,"Third",29,28.2,27.5
3835,31.7,6,"Sharjah",29,31.6,"Lower",0,"No",0,"No",3485,"First",28.2,28.4,27.8
3836,22.1,20,"Abu Dhabi",29.5,22.7,"Lower",0,"No",0,"No",3586,"Second",27.9,29.7,30.7
3837,27.9,37,"Dubai",32.2,27.5,"Lower",0,"No",0,"No",3222,"Third",32.2,31.2,34.9
3838,20.8,12,"Dubai",32.5,35.3,"Lower",0,"No",0,"No",3501,"First",33,31.4,33.6
3839,32.6,27,"Dubai",31.6,24.9,"Lower",0,"No",0,"No",3009,"Second",29.4,31.1,31
3840,35,15,"Abu Dhabi",31.1,20.5,"Lower",0,"No",0,"No",2613,"Second",31,31.5,32.9
3841,40.7,32,"Dubai",28,23,"Lower",0,"No",0,"No",2326,"Third",25.7,28.9,26.6
3842,33.4,24,"Abu Dhabi",33,30.5,"Lower",0,"No",0,"No",3539,"Second",32.9,32,32.6
3843,22.3,14,"Dubai",35.2,31,"High",0,"No",0,"No",3743,"Second",33.4,35,31.4
3844,24.4,23,"Abu Dhabi",26.7,30.2,"Lower",0,"No",0,"No",3043,"Second",26.9,27.7,24.4
3845,38.4,26,"Abu Dhabi",29.3,36.5,"Lower",0,"No",0,"No",3011,"Second",28,29.3,29.2
3846,32.5,5,"Abu Dhabi",27.2,40.9,"Lower",0,"No",1,"Yes",3206,"First",28.4,27.2,25.9
3847,30.1,4,"Abu Dhabi",34,31.8,"Lower",0,"No",0,"No",2618,"First",34.2,32.6,32.4
3848,41.5,29,"Dubai",34.3,5,"Lower",0,"No",0,"No",2813,"Third",36.5,34.1,34.2
3849,25.1,6,"Dubai",28.6,20.4,"Lower",0,"No",1,"Yes",3318,"First",26.1,28.4,29.6
3850,32.7,4,"Abu Dhabi",32.1,29.2,"Lower",0,"No",0,"No",2714,"First",34.2,30,34.4
3851,24.9,11,"Abu Dhabi",30.9,29.3,"Lower",0,"No",0,"No",3501,"First",29.5,30.6,28.6
3852,25.5,17,"Sharjah",28.3,34.5,"Lower",0,"No",0,"No",3879,"Second",28.9,29.1,28.1
3853,26.1,9,"Abu Dhabi",34.2,50.2,"Lower",0,"No",0,"No",2532,"First",35.3,32.4,34.8
3854,32.6,15,"Abu Dhabi",28.4,26.7,"Lower",0,"No",0,"No",3556,"Second",30.2,27.3,28.9
3855,25.2,35,"Dubai",24.4,21.2,"Lower",0,"No",0,"No",3847,"Third",21.7,22.6,24.7
3856,31.4,17,"Dubai",30,19,"Lower",0,"No",0,"No",3761,"Second",29.9,26.8,28.3
3857,20.5,20,"Abu Dhabi",24.3,39.4,"Lower",0,"No",0,"No",3491,"Second",22.1,22.9,25
3858,32.6,29,"Dubai",30.7,23.9,"Lower",0,"No",0,"No",3287,"Third",30.6,30.7,35.4
3859,25.5,31,"Sharjah",33.3,34.7,"Lower",0,"No",0,"No",3558,"Third",32.4,33.8,32.2
3860,31.6,15,"Abu Dhabi",32,16.5,"Lower",0,"No",0,"No",3758,"Second",30,33.4,30.1
3861,36.4,13,"Abu Dhabi",27.8,27,"Lower",0,"No",0,"No",4148,"First",26.6,26.3,29.1
3862,35,39,"Abu Dhabi",31.5,26.6,"Lower",0,"No",1,"Yes",3206,"Third",31.6,31.8,33.9
3863,27.9,30,"Dubai",29.6,22.5,"Lower",0,"No",0,"No",3165,"Third",29.5,29.2,32.8
3864,39.5,18,"Abu Dhabi",35.6,20.7,"High",0,"No",0,"No",3113,"Second",33.2,36.9,36.3
3865,24,24,"Dubai",34.3,39.4,"Lower",0,"No",0,"No",3261,"Second",33.8,35.2,34.9
3866,25.2,13,"Sharjah",30.9,36.9,"Lower",0,"No",0,"No",2794,"First",28.8,32.3,30
3867,36.2,31,"Dubai",35.2,25.7,"High",0,"No",0,"No",2911,"Third",34,35,34.6
3868,23.8,22,"Abu Dhabi",36.3,38.6,"High",0,"No",0,"No",2634,"Second",35.1,34.8,35.7
3869,22.9,14,"Sharjah",30.3,37,"Lower",0,"No",0,"No",2252,"Second",30.4,28.3,29.5
3870,40.7,12,"Dubai",32.4,36.1,"Lower",0,"No",0,"No",2077,"First",33,32.7,32.8
3871,24.4,30,"Sharjah",32,22.1,"Lower",0,"No",0,"No",3371,"Third",33,33.2,30.1
3872,38.7,16,"Dubai",36.1,14.9,"High",0,"No",0,"No",2505,"Second",35.6,37.2,36.1
3873,34.1,31,"Dubai",34.5,29.8,"Lower",0,"No",0,"No",2734,"Third",31.8,32.7,33.9
3874,33,38,"Abu Dhabi",30.6,28.9,"Lower",0,"No",0,"No",3673,"Third",32.9,30.7,33.5
3875,26.2,4,"Abu Dhabi",31.7,24.5,"Lower",0,"No",0,"No",2839,"First",33.1,30.5,30.5
3876,28,6,"Abu Dhabi",33.3,24.1,"Lower",0,"No",0,"No",3025,"First",33,32.7,31.5
3877,32.4,27,"Sharjah",30.2,38.4,"Lower",0,"No",0,"No",3158,"Second",31,30.3,30.9
3878,34.3,11,"Sharjah",30,34.5,"Lower",0,"No",0,"No",4294,"First",25.1,30.7,29.2
3879,21.5,8,"Dubai",28.9,39.6,"Lower",0,"No",0,"No",2234,"First",28.8,28.6,26.8
3880,21.6,31,"Abu Dhabi",28.9,19.5,"Lower",0,"No",1,"Yes",3841,"Third",30.7,27.1,29.4
3881,25.1,19,"Sharjah",39.1,36.4,"High",0,"No",0,"No",2813,"Second",37.8,39.7,38.3
3882,33.6,12,"Abu Dhabi",28.9,32.3,"Lower",0,"No",0,"No",2918,"First",28.9,31,28.9
3883,40.6,28,"Sharjah",35.7,23.6,"High",0,"No",0,"No",2606,"Third",34.3,38,34.2
3884,20.9,23,"Dubai",29.4,31.3,"Lower",0,"No",0,"No",2998,"Second",30.1,29.5,28
3885,30,18,"Abu Dhabi",30.9,7,"Lower",0,"No",0,"No",3658,"Second",33.5,30.2,30.4
3886,37.1,20,"Dubai",26.8,23.1,"Lower",0,"No",0,"No",3314,"Second",27.2,25.9,28.1
3887,39.5,36,"Abu Dhabi",28.5,35,"Lower",0,"No",0,"No",2471,"Third",29.4,29.4,29.7
3888,38.3,40,"Dubai",38.4,40.5,"High",0,"No",0,"No",3057,"Third",39.1,39.2,36
3889,22,33,"Dubai",31.9,30.1,"Lower",0,"No",0,"No",3548,"Third",32.3,33.4,30.3
3890,28.2,34,"Dubai",29.7,35.4,"Lower",0,"No",0,"No",3804,"Third",27.5,30.8,29.4
3891,22.5,9,"Sharjah",29.3,42.5,"Lower",0,"No",0,"No",2771,"First",29.6,32.2,27.9
3892,34.7,23,"Abu Dhabi",29.4,16.6,"Lower",0,"No",0,"No",2828,"Second",32.9,31.8,26.9
3893,30.7,8,"Sharjah",34.5,31.2,"Lower",0,"No",0,"No",2974,"First",36,34.9,32.5
3894,26.7,34,"Dubai",31.4,45.1,"Lower",0,"No",0,"No",3612,"Third",32.2,28.9,31.2
3895,39.8,11,"Dubai",37.9,20.6,"High",0,"No",0,"No",3144,"First",39.3,36.2,35.5
3896,27.8,37,"Abu Dhabi",27.9,30.4,"Lower",0,"No",0,"No",3543,"Third",27.3,27.2,28.6
3897,23.2,8,"Dubai",35.5,34.2,"High",0,"No",1,"Yes",3365,"First",36,36.6,35.9
3898,35.4,4,"Abu Dhabi",30.3,24.6,"Lower",0,"No",0,"No",2817,"First",30.6,30.6,29.3
3899,25.8,24,"Sharjah",35.8,33.4,"High",0,"No",0,"No",2962,"Second",36.5,34.9,37.4
3900,43.2,33,"Dubai",30.5,41.3,"Lower",0,"No",0,"No",3052,"Third",28.6,32,28.9
3901,39.4,10,"Dubai",33.5,33.4,"Lower",0,"No",0,"No",2695,"First",34.7,33.4,32.9
3902,38.6,37,"Abu Dhabi",29.7,26.8,"Lower",0,"No",0,"No",3823,"Third",30,30.6,29.7
3903,36.6,32,"Dubai",32.7,40.2,"Lower",0,"No",1,"Yes",3688,"Third",33.2,34.1,34.1
3904,24.6,33,"Sharjah",29.1,31.4,"Lower",0,"No",0,"No",3244,"Third",27.8,27.4,29.9
3905,29.3,17,"Abu Dhabi",35.6,39.4,"High",0,"No",0,"No",2736,"Second",35.9,36.5,34.1
3906,30.1,12,"Sharjah",34.9,38,"Lower",0,"No",0,"No",3140,"First",35,31.1,31
3907,30.2,15,"Dubai",32.7,28.2,"Lower",0,"No",0,"No",3162,"Second",32.3,31.9,32.2
3908,25.7,17,"Abu Dhabi",31.4,35.3,"Lower",0,"No",1,"Yes",2465,"Second",31.1,30.6,32.5
3909,38.7,12,"Dubai",28.4,15.2,"Lower",0,"No",1,"Yes",3465,"First",27.6,27.6,27.1
3910,38.8,8,"Dubai",32.9,27.4,"Lower",0,"No",0,"No",2814,"First",34,33.4,33.9
3911,44.1,36,"Dubai",35.5,22.1,"High",0,"No",0,"No",2390,"Third",36.5,34.1,35.9
3912,33.6,28,"Abu Dhabi",36.5,30.1,"High",0,"No",0,"No",2660,"Third",37.4,38.7,39.3
3913,32.5,12,"Abu Dhabi",27.3,31.2,"Lower",0,"No",0,"No",4769,"First",30.1,28.1,26.7
3914,36,31,"Abu Dhabi",30.7,32.6,"Lower",0,"No",0,"No",3345,"Third",31.5,33.3,32.6
3915,36.8,22,"Abu Dhabi",32.2,16.1,"Lower",0,"No",0,"No",3373,"Second",29.9,31.3,29
3916,20.3,30,"Dubai",34.4,46.7,"Lower",1,"Yes",1,"Yes",2960,"Third",34.1,34.9,33.4
3917,33,37,"Dubai",31.4,25.6,"Lower",1,"Yes",0,"No",3415,"Third",31.2,32,30.6
3918,33.8,19,"Dubai",31.9,39.9,"Lower",0,"No",0,"No",3468,"Second",33.7,30.7,31.8
3919,36.6,30,"Abu Dhabi",36.1,42.1,"High",0,"No",0,"No",2572,"Third",35.6,38.1,39.4
3920,32.8,24,"Dubai",22.8,15,"Lower",0,"No",0,"No",3285,"Second",21.2,25.3,23.7
3921,37.4,22,"Dubai",31.3,31.4,"Lower",0,"No",0,"No",3659,"Second",32.8,29.7,29.3
3922,34.8,6,"Dubai",36.8,23.2,"High",0,"No",1,"Yes",3153,"First",40.3,35.4,36.5
3923,32.7,22,"Abu Dhabi",31.8,24.2,"Lower",1,"Yes",0,"No",2689,"Second",31.8,31.8,32.5
3924,41.7,10,"Dubai",35.2,38.4,"High",0,"No",0,"No",2839,"First",34.5,37.6,32.8
3925,35.5,5,"Abu Dhabi",29,15,"Lower",0,"No",0,"No",3085,"First",29.4,30.2,27.7
3926,30.2,12,"Sharjah",38.4,24.1,"High",0,"No",0,"No",3309,"First",38.2,38.3,37.9
3927,36.9,9,"Abu Dhabi",30.9,35.5,"Lower",0,"No",0,"No",3906,"First",32.1,30.2,30.3
3928,41.5,20,"Dubai",34.1,26.1,"Lower",0,"No",0,"No",3288,"Second",34.9,34.3,33.9
3929,42.6,12,"Dubai",28.7,38.8,"Lower",0,"No",0,"No",3062,"First",28.3,27.4,25.9
3930,31.5,19,"Abu Dhabi",35.7,35,"High",0,"No",0,"No",3784,"Second",35.9,34.3,35.9
3931,41.6,33,"Abu Dhabi",31.3,39.1,"Lower",1,"Yes",1,"Yes",2845,"Third",32.6,34.5,32.5
3932,21.6,23,"Dubai",34.4,21.3,"Lower",0,"No",0,"No",2688,"Second",36.1,36.2,33.1
3933,19.3,37,"Abu Dhabi",36.4,28.7,"High",0,"No",0,"No",3336,"Third",39.7,34.6,38
3934,25.3,24,"Dubai",32.2,33.3,"Lower",0,"No",0,"No",2736,"Second",31.9,33,33.4
3935,25.5,24,"Dubai",31.8,41.3,"Lower",0,"No",0,"No",3997,"Second",32.9,32.8,30.6
3936,39.4,32,"Dubai",31.2,36.9,"Lower",0,"No",0,"No",3773,"Third",30.7,34.4,30.7
3937,44.8,22,"Dubai",29.1,23.9,"Lower",0,"No",0,"No",3035,"Second",28.6,27.3,27.2
3938,41.6,7,"Abu Dhabi",33.5,23.7,"Lower",0,"No",0,"No",3683,"First",35.2,34.5,32
3939,39.5,25,"Dubai",31.7,36.7,"Lower",0,"No",0,"No",2637,"Second",32,33.3,30.1
3940,20.8,20,"Abu Dhabi",32.6,26.5,"Lower",0,"No",0,"No",3336,"Second",35.3,33.5,32.5
3941,18.9,36,"Abu Dhabi",33,24.9,"Lower",0,"No",1,"Yes",3174,"Third",32.4,33.2,35
3942,23.6,5,"Abu Dhabi",34.1,26.1,"Lower",0,"No",0,"No",3263,"First",33.9,32.5,35
3943,34.8,30,"Abu Dhabi",32.9,23.4,"Lower",0,"No",0,"No",3398,"Third",30.2,32.1,32
3944,29.2,26,"Dubai",32.8,46.1,"Lower",0,"No",0,"No",2979,"Second",33.6,30.7,32.7
3945,29.2,10,"Dubai",38.6,32.3,"High",0,"No",0,"No",2935,"First",41.2,42,38.7
3946,43.5,35,"Dubai",36.8,35.7,"High",0,"No",0,"No",2751,"Third",38.2,34.4,37.3
3947,42.9,35,"Abu Dhabi",34.9,36.6,"Lower",0,"No",0,"No",2780,"Third",35.4,31.7,35.5
3948,35.7,37,"Abu Dhabi",34.7,37.2,"Lower",0,"No",0,"No",2999,"Third",35.1,35.4,33.5
3949,25.5,22,"Sharjah",35.6,22.9,"High",0,"No",0,"No",2174,"Second",37.5,34.3,37.8
3950,20.4,31,"Abu Dhabi",31.9,43.4,"Lower",0,"No",1,"Yes",2401,"Third",31.2,31.3,29.6
3951,27.2,34,"Dubai",31.2,34.1,"Lower",1,"Yes",0,"No",2993,"Third",32.4,29.2,29.9
3952,29.7,8,"Sharjah",36.3,26,"High",0,"No",0,"No",2724,"First",37.9,36.6,34.2
3953,43.4,27,"Sharjah",35.9,25.9,"High",0,"No",0,"No",2688,"Second",32.3,34.4,35.4
3954,24.8,8,"Abu Dhabi",42,30.5,"High",0,"No",0,"No",2272,"First",44,38.5,41.5
3955,24.9,27,"Sharjah",28.8,30.9,"Lower",0,"No",0,"No",3220,"Second",27.2,28,27.7
3956,40.4,11,"Dubai",34.4,28,"Lower",0,"No",1,"Yes",2763,"First",34.6,33.2,34.3
3957,26,14,"Dubai",33.6,24.3,"Lower",0,"No",0,"No",3001,"Second",32.9,33.6,33.4
3958,40.8,32,"Dubai",33.9,14.7,"Lower",0,"No",0,"No",3920,"Third",34.7,33.7,33
3959,21.7,13,"Abu Dhabi",33.3,28.7,"Lower",0,"No",0,"No",3818,"First",35,33.3,35.4
3960,25.1,36,"Abu Dhabi",35,36.2,"High",0,"No",1,"Yes",2879,"Third",35.1,34.5,36.6
3961,22.8,36,"Sharjah",34.9,18.9,"Lower",0,"No",0,"No",3232,"Third",33.9,36.6,34.5
3962,42.4,22,"Abu Dhabi",35.5,38.1,"High",1,"Yes",1,"Yes",3398,"Second",35.4,34.9,36.6
3963,20.5,33,"Dubai",26.7,37.4,"Lower",0,"No",0,"No",2757,"Third",28.2,26.6,24.2
3964,45,37,"Sharjah",32.4,19.7,"Lower",0,"No",1,"Yes",2519,"Third",32.1,31.4,33.2
3965,36.2,23,"Abu Dhabi",36.3,28,"High",0,"No",0,"No",3276,"Second",35,37.3,34.5
3966,42.5,38,"Abu Dhabi",41.7,30,"High",0,"No",1,"Yes",2499,"Third",40.1,45.2,44.5
3967,26.5,14,"Abu Dhabi",34,20.4,"Lower",0,"No",0,"No",2646,"Second",30.9,32.7,35
3968,18.2,37,"Sharjah",35.1,36.3,"High",0,"No",0,"No",3300,"Third",36.6,34.7,33.5
3969,40.9,7,"Dubai",32,19.5,"Lower",0,"No",0,"No",2950,"First",31.1,33.2,32.4
3970,36,11,"Dubai",29.6,30.7,"Lower",0,"No",0,"No",2806,"First",31.7,29.8,30.3
3971,27.2,18,"Abu Dhabi",29.2,32.6,"Lower",0,"No",0,"No",3523,"Second",27.1,31,28.8
3972,24.4,7,"Dubai",29.9,39.6,"Lower",0,"No",0,"No",3190,"First",28.9,30.1,28.8
3973,31.9,9,"Abu Dhabi",29,48.1,"Lower",0,"No",0,"No",2783,"First",30.7,26.2,29.5
3974,40.2,19,"Dubai",29.6,31.7,"Lower",0,"No",0,"No",3858,"Second",25.8,32,29.3
3975,24.3,27,"Sharjah",35.4,21.4,"High",0,"No",0,"No",3503,"Second",36.6,35.9,35.6
3976,40.6,5,"Sharjah",35.5,40.6,"High",0,"No",0,"No",3032,"First",35,37.6,37.2
3977,36.3,16,"Sharjah",32.3,25.7,"Lower",0,"No",0,"No",3251,"Second",34,31.9,31.6
3978,22.5,19,"Dubai",30.4,17,"Lower",0,"No",1,"Yes",3354,"Second",30.2,31.7,30.5
3979,43.5,21,"Dubai",34.4,10,"Lower",0,"No",0,"No",3716,"Second",31.1,35.1,32.1
3980,33.6,14,"Dubai",34.5,38.3,"Lower",0,"No",0,"No",2848,"Second",31.9,33.4,34.3
3981,34.4,5,"Dubai",32.4,26.1,"Lower",0,"No",0,"No",2272,"First",32.6,30.6,33.6
3982,23.3,13,"Dubai",33.9,29.9,"Lower",0,"No",1,"Yes",2412,"First",32.2,32.2,30.6
3983,39.2,11,"Dubai",27.5,27.6,"Lower",0,"No",0,"No",3820,"First",26.5,26.1,27.8
3984,41.8,17,"Dubai",32.3,37.3,"Lower",0,"No",0,"No",3260,"Second",33.8,31.9,32
3985,31,21,"Sharjah",33.7,49.5,"Lower",0,"No",0,"No",2803,"Second",35.3,35.1,33.8
3986,27.4,23,"Abu Dhabi",34.4,28.5,"Lower",0,"No",0,"No",3071,"Second",33.7,36.3,32.6
3987,31.5,18,"Abu Dhabi",35.3,18.8,"High",0,"No",0,"No",3359,"Second",35,35.4,33.5
3988,34.6,38,"Abu Dhabi",30.9,26.1,"Lower",0,"No",0,"No",2893,"Third",29.6,30.6,28.4
3989,23.7,18,"Abu Dhabi",32.2,22.8,"Lower",0,"No",0,"No",3281,"Second",31.5,33,33.3
3990,40,40,"Abu Dhabi",35.1,33.9,"High",0,"No",1,"Yes",3126,"Third",36,37.1,33.6
3991,22.6,7,"Dubai",30.9,33.8,"Lower",0,"No",0,"No",3879,"First",28.3,31.5,30.8
3992,30.8,32,"Dubai",31.3,22.7,"Lower",0,"No",0,"No",3504,"Third",30.9,31.9,29.9
3993,19.5,9,"Dubai",28.3,35.2,"Lower",0,"No",0,"No",3440,"First",26.5,28,25
3994,41.1,30,"Dubai",26.1,32.6,"Lower",0,"No",0,"No",4807,"Third",25.3,27.6,26
3995,22.8,16,"Sharjah",32.3,34.9,"Lower",0,"No",0,"No",3151,"Second",33.6,35.2,33
3996,28,36,"Dubai",31.2,38.1,"Lower",0,"No",0,"No",3339,"Third",27,30.7,30.8
3997,37.8,23,"Sharjah",32.2,20.1,"Lower",0,"No",0,"No",2732,"Second",31.2,31.5,33.9
3998,33.8,29,"Dubai",31.7,28.9,"Lower",0,"No",0,"No",3705,"Third",31.5,34.8,32.1
3999,36.9,7,"Dubai",29,34.8,"Lower",0,"No",0,"No",2902,"First",29.5,30,26.3
4000,25.3,19,"Abu Dhabi",34.5,36.8,"Lower",0,"No",0,"No",3254,"Second",35,36.1,31.8
4001,33.6,13,"Sharjah",30,41.9,"Lower",0,"No",0,"No",3005,"First",30.7,29.5,29.6
4002,26.1,40,"Abu Dhabi",34.7,37.4,"Lower",0,"No",0,"No",2349,"Third",34.2,33.8,31.9
4003,33.3,4,"Dubai",35.2,30.6,"High",0,"No",0,"No",3249,"First",34.8,35.3,36
4004,28.4,9,"Abu Dhabi",35,29.3,"High",0,"No",0,"No",3975,"First",34.3,36.2,35.6
4005,32.4,18,"Abu Dhabi",30.5,28.2,"Lower",1,"Yes",0,"No",2923,"Second",29,30.9,29
4006,30.4,11,"Abu Dhabi",27.7,44.9,"Lower",1,"Yes",0,"No",3311,"First",29.9,28.9,26.3
4007,23.5,40,"Abu Dhabi",29.4,18.6,"Lower",0,"No",0,"No",4090,"Third",29.2,31.5,26.4
4008,39.1,32,"Abu Dhabi",31.2,34.5,"Lower",0,"No",0,"No",2709,"Third",33.7,32.2,31.2
4009,25.2,33,"Dubai",35.1,38.7,"High",0,"No",1,"Yes",1905,"Third",32.3,34.2,35.9
4010,42.2,14,"Abu Dhabi",30.8,37.7,"Lower",0,"No",0,"No",3186,"Second",32.6,30.1,31.6
4011,37.6,36,"Abu Dhabi",30.3,31.3,"Lower",0,"No",0,"No",2773,"Third",28.8,32.9,29.9
4012,21.7,8,"Abu Dhabi",29.7,32.1,"Lower",0,"No",0,"No",2816,"First",27.6,28,31
4013,28.2,36,"Abu Dhabi",28.2,32.7,"Lower",0,"No",0,"No",3063,"Third",30.7,29,26.4
4014,44.6,11,"Dubai",35.7,32.2,"High",0,"No",0,"No",3209,"First",37.5,36.9,36.4
4015,33.9,36,"Dubai",34.9,27.6,"Lower",0,"No",0,"No",3227,"Third",33.1,33.3,36.1
4016,34.8,31,"Dubai",28.9,28.3,"Lower",0,"No",0,"No",2776,"Third",30.8,27.3,26.7
4017,26.3,26,"Dubai",34.7,22.5,"Lower",0,"No",0,"No",2380,"Second",36.3,32.1,34.4
4018,20.3,12,"Abu Dhabi",33.6,30.7,"Lower",0,"No",0,"No",2749,"First",31.7,33.3,33.5
4019,19.9,36,"Dubai",29.3,34.3,"Lower",0,"No",0,"No",3189,"Third",27.9,30,27.1
4020,23.4,9,"Dubai",35.6,24.8,"High",0,"No",0,"No",3284,"First",34.7,34.9,38.3
4021,41.1,38,"Dubai",32.1,34.9,"Lower",0,"No",0,"No",3153,"Third",31.5,35.1,31.5
4022,25.8,36,"Dubai",32.5,23.4,"Lower",0,"No",0,"No",2772,"Third",32.2,36.4,32.6
4023,30.4,12,"Abu Dhabi",36.5,25.9,"High",0,"No",1,"Yes",3699,"First",37.2,35.8,37.6
4024,27.9,33,"Sharjah",27.6,40.8,"Lower",0,"No",0,"No",3305,"Third",27.3,26.6,22.7
4025,28.7,9,"Sharjah",33.1,29.9,"Lower",0,"No",0,"No",2987,"First",30.6,34,34.9
4026,41.6,6,"Abu Dhabi",33.3,26.4,"Lower",0,"No",0,"No",3778,"First",32,31.8,32.4
4027,35.9,19,"Sharjah",33.8,32.1,"Lower",0,"No",0,"No",3179,"Second",34.2,34.8,33.3
4028,22.2,32,"Dubai",29.5,28.9,"Lower",0,"No",0,"No",2810,"Third",28.8,28.7,28.6
4029,44.5,4,"Abu Dhabi",32.9,29.6,"Lower",0,"No",1,"Yes",3076,"First",35.5,30.1,31.9
4030,44,36,"Dubai",29.3,24,"Lower",0,"No",0,"No",3207,"Third",27.6,30.1,30.6
4031,31.9,13,"Sharjah",31.8,21.8,"Lower",0,"No",0,"No",3644,"First",30.8,32,32.6
4032,45,23,"Abu Dhabi",32.4,14.7,"Lower",0,"No",0,"No",3483,"Second",34.1,35.8,31.3
4033,42.9,5,"Sharjah",30.3,32.8,"Lower",0,"No",0,"No",4699,"First",30,31.1,30.2
4034,31.9,34,"Dubai",34.6,45,"Lower",0,"No",0,"No",2970,"Third",35.3,33.6,35.4
4035,39.7,28,"Sharjah",34.5,15.7,"Lower",0,"No",0,"No",2509,"Third",32.1,33.5,36.7
4036,22.6,20,"Dubai",33.5,37.1,"Lower",0,"No",0,"No",2665,"Second",31.3,33.5,33.5
4037,26.3,39,"Dubai",33.4,34.4,"Lower",0,"No",0,"No",3362,"Third",31.7,32,35.5
4038,19.9,29,"Abu Dhabi",34.8,21.4,"Lower",0,"No",0,"No",2324,"Third",35.5,34.1,34.1
4039,37.9,32,"Dubai",28,33.7,"Lower",0,"No",0,"No",4053,"Third",29.1,27.5,30.3
4040,25.2,16,"Sharjah",32.9,30.4,"Lower",0,"No",0,"No",1937,"Second",32.7,33.5,32.9
4041,33.3,22,"Dubai",33.3,30.1,"Lower",0,"No",0,"No",3111,"Second",30.5,33,35.4
4042,20.3,29,"Abu Dhabi",32.2,24.6,"Lower",0,"No",0,"No",2850,"Third",33.1,33.6,32.4
4043,39.6,37,"Abu Dhabi",34.7,23.5,"Lower",0,"No",0,"No",3724,"Third",36.4,34.9,35.1
4044,24.5,11,"Sharjah",36.2,32.3,"High",0,"No",0,"No",3068,"First",35.5,34.5,36.8
4045,38.2,24,"Abu Dhabi",28.3,43.1,"Lower",0,"No",0,"No",3274,"Second",28,27.3,28.7
4046,29.8,4,"Abu Dhabi",25.9,36.1,"Lower",0,"No",0,"No",2608,"First",25.3,26.5,26.7
4047,27.5,8,"Abu Dhabi",34.3,34.1,"Lower",0,"No",0,"No",3162,"First",37.1,33,34
4048,37.2,31,"Dubai",30.8,31.9,"Lower",0,"No",0,"No",3430,"Third",31.3,31.1,30.1
4049,19.8,36,"Abu Dhabi",29.8,32.6,"Lower",0,"No",0,"No",3273,"Third",29.8,26.6,28
4050,32.5,20,"Sharjah",36.8,26.7,"High",0,"No",0,"No",2916,"Second",37.7,37.3,37.1
4051,36,7,"Dubai",35,34.5,"High",0,"No",1,"Yes",1967,"First",37.5,33.9,32.5
4052,39.6,40,"Dubai",31.7,39.6,"Lower",0,"No",0,"No",2859,"Third",30.9,33.3,34.1
4053,34.2,15,"Dubai",33,9.5,"Lower",0,"No",0,"No",3401,"Second",35,33,35.7
4054,21.6,23,"Abu Dhabi",34.1,36.1,"Lower",0,"No",0,"No",3258,"Second",36.6,33.7,35
4055,25.8,18,"Dubai",29.6,41.3,"Lower",0,"No",0,"No",3007,"Second",29.6,27,28.2
4056,34.9,35,"Dubai",39.7,43.4,"High",0,"No",0,"No",2218,"Third",37.7,42.1,39.3
4057,37.5,23,"Abu Dhabi",29.8,38.2,"Lower",0,"No",0,"No",3429,"Second",32,27.8,28.1
4058,29.2,34,"Dubai",27.7,27.2,"Lower",0,"No",0,"No",3313,"Third",26.1,27.3,27
4059,29,19,"Sharjah",31.2,23.1,"Lower",0,"No",0,"No",3145,"Second",33.1,31.4,31.7
4060,29.4,23,"Sharjah",31.5,37,"Lower",0,"No",0,"No",2861,"Second",32,31.9,32.3
4061,43.5,14,"Dubai",32.8,35.9,"Lower",0,"No",0,"No",3735,"Second",36,32.7,32.3
4062,41.2,35,"Sharjah",30.6,39.2,"Lower",1,"Yes",0,"No",3482,"Third",34.4,29.5,28.8
4063,33.1,29,"Dubai",32.7,42,"Lower",0,"No",0,"No",3152,"Third",32.3,30.5,29.5
4064,21.5,4,"Sharjah",33,5.8,"Lower",0,"No",0,"No",3325,"First",32.7,32.4,33
4065,27.3,35,"Abu Dhabi",38.8,39.5,"High",0,"No",0,"No",2612,"Third",37.6,38.5,40.2
4066,30.7,12,"Dubai",31.9,30.3,"Lower",0,"No",0,"No",3809,"First",31.6,31.3,31.5
4067,42.3,35,"Abu Dhabi",34.5,42.1,"Lower",0,"No",0,"No",2650,"Third",36.8,32.8,33.5
4068,30,38,"Dubai",26.5,33.1,"Lower",0,"No",0,"No",3617,"Third",26.7,26.8,27.8
4069,18.3,23,"Dubai",34.1,27.4,"Lower",0,"No",0,"No",2310,"Second",34.4,34.3,34.9
4070,35.8,35,"Sharjah",27,26.8,"Lower",0,"No",0,"No",3536,"Third",29,27.2,28.9
4071,29.7,5,"Dubai",36.3,35.3,"High",0,"No",1,"Yes",2354,"First",34,36.4,33.7
4072,26.3,27,"Dubai",32.3,15,"Lower",0,"No",0,"No",3319,"Second",32.6,33.1,31.5
4073,39.6,37,"Abu Dhabi",30.6,38.4,"Lower",0,"No",0,"No",2855,"Third",29,26.1,31.9
4074,42.3,23,"Dubai",34.6,24.2,"Lower",1,"Yes",0,"No",3920,"Second",36,36.6,35.9
4075,31.9,28,"Abu Dhabi",30.6,30.7,"Lower",0,"No",1,"Yes",3148,"Third",29.8,29.8,31
4076,29.9,22,"Sharjah",34.7,33.6,"Lower",0,"No",1,"Yes",3260,"Second",34.1,31.5,34.4
4077,31.7,10,"Sharjah",31.8,29.7,"Lower",0,"No",0,"No",2574,"First",29.5,32.3,36
4078,18.3,26,"Dubai",36.4,23.8,"High",0,"No",0,"No",3469,"Second",35.5,37.8,38.7
4079,37.9,24,"Abu Dhabi",31,31.3,"Lower",1,"Yes",0,"No",3586,"Second",31.6,30.7,31.9
4080,30.8,7,"Sharjah",30,35.5,"Lower",0,"No",0,"No",3667,"First",30.2,31.9,30.2
4081,20.7,37,"Dubai",34,41,"Lower",1,"Yes",0,"No",3387,"Third",32.8,34.4,32.5
4082,37,16,"Sharjah",29.1,14.7,"Lower",0,"No",0,"No",3478,"Second",32.7,28.7,30
4083,26.6,27,"Sharjah",31,20.7,"Lower",0,"No",0,"No",3490,"Second",31.4,32.8,29.8
4084,38,33,"Sharjah",32,40.8,"Lower",0,"No",1,"Yes",2736,"Third",30,28.4,30.3
4085,27.1,35,"Dubai",34.1,35.2,"Lower",0,"No",0,"No",3037,"Third",34.9,32.8,31.6
4086,24.2,19,"Sharjah",35.6,23.2,"High",0,"No",0,"No",2889,"Second",33.7,36.2,33.7
4087,27.7,28,"Dubai",32,39.2,"Lower",0,"No",0,"No",2937,"Third",33.2,31.5,31.4
4088,36,8,"Dubai",30.3,32.4,"Lower",0,"No",0,"No",2574,"First",31.4,30.4,29.9
4089,40.2,5,"Dubai",33,41.2,"Lower",0,"No",0,"No",3595,"First",35.6,32.4,30.7
4090,42.2,10,"Dubai",30.6,36,"Lower",0,"No",0,"No",3650,"First",31.5,31.4,34.1
4091,26.1,21,"Abu Dhabi",27.3,30.6,"Lower",0,"No",0,"No",3542,"Second",25.8,25.9,29.2
4092,40.3,40,"Dubai",31.6,40.4,"Lower",0,"No",0,"No",3700,"Third",30.4,32.3,31.9
4093,29.6,22,"Abu Dhabi",34,40.7,"Lower",0,"No",0,"No",2528,"Second",33.9,33.2,32.8
4094,37.6,29,"Dubai",30.8,30.9,"Lower",0,"No",0,"No",2925,"Third",33,32.8,29.6
4095,23.8,40,"Abu Dhabi",32.5,22.5,"Lower",1,"Yes",0,"No",2817,"Third",34.9,36.2,33
4096,30.9,40,"Dubai",29.6,33,"Lower",0,"No",0,"No",3340,"Third",27.1,30.4,31.9
4097,19.4,31,"Abu Dhabi",35.6,34.1,"High",0,"No",0,"No",2772,"Third",35.7,36.2,35.7
4098,44.9,35,"Abu Dhabi",29.6,35.3,"Lower",0,"No",0,"No",4290,"Third",28,29.7,30.1
4099,44.1,24,"Dubai",31.4,46.3,"Lower",0,"No",0,"No",3044,"Second",30.9,31.3,30.3
4100,36.8,22,"Dubai",35.1,30,"High",0,"No",0,"No",2356,"Second",35.9,33.5,35.8
4101,37.8,12,"Dubai",35,45.8,"High",0,"No",0,"No",3868,"First",32.8,38.1,38.5
4102,19,22,"Abu Dhabi",35.5,42.4,"High",0,"No",0,"No",2010,"Second",33.6,35.9,37.2
4103,28.5,27,"Dubai",34,28.7,"Lower",0,"No",0,"No",3136,"Second",33.1,33.7,34
4104,40.6,33,"Dubai",28.1,58.2,"Lower",0,"No",0,"No",2520,"Third",29.3,24.2,26
4105,36.3,5,"Sharjah",27.7,33.4,"Lower",0,"No",0,"No",4112,"First",27.3,28.5,28.8
4106,24,25,"Abu Dhabi",37.3,28.9,"High",0,"No",0,"No",2574,"Second",37.9,36.5,39.1
4107,32,16,"Sharjah",35.7,32.7,"High",0,"No",0,"No",3060,"Second",39,39,34.1
4108,24,19,"Dubai",31.8,41.7,"Lower",0,"No",0,"No",3273,"Second",31.6,29.1,31.6
4109,27.2,20,"Sharjah",31.5,14,"Lower",0,"No",0,"No",3288,"Second",32.8,29.8,32.5
4110,18.6,23,"Sharjah",32.2,17.3,"Lower",0,"No",0,"No",3731,"Second",31.5,32.5,33.5
4111,22.8,15,"Dubai",30.3,17.7,"Lower",0,"No",0,"No",2714,"Second",32,30.8,32
4112,19.9,33,"Sharjah",32.3,20.1,"Lower",0,"No",0,"No",3984,"Third",29.2,31.2,31.8
4113,26.8,24,"Dubai",31.1,35.4,"Lower",0,"No",0,"No",3325,"Second",31,32,32
4114,21.6,17,"Dubai",31.2,24,"Lower",1,"Yes",0,"No",3642,"Second",33.7,29.2,32.4
4115,19.9,16,"Abu Dhabi",30,37.9,"Lower",0,"No",0,"No",3292,"Second",31.1,31.2,28.4
4116,23.4,33,"Dubai",31.8,26.2,"Lower",0,"No",0,"No",3409,"Third",30.8,32.7,33.8
4117,19.3,19,"Dubai",28.9,27.7,"Lower",0,"No",0,"No",4022,"Second",27.6,27.5,28.1
4118,18.5,28,"Abu Dhabi",36.1,36.7,"High",0,"No",0,"No",4140,"Third",33.6,36.4,33.4
4119,19.3,35,"Sharjah",30.7,31.5,"Lower",0,"No",0,"No",2782,"Third",31.7,30.1,30.3
4120,19.9,35,"Dubai",32,36.1,"Lower",0,"No",0,"No",2991,"Third",30.9,33.2,32.2
4121,23.4,35,"Dubai",34.9,35.3,"Lower",0,"No",0,"No",3874,"Third",34.1,33.4,34.8
4122,21.8,40,"Sharjah",31,12.5,"Lower",0,"No",1,"Yes",2947,"Third",33.3,30.6,29.6
4123,30.2,4,"Dubai",29.6,38.1,"Lower",0,"No",1,"Yes",3292,"First",28.9,32.5,29.4
4124,26.9,6,"Dubai",31,17.9,"Lower",0,"No",0,"No",3909,"First",31.1,32.6,29.4
4125,22,20,"Abu Dhabi",34.9,26.8,"Lower",1,"Yes",0,"No",3277,"Second",33.8,32.8,36.8
4126,26.3,19,"Dubai",31.8,49.9,"Lower",1,"Yes",0,"No",3296,"Second",30.1,30.6,33.3
4127,40.5,21,"Dubai",33,27.7,"Lower",0,"No",0,"No",2285,"Second",31.8,32.3,33.3
4128,28.4,5,"Abu Dhabi",34,27.4,"Lower",0,"No",0,"No",3251,"First",32.5,33.6,34
4129,25.5,11,"Abu Dhabi",30,43,"Lower",0,"No",0,"No",2940,"First",30.8,28.8,29.4
4130,19,20,"Dubai",30.2,30.6,"Lower",0,"No",0,"No",3617,"Second",29.1,28.7,29.4
4131,24,15,"Dubai",33.9,19.9,"Lower",0,"No",0,"No",3800,"Second",34.6,36.2,35
4132,18.6,16,"Abu Dhabi",35.5,36.5,"High",0,"No",0,"No",3530,"Second",35,37.2,34.1
4133,32.8,34,"Dubai",32.7,21.1,"Lower",0,"No",0,"No",3330,"Third",31,36.9,31.1
4134,25.6,39,"Sharjah",29.4,28.6,"Lower",0,"No",0,"No",3575,"Third",29.1,31.3,30.9
4135,30.7,31,"Sharjah",30.5,29.6,"Lower",0,"No",0,"No",3547,"Third",30,31.5,27.9
4136,27,26,"Dubai",31.5,24.9,"Lower",0,"No",0,"No",3757,"Second",33,31.1,31.3
4137,21.7,40,"Sharjah",30,43.5,"Lower",0,"No",0,"No",3618,"Third",29.7,28.2,30.9
4138,24.4,12,"Dubai",31.3,35.3,"Lower",0,"No",0,"No",4066,"First",32.9,29.4,30.5
4139,41.5,39,"Dubai",28,44.5,"Lower",0,"No",0,"No",3225,"Third",29.1,29.7,26.7
4140,28.5,6,"Dubai",28.2,30,"Lower",0,"No",0,"No",2951,"First",30.7,28.9,29.2
4141,32,18,"Abu Dhabi",33.3,33.3,"Lower",0,"No",0,"No",3119,"Second",33.9,32.8,36.3
4142,36.5,30,"Dubai",26.3,36,"Lower",0,"No",0,"No",3109,"Third",25.2,27.7,25.6
4143,41.2,37,"Sharjah",28.5,41.5,"Lower",1,"Yes",0,"No",2990,"Third",29,27.8,28.3
4144,27.1,13,"Dubai",30.1,20.2,"Lower",0,"No",0,"No",3527,"First",28.4,31.8,28.9
4145,37.3,38,"Dubai",34.2,20.5,"Lower",0,"No",0,"No",2499,"Third",34.8,31.4,33.7
4146,36.7,5,"Abu Dhabi",30.7,25.9,"Lower",0,"No",0,"No",2591,"First",31.8,30.4,30.4
4147,39.5,14,"Dubai",33,24.5,"Lower",0,"No",1,"Yes",3861,"Second",32.8,31.4,34.3
4148,35.4,14,"Dubai",29.7,22.5,"Lower",0,"No",0,"No",3963,"Second",30.6,30.9,28.8
4149,21.7,28,"Dubai",33.3,48.8,"Lower",0,"No",0,"No",2767,"Third",33.9,32.3,32.9
4150,42.9,33,"Dubai",30.5,33.8,"Lower",0,"No",0,"No",3091,"Third",30,30.9,29.5
4151,24.4,34,"Dubai",32.5,19.1,"Lower",0,"No",0,"No",3547,"Third",31.8,34.2,32.9
4152,44.6,22,"Abu Dhabi",33.6,16.5,"Lower",0,"No",0,"No",3785,"Second",33.7,33.1,34.9
4153,28.4,11,"Abu Dhabi",33.1,27.4,"Lower",0,"No",0,"No",2345,"First",34.8,33.4,34.4
4154,20.5,28,"Dubai",33.6,31.7,"Lower",0,"No",1,"Yes",3451,"Third",30.8,32.8,35
4155,19.8,15,"Abu Dhabi",35.8,38.8,"High",0,"No",0,"No",2453,"Second",35.2,36.4,34.6
4156,43,33,"Dubai",32.4,27.1,"Lower",0,"No",0,"No",3682,"Third",33,34.6,31.3
4157,36.4,13,"Dubai",30.6,33.7,"Lower",0,"No",0,"No",2645,"First",34.6,29,29.8
4158,30.8,37,"Dubai",31.4,31,"Lower",0,"No",0,"No",3065,"Third",34.2,33.5,31.9
4159,35,34,"Sharjah",34.2,33.7,"Lower",0,"No",0,"No",3379,"Third",35.3,33.7,31.3
4160,41.6,22,"Sharjah",29.4,36.3,"Lower",0,"No",0,"No",3149,"Second",29.2,28.9,30.3
4161,31.7,13,"Sharjah",34.4,35.5,"Lower",0,"No",0,"No",2277,"First",36.5,33.2,32.8
4162,39.3,14,"Dubai",29.8,28.4,"Lower",0,"No",0,"No",3003,"Second",28.2,28.1,29.2
4163,19.6,9,"Dubai",38.6,22.6,"High",0,"No",0,"No",3236,"First",39.4,39.6,39
4164,37.5,30,"Sharjah",30.7,35.1,"Lower",0,"No",0,"No",2941,"Third",28,29.9,31.3
4165,26.4,28,"Abu Dhabi",39.1,34.5,"High",0,"No",0,"No",3233,"Third",39.4,40.2,39.4
4166,43.8,36,"Dubai",30.6,28.5,"Lower",0,"No",0,"No",3425,"Third",32.5,32.1,29.4
4167,37.4,27,"Abu Dhabi",29.2,40.3,"Lower",0,"No",0,"No",2285,"Second",31.5,29.8,28.3
4168,40.8,4,"Dubai",28.9,43.1,"Lower",0,"No",0,"No",3390,"First",28.8,31.1,27.2
4169,25.3,24,"Dubai",31.4,28.8,"Lower",0,"No",0,"No",3486,"Second",31.1,29.5,28.4
4170,38.6,13,"Dubai",31.4,32.3,"Lower",0,"No",0,"No",2971,"First",31.8,29.8,31.7
4171,30.6,23,"Dubai",31.9,32.2,"Lower",1,"Yes",0,"No",3396,"Second",33.1,30.6,29.7
4172,40.3,37,"Dubai",32.2,39.1,"Lower",0,"No",0,"No",3473,"Third",30.6,32,33.8
4173,32.9,32,"Abu Dhabi",28.5,9.6,"Lower",0,"No",0,"No",3721,"Third",30.1,29,27.2
4174,34.2,7,"Abu Dhabi",35.6,33.9,"High",0,"No",0,"No",2641,"First",37.2,33.5,34
4175,41.7,39,"Abu Dhabi",31.3,30.2,"Lower",0,"No",0,"No",3703,"Third",33,32.4,31.4
4176,43.5,24,"Sharjah",32.5,29.3,"Lower",0,"No",0,"No",2352,"Second",34.5,33.1,34.3
4177,31.8,31,"Sharjah",26.6,30.2,"Lower",0,"No",0,"No",3623,"Third",27.7,25,25
4178,39.3,14,"Sharjah",30.8,24,"Lower",0,"No",0,"No",3344,"Second",28.8,32.2,31.7
4179,27.5,35,"Dubai",31.1,34.5,"Lower",0,"No",0,"No",3298,"Third",32.4,30.6,31.9
4180,24.8,24,"Dubai",28.5,30.1,"Lower",0,"No",0,"No",3193,"Second",27.3,26.6,25.6
4181,35.5,30,"Dubai",32,27,"Lower",0,"No",0,"No",3243,"Third",32.9,35.2,30.7
4182,26.4,7,"Sharjah",30.1,37.8,"Lower",0,"No",0,"No",2595,"First",29.2,32.9,29.3
4183,22.7,26,"Dubai",36,18.3,"High",1,"Yes",0,"No",3637,"Second",36.4,35.4,33.3
4184,27.3,5,"Dubai",30.3,24.6,"Lower",0,"No",0,"No",3752,"First",30.4,32,29.4
4185,18.1,16,"Dubai",31.9,23.7,"Lower",0,"No",0,"No",3821,"Second",34.9,34,32
4186,30.6,19,"Dubai",35.8,33.6,"High",0,"No",1,"Yes",3466,"Second",35.6,36.9,35.2
4187,30.8,28,"Sharjah",29.6,25.9,"Lower",0,"No",0,"No",2265,"Third",29.9,29,28.1
4188,21.4,4,"Sharjah",32.7,16.9,"Lower",0,"No",0,"No",3066,"First",31.7,32.8,34.1
4189,23.6,5,"Dubai",31,25,"Lower",0,"No",0,"No",3690,"First",29.8,29.4,32.4
4190,30.5,24,"Dubai",31.9,33.9,"Lower",0,"No",0,"No",3035,"Second",29.4,34.2,30.9
4191,23.8,14,"Abu Dhabi",27.8,22.8,"Lower",0,"No",0,"No",3440,"Second",25.2,27.5,29
4192,26.4,14,"Dubai",33.7,23,"Lower",0,"No",0,"No",3775,"Second",35.3,32.5,32.1
4193,42.8,16,"Abu Dhabi",30.8,26.3,"Lower",0,"No",0,"No",3499,"Second",30.8,30.5,30.3
4194,20.7,40,"Abu Dhabi",28.7,29.7,"Lower",0,"No",0,"No",3468,"Third",30,26.8,28.9
4195,37.3,38,"Abu Dhabi",26.9,41.6,"Lower",0,"No",1,"Yes",3576,"Third",27.3,25.5,26.5
4196,42.7,22,"Abu Dhabi",30.8,17.9,"Lower",0,"No",0,"No",3252,"Second",32.9,30.7,30.6
4197,39.9,10,"Abu Dhabi",30.3,46.4,"Lower",0,"No",0,"No",2661,"First",33.4,28.1,31.2
4198,43.8,29,"Abu Dhabi",33.7,34.9,"Lower",1,"Yes",0,"No",2997,"Third",32,33.3,33
4199,43.5,19,"Abu Dhabi",26.6,23.6,"Lower",0,"No",0,"No",3453,"Second",29.6,28.4,25.9
4200,25.2,13,"Dubai",37,14.9,"High",0,"No",0,"No",3008,"First",39.1,37.4,37
4201,22.2,13,"Dubai",31,29.5,"Lower",0,"No",0,"No",3911,"First",33.4,30.4,29.5
4202,39.6,18,"Sharjah",37.5,21.1,"High",0,"No",0,"No",3422,"Second",34.3,37.6,36.7
4203,31.1,4,"Dubai",28.6,12.7,"Lower",0,"No",0,"No",3650,"First",31.3,28.3,27.2
4204,34.7,18,"Dubai",28.8,36.2,"Lower",0,"No",0,"No",2581,"Second",28.6,30.9,28
4205,41,34,"Sharjah",35.7,29.4,"High",0,"No",0,"No",2883,"Third",35,36.6,35.2
4206,26.9,36,"Sharjah",30.8,17.6,"Lower",0,"No",0,"No",3393,"Third",30.3,32.2,29.4
4207,35,21,"Abu Dhabi",27.2,20.2,"Lower",0,"No",0,"No",3549,"Second",26,29.1,28.3
4208,26.9,12,"Dubai",27.9,22.9,"Lower",0,"No",1,"Yes",3743,"First",26.5,24.9,28.4
4209,26.3,9,"Dubai",35.7,23.7,"High",0,"No",0,"No",3297,"First",34.4,36.7,36.2
4210,44.7,24,"Abu Dhabi",32.6,29.1,"Lower",0,"No",0,"No",3771,"Second",35,32.6,30.9
4211,30.8,6,"Dubai",33.4,36.5,"Lower",0,"No",0,"No",2351,"First",31,34.9,34.5
4212,28.8,39,"Abu Dhabi",28.5,25.4,"Lower",0,"No",0,"No",3532,"Third",27.2,29.1,29.1
4213,21,28,"Dubai",29.7,28.7,"Lower",0,"No",0,"No",3718,"Third",28.7,31.5,31.6
4214,40.7,23,"Dubai",38.1,26.7,"High",0,"No",0,"No",2365,"Second",39.1,36.9,37.7
4215,40.2,32,"Dubai",35,26.1,"High",0,"No",0,"No",3458,"Third",34,35,34.7
4216,39.5,40,"Abu Dhabi",37.9,35.4,"High",0,"No",1,"Yes",2060,"Third",37.2,39,38.1
4217,39.5,30,"Abu Dhabi",32.9,30.9,"Lower",0,"No",0,"No",3076,"Third",32.3,34.2,33.9
4218,39,20,"Sharjah",27.1,36.3,"Lower",0,"No",0,"No",3814,"Second",25.6,26,26.2
4219,24.5,7,"Dubai",32.6,23.9,"Lower",0,"No",0,"No",3755,"First",31.9,33.8,32.4
4220,32.2,33,"Sharjah",26.9,35.4,"Lower",1,"Yes",0,"No",2679,"Third",27.8,26.2,25.8
4221,43.1,29,"Dubai",28.3,33.5,"Lower",0,"No",0,"No",3778,"Third",29.9,29.3,27.8
4222,32.4,18,"Abu Dhabi",33.9,40.7,"Lower",0,"No",0,"No",3530,"Second",33.8,34.5,34.3
4223,42.4,26,"Abu Dhabi",41.3,32.6,"High",0,"No",0,"No",1719,"Second",40.8,38.3,39.4
4224,37.8,31,"Abu Dhabi",28.8,29.6,"Lower",0,"No",0,"No",3887,"Third",28,31.5,30.4
4225,19.9,29,"Abu Dhabi",34.7,30.8,"Lower",0,"No",0,"No",3115,"Third",34.6,33.5,37.5
4226,18.2,27,"Dubai",32.1,26.3,"Lower",0,"No",0,"No",3255,"Second",32.9,33.4,31.1
4227,43.9,16,"Sharjah",33.7,15,"Lower",0,"No",0,"No",3976,"Second",37.9,35.5,32.1
4228,21,35,"Sharjah",29.6,30.6,"Lower",0,"No",0,"No",2674,"Third",29.3,31.6,31.9
4229,28.7,13,"Abu Dhabi",22.3,20.7,"Lower",0,"No",0,"No",3458,"First",21.8,20.5,23.2
4230,32.5,13,"Abu Dhabi",31.4,28.5,"Lower",0,"No",0,"No",3295,"First",32.8,32.1,30.8
4231,42.7,4,"Abu Dhabi",32.3,41.4,"Lower",0,"No",0,"No",2913,"First",33.4,32.9,34.2
4232,35.1,12,"Abu Dhabi",30.5,17.1,"Lower",0,"No",0,"No",3235,"First",29.7,30.8,30.8
4233,19.1,6,"Sharjah",27.6,25.5,"Lower",0,"No",0,"No",2429,"First",28.8,29.5,28.4
4234,23.5,29,"Dubai",26.5,25.1,"Lower",0,"No",0,"No",4439,"Third",28.4,25.7,24.8
4235,31.6,28,"Dubai",33.7,33.3,"Lower",0,"No",0,"No",4333,"Third",32.3,33.7,33.3
4236,41.1,13,"Sharjah",31.8,27.1,"Lower",0,"No",0,"No",2977,"First",33.3,31.7,32.5
4237,32.9,4,"Dubai",35.8,15.5,"High",0,"No",0,"No",2382,"First",37,35.2,36.1
4238,19.6,28,"Dubai",33.6,36.7,"Lower",0,"No",0,"No",4140,"Third",33.6,33.6,34.9
4239,27.7,4,"Sharjah",24.7,29.3,"Lower",0,"No",0,"No",2946,"First",23.1,25.4,23.2
4240,36.9,17,"Abu Dhabi",29.5,16.9,"Lower",0,"No",0,"No",2667,"Second",29.3,29.5,29
4241,36.4,5,"Dubai",39.6,34.4,"High",0,"No",1,"Yes",3972,"First",39.6,39.4,40.8
4242,28.4,40,"Sharjah",29.9,26.4,"Lower",0,"No",1,"Yes",2869,"Third",31,31.5,28.5
4243,22.9,4,"Dubai",30.6,27.4,"Lower",0,"No",0,"No",3515,"First",31.5,29.3,29.5
4244,27.3,37,"Dubai",30.5,31.5,"Lower",0,"No",0,"No",2891,"Third",28.6,28.8,30.7
4245,28.2,34,"Sharjah",23.2,39.3,"Lower",0,"No",0,"No",2825,"Third",24.1,23,21.4
4246,33,21,"Abu Dhabi",33.8,53.5,"Lower",1,"Yes",0,"No",2799,"Second",33,35.4,34.5
4247,22,10,"Abu Dhabi",31.1,30.8,"Lower",0,"No",0,"No",3554,"First",30,33.9,33.7
4248,19.2,35,"Dubai",33.7,36.4,"Lower",0,"No",0,"No",3185,"Third",32.4,34.7,35
4249,33.1,37,"Dubai",29.7,24.9,"Lower",0,"No",0,"No",2178,"Third",27.1,31.5,30.1
4250,43.8,23,"Abu Dhabi",27.1,9.7,"Lower",0,"No",0,"No",2599,"Second",26.6,28.3,26.9
4251,29.4,15,"Abu Dhabi",31.5,22,"Lower",0,"No",0,"No",2870,"Second",30.5,30.6,30.9
4252,30.1,16,"Dubai",29.6,33.2,"Lower",0,"No",0,"No",3089,"Second",29.3,28.8,31.9
4253,30.8,8,"Dubai",29.6,33.4,"Lower",0,"No",0,"No",3344,"First",28.5,30.2,30
4254,18.2,23,"Sharjah",36.3,39,"High",0,"No",0,"No",3613,"Second",35,34.8,37.7
4255,38.5,29,"Dubai",31.6,26,"Lower",0,"No",0,"No",3711,"Third",33.4,34.6,29.4
4256,19.4,24,"Sharjah",38.2,25.1,"High",0,"No",0,"No",3435,"Second",38.8,36.1,38
4257,26.4,12,"Dubai",32.3,25.1,"Lower",0,"No",0,"No",3613,"First",31.9,31.1,32.4
4258,38.5,12,"Sharjah",28.3,32,"Lower",0,"No",0,"No",3252,"First",26.5,25.5,28.7
4259,28.2,10,"Abu Dhabi",32.1,24.8,"Lower",0,"No",0,"No",3436,"First",30.6,32.7,28.3
4260,33.9,19,"Dubai",27.9,39.4,"Lower",0,"No",0,"No",3001,"Second",29.7,30.3,27.6
4261,31.1,13,"Dubai",32.3,40.4,"Lower",0,"No",0,"No",2646,"First",31.7,31,31.9
4262,34.9,12,"Dubai",32.2,23.2,"Lower",0,"No",0,"No",2946,"First",33.8,33.5,32.1
4263,29,24,"Abu Dhabi",32,25.7,"Lower",0,"No",1,"Yes",3605,"Second",35.9,32.2,30.3
4264,28.5,8,"Abu Dhabi",33.6,30.7,"Lower",0,"No",0,"No",3008,"First",32.5,32.6,37
4265,39.8,4,"Dubai",26.6,31,"Lower",0,"No",0,"No",3000,"First",26.7,26.2,24.5
4266,28.2,11,"Abu Dhabi",25.9,31.9,"Lower",0,"No",0,"No",3431,"First",25,25.8,26.7
4267,40.5,8,"Dubai",24.5,24.3,"Lower",0,"No",0,"No",2873,"First",23.7,25.8,23.6
4268,19.9,30,"Sharjah",34.7,30.2,"Lower",0,"No",0,"No",3682,"Third",35.4,35.4,37.6
4269,44.3,37,"Dubai",27.2,28.5,"Lower",0,"No",0,"No",4880,"Third",27.9,24.6,28
4270,19.4,37,"Sharjah",26.2,36.9,"Lower",0,"No",0,"No",2941,"Third",25.9,27.8,28.4
4271,28.1,11,"Dubai",32.7,30.5,"Lower",0,"No",1,"Yes",3033,"First",32.3,33.2,33
4272,35.9,10,"Dubai",33.8,30.1,"Lower",0,"No",0,"No",2821,"First",34,32.9,33.3
4273,43.8,40,"Dubai",31.3,32.9,"Lower",0,"No",0,"No",3872,"Third",30.8,31.4,33.5
4274,29,31,"Sharjah",31.4,14.1,"Lower",0,"No",0,"No",3395,"Third",30.4,34.3,31.2
4275,33.4,12,"Dubai",35.4,26.5,"High",0,"No",0,"No",2095,"First",34.1,35.3,36.4
4276,33,40,"Sharjah",35.5,18,"High",0,"No",0,"No",3528,"Third",35.1,37.4,38.1
4277,18.6,14,"Dubai",34.4,41.1,"Lower",1,"Yes",0,"No",2850,"Second",34.3,31.3,37.2
4278,38.7,29,"Abu Dhabi",31.3,23.3,"Lower",0,"No",0,"No",2984,"Third",31.7,31.5,28.9
4279,20,37,"Dubai",35.9,40.3,"High",0,"No",0,"No",2850,"Third",36.4,33.7,37.6
4280,28.7,25,"Dubai",34.7,27.7,"Lower",0,"No",0,"No",2514,"Second",35.3,34.4,36.8
4281,21.1,14,"Dubai",34.2,31,"Lower",0,"No",0,"No",3113,"Second",35.4,32.5,32.7
4282,23.9,35,"Abu Dhabi",31.7,24,"Lower",0,"No",0,"No",3337,"Third",32.9,29.6,33.8
4283,21.3,13,"Abu Dhabi",32.7,26,"Lower",1,"Yes",0,"No",3344,"First",34.3,32.7,35.2
4284,30.2,14,"Sharjah",33.2,22.4,"Lower",0,"No",0,"No",3602,"Second",32.5,33,34.3
4285,33.8,5,"Dubai",28.4,24.2,"Lower",0,"No",0,"No",3614,"First",29.3,30.2,28.6
4286,44.7,19,"Sharjah",32.4,24,"Lower",0,"No",0,"No",3379,"Second",34.8,33.9,35.4
4287,43.6,33,"Sharjah",30.3,32.6,"Lower",0,"No",0,"No",3157,"Third",31.3,30.7,31.5
4288,27.5,6,"Dubai",26.8,32,"Lower",0,"No",0,"No",2371,"First",23.8,27.4,27.3
4289,34.3,15,"Abu Dhabi",34.4,30.8,"Lower",0,"No",0,"No",2386,"Second",34.1,36,35.9
4290,24.4,37,"Abu Dhabi",32.8,37.8,"Lower",1,"Yes",0,"No",3437,"Third",30.6,33.5,30.9
4291,27.7,38,"Dubai",28.1,35.3,"Lower",0,"No",0,"No",3645,"Third",29.8,27.8,29.1
4292,40.1,14,"Sharjah",28.3,28.5,"Lower",1,"Yes",0,"No",3496,"Second",27.2,29.6,29.2
4293,24.1,12,"Sharjah",31.6,33,"Lower",0,"No",0,"No",3012,"First",31.2,33.8,29.4
4294,18.3,35,"Sharjah",29,30.5,"Lower",0,"No",0,"No",3575,"Third",28.7,29.5,30.9
4295,43,12,"Sharjah",29.7,38.5,"Lower",0,"No",0,"No",3326,"First",28.9,28.6,29
4296,28.6,33,"Sharjah",34.9,25,"Lower",0,"No",1,"Yes",2604,"Third",35.1,33.9,34.6
4297,25.7,15,"Dubai",37.1,43.9,"High",0,"No",0,"No",3159,"Second",35.8,36.8,36.5
4298,24.6,5,"Sharjah",27.6,17.6,"Lower",0,"No",0,"No",3311,"First",25.7,27,29.8
4299,39.3,19,"Dubai",27.2,7.7,"Lower",0,"No",0,"No",4305,"Second",25.9,26.2,28.7
4300,29.2,39,"Abu Dhabi",30,25.6,"Lower",0,"No",0,"No",3534,"Third",30.8,30.4,31.7
4301,21,17,"Dubai",30.7,27.8,"Lower",0,"No",0,"No",3190,"Second",28.7,30.5,28.6
4302,35.9,11,"Sharjah",33.3,35.4,"Lower",0,"No",0,"No",3898,"First",31.4,33.4,33.6
4303,25.8,37,"Dubai",31.5,35.3,"Lower",0,"No",1,"Yes",3898,"Third",33.9,30.1,31.2
4304,34.5,23,"Sharjah",37.6,18.7,"High",0,"No",0,"No",2805,"Second",36.5,36.4,37.4
4305,20,29,"Abu Dhabi",31.4,25.7,"Lower",0,"No",0,"No",2644,"Third",31.2,29,32.5
4306,24.6,34,"Dubai",31.9,34.2,"Lower",0,"No",0,"No",2503,"Third",31.1,33.6,31.4
4307,25.5,30,"Dubai",34.7,19.4,"Lower",0,"No",0,"No",3474,"Third",36.3,33.3,34.1
4308,23.9,39,"Dubai",34.2,35.8,"Lower",0,"No",0,"No",3555,"Third",31.4,34,32.5
4309,41.6,33,"Sharjah",31.5,17.3,"Lower",0,"No",0,"No",3844,"Third",32.7,31.4,33
4310,22.5,15,"Abu Dhabi",33.4,25,"Lower",0,"No",0,"No",3307,"Second",31.2,32.6,32.2
4311,27.7,15,"Dubai",36,46.3,"High",1,"Yes",0,"No",3733,"Second",34.5,36.3,38.4
4312,43.8,13,"Abu Dhabi",38.6,25.5,"High",0,"No",0,"No",3080,"First",36.8,38.2,39.7
4313,38,28,"Abu Dhabi",29.6,37.9,"Lower",0,"No",0,"No",3418,"Third",30.5,31.1,28.8
4314,21.4,10,"Sharjah",31.3,25.3,"Lower",0,"No",0,"No",2991,"First",32.6,29.2,31
4315,19.1,29,"Dubai",34.5,21.9,"Lower",0,"No",1,"Yes",4129,"Third",31.8,33.4,34.3
4316,37.6,6,"Abu Dhabi",36.3,44,"High",0,"No",0,"No",2547,"First",37.9,32.6,34.4
4317,28,18,"Dubai",32.7,34.3,"Lower",0,"No",0,"No",3053,"Second",33.3,34.4,31.9
4318,43.9,25,"Abu Dhabi",30.9,22,"Lower",0,"No",0,"No",2994,"Second",29,29.8,34.3
4319,30.9,35,"Dubai",38,20.4,"High",0,"No",0,"No",2899,"Third",38.5,37.8,39
4320,37.2,16,"Sharjah",33.1,39,"Lower",0,"No",0,"No",3307,"Second",32.1,32.2,32.8
4321,24.7,40,"Dubai",36,18.5,"High",0,"No",0,"No",2820,"Third",34.7,34,34.8
4322,28.9,10,"Dubai",32.3,26.2,"Lower",0,"No",0,"No",2855,"First",31.6,32.8,32.2
4323,37.2,5,"Dubai",29.9,28.3,"Lower",0,"No",0,"No",3379,"First",30,30.4,29.2
4324,38.5,20,"Abu Dhabi",36.9,37.7,"High",0,"No",0,"No",3381,"Second",35.7,37.3,39.2
4325,21.7,39,"Dubai",28.5,19.5,"Lower",0,"No",0,"No",3214,"Third",26.7,27.8,26.4
4326,24.9,22,"Dubai",34.9,31,"Lower",0,"No",0,"No",3062,"Second",36.2,35.7,35
4327,35,4,"Dubai",25.8,22.9,"Lower",0,"No",0,"No",3514,"First",27.7,30.1,25.6
4328,41.1,39,"Abu Dhabi",29.5,32.7,"Lower",0,"No",0,"No",3257,"Third",27.9,28.3,29.2
4329,34.2,14,"Sharjah",26.9,32.4,"Lower",0,"No",0,"No",2492,"Second",26.2,26.1,28.3
4330,43.9,10,"Abu Dhabi",33.7,20.2,"Lower",0,"No",0,"No",4152,"First",35.2,33.1,34.9
4331,38.3,38,"Dubai",32.1,23.7,"Lower",0,"No",0,"No",3799,"Third",32.1,30.7,31.3
4332,39.8,37,"Sharjah",32.3,34.7,"Lower",0,"No",0,"No",3035,"Third",30.1,33.1,31.2
4333,41.2,18,"Abu Dhabi",31.8,23.1,"Lower",0,"No",0,"No",3141,"Second",33.9,33.9,31.9
4334,33.3,18,"Dubai",31.8,30.4,"Lower",0,"No",0,"No",3403,"Second",30.1,32.4,33.1
4335,40.4,11,"Abu Dhabi",34.9,24.8,"Lower",0,"No",0,"No",2059,"First",35.7,37,36.2
4336,37,29,"Dubai",36.5,41,"High",0,"No",0,"No",2870,"Third",38,38.1,35.7
4337,42,32,"Dubai",29.6,29.6,"Lower",0,"No",0,"No",3476,"Third",29.6,28.2,30
4338,33.4,39,"Abu Dhabi",33,30.1,"Lower",0,"No",0,"No",3444,"Third",33.4,32.4,33.5
4339,34.6,19,"Sharjah",29.2,35.6,"Lower",0,"No",0,"No",3441,"Second",31.5,29.8,31.4
4340,19.5,35,"Dubai",35,20,"High",0,"No",0,"No",3569,"Third",34.3,34.2,34.7
4341,21.6,21,"Dubai",25.7,26.5,"Lower",0,"No",0,"No",3253,"Second",27.3,26,27
4342,44.4,17,"Abu Dhabi",31.7,29.3,"Lower",0,"No",0,"No",2966,"Second",31.8,32.3,31.2
4343,40.7,25,"Sharjah",25.6,15.5,"Lower",0,"No",0,"No",3405,"Second",27.9,28.4,26.4
4344,41.1,31,"Abu Dhabi",34.3,30.4,"Lower",0,"No",0,"No",3442,"Third",36.4,36.8,35.7
4345,43.8,26,"Sharjah",34.6,29,"Lower",0,"No",0,"No",3761,"Second",35.1,33,34.3
4346,27.2,13,"Dubai",34.8,17.7,"Lower",0,"No",0,"No",3373,"First",34.7,35,35.3
4347,35.8,14,"Sharjah",33.7,31.9,"Lower",0,"No",0,"No",1960,"Second",32.7,35.7,35.3
4348,26.3,16,"Sharjah",31.6,35.5,"Lower",0,"No",0,"No",3364,"Second",32.6,28.5,32.4
4349,24.7,39,"Dubai",33.6,27.7,"Lower",0,"No",0,"No",3522,"Third",29.9,32,33.5
4350,40.9,9,"Dubai",34.1,32.3,"Lower",0,"No",0,"No",3144,"First",34.7,36.2,34.7
4351,34.3,38,"Sharjah",36.6,35,"High",0,"No",0,"No",3794,"Third",35.9,36.7,35.2
4352,29.9,16,"Dubai",29.3,35.6,"Lower",0,"No",0,"No",2560,"Second",29.4,30.5,28.1
4353,26.3,21,"Abu Dhabi",32.4,28.7,"Lower",0,"No",1,"Yes",2748,"Second",33.1,32.2,33.5
4354,28.1,9,"Dubai",28.3,24.1,"Lower",0,"No",0,"No",3433,"First",26.7,25.4,29.5
4355,33.4,36,"Dubai",33.2,14.1,"Lower",0,"No",0,"No",3697,"Third",31.8,33.3,33.8
4356,38.8,19,"Dubai",33.2,37.1,"Lower",0,"No",0,"No",3658,"Second",31.6,32.7,35
4357,34,26,"Sharjah",31.9,35.8,"Lower",0,"No",0,"No",2841,"Second",33.2,31.6,34.4
4358,23.1,19,"Abu Dhabi",31.5,29.4,"Lower",0,"No",0,"No",3620,"Second",29.6,30.9,30.1
4359,18.6,16,"Abu Dhabi",36,15.6,"High",0,"No",0,"No",2751,"Second",35.9,37.8,34.2
4360,33.7,39,"Dubai",32.9,32.9,"Lower",0,"No",0,"No",2697,"Third",32.2,34.4,32.5
4361,43.8,16,"Sharjah",29.3,29,"Lower",0,"No",0,"No",2839,"Second",30.5,27.2,28.3
4362,34.3,12,"Sharjah",35.6,21.9,"High",0,"No",0,"No",3614,"First",37.9,35.3,37.7
4363,37.9,20,"Abu Dhabi",28.5,19.6,"Lower",0,"No",0,"No",2668,"Second",27.9,30.9,26.8
4364,40.2,12,"Sharjah",40.4,29.2,"High",0,"No",0,"No",3546,"First",40.4,41.6,36.9
4365,37.7,16,"Dubai",33.4,36.6,"Lower",0,"No",0,"No",3350,"Second",35,33.9,34.4
4366,44.9,7,"Dubai",35.8,41.1,"High",0,"No",1,"Yes",2743,"First",35,36.6,35.9
4367,26.4,12,"Abu Dhabi",29.1,24.9,"Lower",0,"No",0,"No",2899,"First",28.9,29.7,27.8
4368,36.9,36,"Abu Dhabi",35.9,34.2,"High",0,"No",0,"No",2847,"Third",36.6,33.9,36.5
4369,23.3,10,"Dubai",32.7,31.2,"Lower",0,"No",0,"No",3419,"First",32.4,32.6,29.5
4370,38.5,7,"Abu Dhabi",36.3,20.6,"High",0,"No",0,"No",2596,"First",35,35.4,36.5
4371,41.3,9,"Sharjah",34.4,33.8,"Lower",0,"No",0,"No",2819,"First",35.2,33.9,33.2
4372,34,17,"Abu Dhabi",33.5,32.3,"Lower",1,"Yes",0,"No",2407,"Second",33.4,31.8,33.2
4373,19.9,30,"Sharjah",30.2,43.8,"Lower",0,"No",0,"No",3209,"Third",30.1,29.9,27
4374,39.9,10,"Dubai",27.8,28.5,"Lower",0,"No",0,"No",3377,"First",28.3,27.5,28.5
4375,41.8,14,"Dubai",29.8,21.1,"Lower",0,"No",0,"No",3254,"Second",29.1,32.3,30.2
4376,39.4,37,"Dubai",34,33.9,"Lower",0,"No",0,"No",2656,"Third",33.3,36.7,37.2
4377,18.7,10,"Dubai",32.4,26.4,"Lower",0,"No",0,"No",3396,"First",32.6,33.1,32.9
4378,39.5,23,"Abu Dhabi",37,28.7,"High",1,"Yes",0,"No",3435,"Second",40.2,39.3,39.9
4379,36.4,18,"Sharjah",28.6,35.7,"Lower",0,"No",0,"No",3853,"Second",29.2,25.9,29.4
4380,44,31,"Abu Dhabi",36.1,28.2,"High",0,"No",0,"No",2933,"Third",34.1,35.2,35.4
4381,21.9,25,"Sharjah",26.6,31.3,"Lower",0,"No",0,"No",3032,"Second",23.6,26,24.1
4382,41.9,27,"Sharjah",32.7,20,"Lower",0,"No",0,"No",2975,"Second",34.2,34.5,31.8
4383,22.9,17,"Dubai",36,26.3,"High",0,"No",0,"No",2850,"Second",34.1,34.9,36.4
4384,18.9,31,"Abu Dhabi",27.7,30,"Lower",0,"No",1,"Yes",3894,"Third",28,28.5,26.9
4385,23.2,37,"Sharjah",27.6,43.5,"Lower",0,"No",0,"No",2963,"Third",28.2,27.2,28.3
4386,18.2,26,"Abu Dhabi",33.9,40.5,"Lower",0,"No",0,"No",3175,"Second",34,34.1,33.7
4387,33.8,7,"Dubai",30.8,28.3,"Lower",1,"Yes",0,"No",3341,"First",30.5,29.1,29.4
4388,21.7,15,"Abu Dhabi",30.7,31.4,"Lower",0,"No",0,"No",3318,"Second",33.6,32.9,31.5
4389,42.6,36,"Sharjah",33.1,40.4,"Lower",0,"No",0,"No",3013,"Third",33.6,31.6,33.6
4390,19.3,11,"Sharjah",33.2,27.6,"Lower",0,"No",0,"No",3352,"First",32,32,33.2
4391,34,31,"Sharjah",31.4,35.4,"Lower",0,"No",1,"Yes",3266,"Third",29,31.6,34.2
4392,19.8,19,"Sharjah",29.2,30.3,"Lower",0,"No",0,"No",3709,"Second",29.4,29.2,30.5
4393,41.7,25,"Dubai",34.5,21.5,"Lower",0,"No",0,"No",3435,"Second",34.3,34.9,34.1
4394,31.3,36,"Abu Dhabi",28.5,24.3,"Lower",0,"No",0,"No",3482,"Third",29.4,28.7,30
4395,36.6,26,"Dubai",30.9,39.2,"Lower",0,"No",0,"No",2876,"Second",34.6,30.9,32.4
4396,20.1,27,"Abu Dhabi",36.1,15,"High",0,"No",0,"No",3490,"Second",36.4,36.1,35.5
4397,18.2,23,"Abu Dhabi",33.2,28.5,"Lower",0,"No",0,"No",3515,"Second",30.7,33,33.3
4398,39.6,12,"Dubai",31.2,16.8,"Lower",0,"No",0,"No",3947,"First",30,28.1,31.6
4399,33.7,36,"Abu Dhabi",33.4,31.5,"Lower",0,"No",0,"No",3212,"Third",33.8,31.4,32.9
4400,21.7,33,"Abu Dhabi",33.8,39.8,"Lower",0,"No",0,"No",2926,"Third",33.4,34.7,34.2
4401,24.6,26,"Dubai",27.5,24.8,"Lower",0,"No",0,"No",3002,"Second",27.6,28.8,28.6
4402,20.3,5,"Abu Dhabi",31,34.4,"Lower",0,"No",1,"Yes",3068,"First",31.2,30.1,29.3
4403,41.4,24,"Dubai",35.6,22.1,"High",0,"No",1,"Yes",3441,"Second",35.6,32.4,36.8
4404,41.4,12,"Sharjah",32,31.6,"Lower",0,"No",1,"Yes",3363,"First",33,34.7,30.1
4405,20.8,13,"Sharjah",31.6,14.4,"Lower",0,"No",0,"No",2484,"First",31.6,33.5,29.4
4406,22.5,27,"Abu Dhabi",36.3,31.8,"High",0,"No",0,"No",2786,"Second",35.8,37.3,35.9
4407,24,35,"Dubai",30.1,18.9,"Lower",0,"No",0,"No",4034,"Third",28.3,29.8,30.5
4408,25.8,38,"Abu Dhabi",34.1,33.7,"Lower",0,"No",0,"No",3181,"Third",34.5,34.4,34.1
4409,29.7,21,"Dubai",33.8,46.3,"Lower",0,"No",0,"No",2995,"Second",35.7,32.3,33.3
4410,37,40,"Dubai",36.7,18.2,"High",0,"No",0,"No",2894,"Third",37.4,37.8,37.1
4411,40.5,27,"Dubai",32.7,24.4,"Lower",0,"No",1,"Yes",2584,"Second",35.4,31.3,34.4
4412,28.2,32,"Dubai",30.9,19.4,"Lower",0,"No",0,"No",2974,"Third",30.9,28.8,31.4
4413,28.8,11,"Dubai",35.2,34.7,"High",0,"No",0,"No",2630,"First",35.5,34.9,35.9
4414,40.6,23,"Abu Dhabi",29.7,45.3,"Lower",0,"No",0,"No",2828,"Second",31,31.3,30.7
4415,41.1,5,"Abu Dhabi",34.7,26.7,"Lower",0,"No",0,"No",3600,"First",36,34.4,34
4416,35.6,7,"Dubai",37.9,26.6,"High",0,"No",0,"No",2506,"First",37,37.6,36.3
4417,39.1,23,"Dubai",31.3,23.4,"Lower",0,"No",0,"No",2547,"Second",31,32,33.3
4418,24.1,18,"Dubai",36.9,27.5,"High",0,"No",0,"No",3389,"Second",35.9,38.5,35.6
4419,38.1,36,"Abu Dhabi",31.1,33.7,"Lower",0,"No",0,"No",2651,"Third",31,31,32.1
4420,31.5,40,"Dubai",32.6,18.9,"Lower",0,"No",0,"No",3495,"Third",31.3,31.1,33.6
4421,18.2,39,"Dubai",28.9,43.5,"Lower",0,"No",0,"No",3045,"Third",26.8,26,30.7
4422,37.5,4,"Sharjah",30.8,34.2,"Lower",0,"No",0,"No",2863,"First",31.1,30.4,31.3
4423,29.1,35,"Sharjah",37,22.9,"High",0,"No",0,"No",3575,"Third",36.5,38.5,38.2
4424,44.3,14,"Sharjah",34.5,38.7,"Lower",0,"No",0,"No",3357,"Second",33.3,32.9,36.1
4425,32.3,6,"Dubai",30.8,42.9,"Lower",0,"No",0,"No",2330,"First",31.3,31.2,31
4426,21.6,16,"Sharjah",32,39.8,"Lower",0,"No",0,"No",3346,"Second",31.5,32.8,29.7
4427,41.7,17,"Abu Dhabi",29.9,37.4,"Lower",0,"No",0,"No",2742,"Second",31.3,30.6,30.9
4428,25.3,19,"Dubai",26.7,37.8,"Lower",0,"No",0,"No",3926,"Second",25.1,28.3,31.4
4429,33.4,31,"Dubai",27.1,30.5,"Lower",0,"No",0,"No",3153,"Third",27.9,28.3,27.6
4430,26.2,35,"Dubai",30.8,24.8,"Lower",0,"No",0,"No",3124,"Third",31.5,31.7,30.4
4431,35.5,31,"Sharjah",33.4,32.7,"Lower",1,"Yes",0,"No",2793,"Third",31.9,34.6,30.8
4432,30.5,11,"Dubai",30.1,32.6,"Lower",0,"No",0,"No",3247,"First",28.4,29.2,28.2
4433,39.3,36,"Abu Dhabi",30.7,23.6,"Lower",0,"No",0,"No",3542,"Third",32.3,32,30.6
4434,24.4,14,"Sharjah",31.7,35,"Lower",0,"No",1,"Yes",3684,"Second",33.5,32,29.4
4435,36,37,"Abu Dhabi",26,21.2,"Lower",0,"No",0,"No",3513,"Third",26.8,25.4,25.1
4436,23.3,39,"Dubai",36.4,40.8,"High",0,"No",0,"No",3398,"Third",36.4,38.4,37.5
4437,22.8,17,"Abu Dhabi",28.3,12.2,"Lower",0,"No",0,"No",3398,"Second",27.1,26.4,28.6
4438,20.4,15,"Abu Dhabi",33.2,24.2,"Lower",0,"No",0,"No",3504,"Second",31.6,33.9,33.9
4439,19.4,19,"Dubai",29.3,32.4,"Lower",0,"No",0,"No",3756,"Second",32,29.4,28.2
4440,34,5,"Sharjah",28.3,23.7,"Lower",0,"No",0,"No",4356,"First",31.3,29.9,28.3
4441,24,19,"Dubai",33.6,21,"Lower",0,"No",0,"No",3655,"Second",34.1,34.6,31.9
4442,36.9,37,"Abu Dhabi",27.1,26.8,"Lower",0,"No",0,"No",3459,"Third",25.6,28.6,29.7
4443,19.1,33,"Sharjah",30.6,14.1,"Lower",0,"No",0,"No",3817,"Third",30.1,30.9,31.7
4444,31.1,30,"Sharjah",32.2,22.5,"Lower",0,"No",0,"No",3010,"Third",31,34.3,30.7
4445,20,39,"Dubai",33.6,16.2,"Lower",0,"No",0,"No",3593,"Third",30,33.7,33.8
4446,19.4,17,"Dubai",28.6,45.3,"Lower",0,"No",0,"No",3180,"Second",30.3,30.4,27.1
4447,32.8,20,"Dubai",32.9,20.9,"Lower",0,"No",0,"No",2756,"Second",33.1,31.9,33.6
4448,37.4,38,"Dubai",31.2,38.4,"Lower",0,"No",0,"No",3690,"Third",31.8,28.2,32
4449,32.3,25,"Dubai",31,31.7,"Lower",0,"No",0,"No",3867,"Second",34.3,29.8,30.7
4450,34.5,14,"Abu Dhabi",34.2,15.1,"Lower",0,"No",0,"No",3685,"Second",33.3,31.3,32.9
4451,22.2,34,"Abu Dhabi",33.2,34,"Lower",0,"No",1,"Yes",2017,"Third",34.8,35.2,33.1
4452,33,37,"Abu Dhabi",30,14.2,"Lower",0,"No",0,"No",3241,"Third",32.2,28.8,27.5
4453,34.9,28,"Dubai",32.3,26.6,"Lower",0,"No",0,"No",3270,"Third",31.4,31.9,33.6
4454,23.6,9,"Sharjah",29.6,27.5,"Lower",0,"No",0,"No",3271,"First",32.8,28.8,29.6
4455,24.5,36,"Sharjah",28.5,20.2,"Lower",0,"No",0,"No",2684,"Third",29.9,28.1,29.5
4456,41.7,26,"Dubai",29.3,25.7,"Lower",0,"No",0,"No",3728,"Second",27.6,32.2,27.5
4457,39.7,7,"Abu Dhabi",31.7,30.3,"Lower",0,"No",0,"No",2880,"First",32.6,32.7,32.1
4458,21.9,18,"Dubai",38.8,21.9,"High",0,"No",0,"No",3193,"Second",39.3,38,40.2
4459,22.1,32,"Abu Dhabi",33.2,24.5,"Lower",0,"No",0,"No",3180,"Third",30.8,33.4,33.2
4460,22.5,37,"Dubai",33.7,24.5,"Lower",0,"No",0,"No",3166,"Third",32.7,35.8,31.5
4461,36.8,14,"Abu Dhabi",25,17.8,"Lower",0,"No",0,"No",3198,"Second",25.1,23.1,24.9
4462,23.8,8,"Abu Dhabi",31,26.9,"Lower",0,"No",0,"No",3189,"First",32.4,32.6,33.5
4463,22.9,32,"Sharjah",33.3,37.1,"Lower",0,"No",0,"No",3074,"Third",36.1,35.2,33.1
4464,33.7,22,"Abu Dhabi",28.5,10.4,"Lower",0,"No",0,"No",3022,"Second",29.9,30.5,25.8
4465,29,6,"Sharjah",30.6,29,"Lower",0,"No",0,"No",3109,"First",29.5,30.3,32.2
4466,27,21,"Dubai",29.3,34.5,"Lower",0,"No",0,"No",2931,"Second",30.7,29.4,30.2
4467,19.7,10,"Dubai",30.1,26.3,"Lower",0,"No",0,"No",4056,"First",28.9,29.3,30.6
4468,23.7,23,"Dubai",35.5,28.3,"High",0,"No",1,"Yes",3804,"Second",34.4,35.6,36.3
4469,23.3,14,"Abu Dhabi",30.8,29.2,"Lower",0,"No",0,"No",3370,"Second",29,29.4,31.6
4470,41.5,26,"Dubai",31.7,32.1,"Lower",0,"No",0,"No",3323,"Second",33.4,31.7,35.1
4471,43.7,14,"Sharjah",33.6,40.8,"Lower",0,"No",0,"No",3266,"Second",33.4,33.4,34.4
4472,27.7,26,"Sharjah",32.5,20.3,"Lower",0,"No",1,"Yes",3573,"Second",33.5,34.2,31
4473,26.3,33,"Dubai",30.5,23,"Lower",0,"No",1,"Yes",3639,"Third",30.9,31.2,27.5
4474,30.4,23,"Dubai",32.4,28.7,"Lower",0,"No",0,"No",3367,"Second",32.6,32.4,33.8
4475,22.4,10,"Sharjah",29.5,39.5,"Lower",0,"No",0,"No",2679,"First",29.1,28.3,30.4
4476,43.2,36,"Sharjah",32.9,20.4,"Lower",0,"No",0,"No",3736,"Third",33.3,32.3,32.8
4477,28.3,40,"Abu Dhabi",31.4,33.5,"Lower",0,"No",0,"No",2940,"Third",31.8,31.3,32.2
4478,22.6,33,"Abu Dhabi",33.8,23,"Lower",0,"No",0,"No",3312,"Third",35.4,33.9,32.8
4479,42.1,38,"Sharjah",32.7,19.9,"Lower",0,"No",1,"Yes",3473,"Third",34.2,30.6,36.7
4480,39.7,14,"Sharjah",28.8,27.6,"Lower",0,"No",0,"No",3591,"Second",28.4,28.6,28.1
4481,37.2,6,"Abu Dhabi",31.7,19.3,"Lower",0,"No",0,"No",2431,"First",31.5,31.8,32.4
4482,34.3,19,"Abu Dhabi",30.7,27.9,"Lower",0,"No",0,"No",3118,"Second",32,30.9,29.9
4483,30,25,"Dubai",33.3,34.7,"Lower",0,"No",1,"Yes",2794,"Second",35.4,33.3,31.7
4484,44.3,37,"Dubai",35.3,34.5,"High",0,"No",0,"No",3435,"Third",34.3,33.5,34.3
4485,44.6,30,"Sharjah",33.2,20.6,"Lower",0,"No",0,"No",3454,"Third",34.8,32.1,36
4486,24.1,36,"Dubai",34.7,61.5,"Lower",0,"No",0,"No",2487,"Third",32.8,33.3,34.1
4487,32.2,29,"Sharjah",28.5,37.8,"Lower",0,"No",0,"No",3818,"Third",32.2,28.4,27.4
4488,44.2,27,"Abu Dhabi",31.8,39.3,"Lower",0,"No",0,"No",2734,"Second",31.3,30.6,27.9
4489,38.7,13,"Dubai",29.8,34.6,"Lower",0,"No",0,"No",3667,"First",29.3,25.1,30.7
4490,36.8,39,"Abu Dhabi",30.1,24.4,"Lower",0,"No",0,"No",2490,"Third",31.1,31.3,29.2
4491,21.5,16,"Dubai",32.1,34.6,"Lower",0,"No",0,"No",3460,"Second",33.8,31.6,30.3
4492,31.7,13,"Abu Dhabi",33,26,"Lower",0,"No",0,"No",3139,"First",36,35.1,33
4493,40.4,36,"Abu Dhabi",28.8,34.1,"Lower",0,"No",0,"No",2166,"Third",25.5,29.2,27.6
4494,19.1,38,"Abu Dhabi",32.9,37.3,"Lower",0,"No",0,"No",3916,"Third",32.4,35.1,33.5
4495,31.9,30,"Sharjah",31.2,31.1,"Lower",0,"No",0,"No",2716,"Third",32.8,30.9,31.4
4496,33.7,36,"Dubai",30.4,35.1,"Lower",0,"No",0,"No",3908,"Third",28.7,30.1,33
4497,31.3,24,"Abu Dhabi",32.4,34.4,"Lower",0,"No",0,"No",3440,"Second",32.5,32.8,31.9
4498,19.8,30,"Abu Dhabi",27.5,30.3,"Lower",0,"No",0,"No",3827,"Third",26.7,29.8,27.8
4499,43.2,25,"Dubai",30.4,28.6,"Lower",0,"No",0,"No",3178,"Second",31.2,30.4,29.9
4500,32.1,17,"Sharjah",34.7,33.4,"Lower",0,"No",0,"No",2990,"Second",35.3,34.1,33.7
4501,35.7,21,"Dubai",30.9,33.2,"Lower",0,"No",0,"No",2941,"Second",28.4,31.1,29.7
4502,24.3,20,"Abu Dhabi",34.7,30.4,"Lower",0,"No",0,"No",3514,"Second",33.2,35.8,34
4503,41.3,16,"Sharjah",31.8,20.7,"Lower",0,"No",0,"No",3911,"Second",32.7,32.7,31.6
4504,23.4,39,"Abu Dhabi",28.8,28.5,"Lower",0,"No",0,"No",3179,"Third",27.4,28.9,26.2
4505,35.9,6,"Dubai",34,30.9,"Lower",0,"No",0,"No",3674,"First",35.3,34.4,34.9
4506,42.8,28,"Sharjah",35.5,12.5,"High",0,"No",0,"No",2885,"Third",34.9,37.5,37.8
4507,24.8,14,"Abu Dhabi",32.5,39,"Lower",0,"No",0,"No",3429,"Second",31.3,31.9,33.4
4508,29.3,22,"Dubai",35.2,28.3,"High",0,"No",0,"No",2693,"Second",34.7,36.1,37.4
4509,20.1,4,"Abu Dhabi",30.7,49.3,"Lower",1,"Yes",0,"No",3976,"First",30,30.1,32.4
4510,29.1,18,"Dubai",36,32.9,"High",0,"No",0,"No",3242,"Second",37.4,37.2,36.5
4511,34.3,7,"Abu Dhabi",29.1,25.4,"Lower",0,"No",1,"Yes",3105,"First",29.3,33.2,28.8
4512,41.4,15,"Dubai",32.3,36.2,"Lower",0,"No",1,"Yes",3284,"Second",34.3,30.3,32.1
4513,24.7,24,"Sharjah",35.3,30.7,"High",0,"No",0,"No",2138,"Second",33.5,35.5,34.5
4514,33.6,7,"Dubai",33.9,24.4,"Lower",0,"No",0,"No",2795,"First",33.2,31.4,35.1
4515,34.7,6,"Abu Dhabi",28.9,31,"Lower",0,"No",0,"No",4107,"First",28.7,26.5,27.6
4516,29.3,27,"Abu Dhabi",33.9,36.4,"Lower",0,"No",0,"No",2698,"Second",32.8,33.6,36.3
4517,34.8,19,"Abu Dhabi",28.5,33.9,"Lower",0,"No",0,"No",3452,"Second",28.6,27,26.6
4518,42,31,"Dubai",33.3,51,"Lower",0,"No",0,"No",2849,"Third",31.9,32.4,33
4519,21.8,25,"Sharjah",33.3,36.4,"Lower",0,"No",0,"No",3081,"Second",34.3,30.5,34.8
4520,23.1,40,"Abu Dhabi",28.7,26.3,"Lower",0,"No",0,"No",4158,"Third",27,27.3,29.6
4521,27.8,21,"Abu Dhabi",33.1,37,"Lower",0,"No",0,"No",2900,"Second",31.1,35.1,33.9
4522,24.6,35,"Dubai",35.5,41.9,"High",0,"No",0,"No",2596,"Third",36.5,34.6,35.1
4523,22.8,21,"Dubai",28.5,25.3,"Lower",0,"No",0,"No",3246,"Second",27.7,26.8,29.2
4524,30.3,7,"Dubai",35.2,25.8,"High",0,"No",1,"Yes",2777,"First",34.8,34,37.1
4525,44.3,17,"Sharjah",35.2,39.2,"High",0,"No",1,"Yes",3107,"Second",34.8,34.3,38.1
4526,33.3,9,"Abu Dhabi",24.1,26.8,"Lower",0,"No",0,"No",3520,"First",23.6,24.1,21.8
4527,40.5,7,"Sharjah",31.2,28.1,"Lower",0,"No",0,"No",2477,"First",32.4,33.7,31.3
4528,19.3,26,"Abu Dhabi",32.4,24.7,"Lower",0,"No",0,"No",3010,"Second",33.3,31.8,30.1
4529,29,33,"Abu Dhabi",35.7,25.3,"High",0,"No",0,"No",3896,"Third",34.8,34.5,36.1
4530,26.9,27,"Sharjah",33.2,21.6,"Lower",0,"No",0,"No",3603,"Second",34.1,34.6,32.5
4531,42.6,5,"Abu Dhabi",34.9,22.5,"Lower",0,"No",0,"No",2946,"First",37,33,34.2
4532,20.9,28,"Dubai",36.2,31.7,"High",0,"No",0,"No",3148,"Third",35.1,37.6,34.9
4533,39,11,"Abu Dhabi",24.1,22.9,"Lower",0,"No",0,"No",3146,"First",22.7,24.5,23.9
4534,36,5,"Dubai",32.5,21.8,"Lower",0,"No",0,"No",3176,"First",33.2,34.1,31.1
4535,29.9,11,"Dubai",37.2,27.5,"High",0,"No",1,"Yes",2444,"First",38.6,36.9,38.9
4536,22.2,35,"Dubai",37.3,36.2,"High",0,"No",0,"No",4304,"Third",35.8,37.8,34.6
4537,28.2,39,"Dubai",30.2,18.9,"Lower",0,"No",0,"No",2971,"Third",31,30.8,30.8
4538,35.9,32,"Dubai",36.1,33.5,"High",0,"No",0,"No",3418,"Third",37.3,35.9,37
4539,23.4,38,"Dubai",30.8,34.1,"Lower",0,"No",0,"No",2733,"Third",31.9,32.3,31.9
4540,39.8,32,"Dubai",33.1,37.8,"Lower",0,"No",0,"No",3094,"Third",33.5,32.4,32.5
4541,36,23,"Abu Dhabi",34.9,23.5,"Lower",0,"No",0,"No",2725,"Second",33.9,33.4,36.5
4542,29.9,22,"Abu Dhabi",31.1,41.3,"Lower",1,"Yes",0,"No",2851,"Second",29.1,30.9,30.3
4543,28.4,38,"Dubai",35.9,23.7,"High",0,"No",0,"No",3085,"Third",34.5,35.7,38.6
4544,38.3,6,"Dubai",34.8,31.5,"Lower",0,"No",0,"No",3376,"First",35.9,35.6,33.6
4545,34.3,22,"Dubai",29.9,17.9,"Lower",0,"No",0,"No",4212,"Second",29.7,30.1,31
4546,20.9,5,"Abu Dhabi",35.6,34.2,"High",0,"No",0,"No",2525,"First",34.8,34.2,38.2
4547,41.4,27,"Sharjah",32.1,33.3,"Lower",0,"No",0,"No",2882,"Second",34.3,31.7,33
4548,39.1,37,"Dubai",28.3,28.3,"Lower",0,"No",0,"No",3451,"Third",27.2,28.3,29.3
4549,41.5,10,"Abu Dhabi",28.7,29.7,"Lower",0,"No",0,"No",3559,"First",31.6,30.3,29
4550,37.4,8,"Dubai",34.6,24,"Lower",0,"No",0,"No",3203,"First",33.9,33.7,32.9
4551,33.6,10,"Dubai",30.1,32.2,"Lower",0,"No",1,"Yes",4131,"First",29.4,29.7,29.8
4552,30.1,32,"Dubai",34.4,21.6,"Lower",0,"No",0,"No",3091,"Third",33.9,33.5,35
4553,31.6,30,"Sharjah",26.9,32,"Lower",0,"No",0,"No",2726,"Third",26.6,25.7,27.4
4554,32.7,29,"Dubai",32.6,34.3,"Lower",0,"No",1,"Yes",2641,"Third",33.2,32.2,32.7
4555,43.2,16,"Dubai",34.5,14.3,"Lower",0,"No",0,"No",3086,"Second",34.2,34.7,36
4556,18.1,12,"Abu Dhabi",31,30,"Lower",0,"No",0,"No",2935,"First",29.8,29,30.5
4557,25,5,"Abu Dhabi",28.6,21.5,"Lower",0,"No",0,"No",3477,"First",24.8,27.1,30.3
4558,24,7,"Dubai",31.8,25.7,"Lower",0,"No",0,"No",2998,"First",32.6,33.5,30.7
4559,18.7,24,"Dubai",33.2,29.4,"Lower",0,"No",0,"No",3816,"Second",31.7,32.6,33.8
4560,44.9,9,"Dubai",30.4,31.8,"Lower",0,"No",0,"No",3262,"First",32.2,29.6,29.5
4561,25.7,19,"Dubai",32.7,19.3,"Lower",0,"No",0,"No",3400,"Second",34.4,33.8,34.2
4562,35.9,9,"Sharjah",30.2,39.9,"Lower",0,"No",0,"No",3116,"First",30.5,30.1,30.9
4563,19.8,22,"Sharjah",35.9,23.4,"High",0,"No",0,"No",4016,"Second",35.4,35.3,38.5
4564,31.5,12,"Abu Dhabi",27.3,19.4,"Lower",0,"No",0,"No",3043,"First",26,27.5,27.5
4565,26.7,32,"Sharjah",38.8,21.3,"High",0,"No",0,"No",2943,"Third",39.1,38.8,40.5
4566,42.7,17,"Sharjah",35.3,25.1,"High",0,"No",0,"No",3741,"Second",35.7,33.9,36.5
4567,32.9,27,"Dubai",27,39.9,"Lower",0,"No",0,"No",3945,"Second",31.3,29.1,27.9
4568,33.5,37,"Dubai",34.4,21.7,"Lower",0,"No",0,"No",2935,"Third",34.3,34.2,35.7
4569,42,19,"Dubai",36.3,34.8,"High",0,"No",0,"No",3448,"Second",38.2,35.4,35.7
4570,39.9,9,"Abu Dhabi",27.8,39.3,"Lower",0,"No",0,"No",3176,"First",25.8,25.7,27.4
4571,33.6,28,"Dubai",31.3,41.4,"Lower",0,"No",1,"Yes",3202,"Third",32.2,31.6,31.7
4572,40.6,34,"Dubai",34.7,28.1,"Lower",0,"No",0,"No",3479,"Third",34.1,38.2,34.6
4573,35.6,22,"Dubai",31.5,31.1,"Lower",0,"No",0,"No",3091,"Second",29.8,29.3,34.4
4574,43.4,8,"Dubai",33.7,30.5,"Lower",0,"No",0,"No",2897,"First",33,34.5,35.1
4575,41.5,34,"Dubai",32.3,28.2,"Lower",0,"No",0,"No",3395,"Third",32.4,31.5,37.6
4576,19.1,31,"Abu Dhabi",29.1,37.1,"Lower",0,"No",0,"No",3214,"Third",32.5,30.3,28.7
4577,24.5,39,"Abu Dhabi",33.7,35,"Lower",0,"No",0,"No",3105,"Third",33.3,34.3,32.3
4578,41.9,13,"Dubai",32.3,28.3,"Lower",0,"No",0,"No",3200,"First",31.8,30.4,34.7
4579,41.2,29,"Dubai",37.9,29,"High",0,"No",0,"No",2420,"Third",42.1,37.4,36.7
4580,20.2,9,"Abu Dhabi",33.9,22.7,"Lower",0,"No",0,"No",3198,"First",33.4,33.2,31.7
4581,32.2,25,"Sharjah",31.9,35.8,"Lower",0,"No",0,"No",3446,"Second",34.7,33.1,31.4
4582,32.3,20,"Sharjah",31,30.4,"Lower",0,"No",0,"No",3458,"Second",28.5,29.6,28.1
4583,37,40,"Abu Dhabi",34.9,26.7,"Lower",0,"No",0,"No",3698,"Third",36.5,36.6,35.5
4584,41.4,15,"Sharjah",34.5,26.3,"Lower",0,"No",1,"Yes",3432,"Second",33.7,37.5,31.9
4585,31.3,25,"Dubai",28.7,28.6,"Lower",0,"No",0,"No",3564,"Second",29.8,29.2,26.1
4586,21.4,35,"Sharjah",33.2,42.8,"Lower",0,"No",0,"No",3211,"Third",34.2,34.4,33.2
4587,24.4,12,"Dubai",33,24,"Lower",0,"No",0,"No",3107,"First",32.5,33,32.9
4588,25.8,17,"Dubai",36.1,34.4,"High",0,"No",0,"No",3079,"Second",35.3,36.3,37.6
4589,39.8,31,"Sharjah",32.8,37.9,"Lower",0,"No",0,"No",3269,"Third",32.6,29.7,32.7
4590,30,10,"Dubai",33.4,25,"Lower",0,"No",0,"No",3289,"First",35.4,30.8,35.5
4591,27.8,14,"Abu Dhabi",26.9,29.9,"Lower",0,"No",0,"No",3776,"Second",28.1,23.8,28.1
4592,30.3,22,"Dubai",33.3,39.4,"Lower",0,"No",1,"Yes",3488,"Second",33.1,35.4,34.7
4593,35.4,5,"Dubai",35.9,29.2,"High",0,"No",0,"No",3654,"First",34.8,36.3,35.6
4594,19.5,15,"Abu Dhabi",31.3,54.6,"Lower",0,"No",0,"No",2064,"Second",30.6,32.7,32.8
4595,31.1,35,"Dubai",28.4,18.6,"Lower",0,"No",0,"No",3315,"Third",28.7,27.2,32.8
4596,23.6,6,"Abu Dhabi",34,20.9,"Lower",0,"No",0,"No",2509,"First",32.7,35.1,34.1
4597,23.2,10,"Dubai",37.3,23.3,"High",0,"No",1,"Yes",3309,"First",36.8,35.9,37.4
4598,37.7,14,"Abu Dhabi",28.6,35.4,"Lower",0,"No",0,"No",3985,"Second",28.2,25.6,29.7
4599,18.3,12,"Sharjah",30.5,28.1,"Lower",0,"No",0,"No",3741,"First",29.5,34.9,33.2
4600,43.5,12,"Sharjah",31.3,23.9,"Lower",0,"No",0,"No",2122,"First",32.6,30.7,30.5
4601,26.6,37,"Dubai",35.5,24.3,"High",0,"No",0,"No",3340,"Third",36.3,36,35.1
4602,43.7,19,"Abu Dhabi",29.7,24.2,"Lower",0,"No",0,"No",3174,"Second",33.1,28.5,27.9
4603,33.6,18,"Abu Dhabi",34.4,22.5,"Lower",0,"No",1,"Yes",3187,"Second",35.5,35.1,33.5
4604,27.6,40,"Abu Dhabi",35.5,35.5,"High",0,"No",0,"No",3110,"Third",36.9,36.7,35.6
4605,28.3,24,"Abu Dhabi",32.2,52.4,"Lower",0,"No",0,"No",2868,"Second",32.6,31.4,32.4
4606,32.3,17,"Dubai",34,21.9,"Lower",0,"No",0,"No",3478,"Second",34.3,30.8,33.2
4607,23.3,40,"Dubai",34.8,22.6,"Lower",0,"No",1,"Yes",3382,"Third",34.3,34,36.2
4608,43.5,32,"Abu Dhabi",31.3,13.8,"Lower",0,"No",0,"No",3643,"Third",33.5,32.6,29.4
4609,19.6,8,"Dubai",30.7,24.3,"Lower",0,"No",0,"No",3426,"First",32.9,30.6,29
4610,42.2,6,"Dubai",39.8,28.3,"High",0,"No",1,"Yes",3473,"First",41.2,38.4,37
4611,31.8,38,"Abu Dhabi",34.2,47.2,"Lower",0,"No",0,"No",2659,"Third",36.5,33.2,33.6
4612,33.8,20,"Dubai",30.6,25.2,"Lower",0,"No",0,"No",3154,"Second",33.4,30.9,32.3
4613,32.3,11,"Abu Dhabi",30.4,23.7,"Lower",0,"No",0,"No",2881,"First",28.3,31.3,28.7
4614,25.1,7,"Dubai",32.7,23.5,"Lower",0,"No",0,"No",3915,"First",31.3,34,31.6
4615,42.4,10,"Abu Dhabi",31.3,32.4,"Lower",0,"No",0,"No",2794,"First",30.9,30.6,31.3
4616,24.6,21,"Abu Dhabi",30.8,44.9,"Lower",0,"No",0,"No",3351,"Second",28.9,27.4,31.7
4617,32.9,6,"Abu Dhabi",31.3,29.7,"Lower",0,"No",0,"No",3203,"First",28.5,31.7,31.9
4618,39.4,39,"Sharjah",32.3,15.1,"Lower",0,"No",0,"No",3466,"Third",32.9,30.4,32.8
4619,43.1,19,"Dubai",32.2,31.6,"Lower",0,"No",0,"No",2972,"Second",29.7,34,31.8
4620,38.4,18,"Abu Dhabi",29.8,30.6,"Lower",1,"Yes",0,"No",2795,"Second",31.3,32,31.6
4621,31.8,16,"Sharjah",32,39.1,"Lower",0,"No",0,"No",3492,"Second",32.7,33.6,32.6
4622,35.5,30,"Abu Dhabi",30.7,36.5,"Lower",1,"Yes",1,"Yes",3419,"Third",32,32.4,30.9
4623,26.6,15,"Dubai",27.6,27.1,"Lower",0,"No",0,"No",4003,"Second",25.6,27.6,28.7
4624,42.5,24,"Abu Dhabi",33.7,18.5,"Lower",0,"No",0,"No",2462,"Second",31.6,30.5,34.7
4625,34.9,13,"Abu Dhabi",36.1,30.3,"High",0,"No",0,"No",2295,"First",36.4,37.1,36.8
4626,28.3,32,"Dubai",30.9,31.6,"Lower",0,"No",0,"No",2857,"Third",28.7,28.8,30.5
4627,30.8,35,"Dubai",31.1,24.2,"Lower",0,"No",0,"No",4054,"Third",32.6,29.8,33.5
4628,18.8,13,"Dubai",36.3,28.7,"High",0,"No",0,"No",3007,"First",38,35.2,37.3
4629,30.5,32,"Sharjah",27.8,23.6,"Lower",0,"No",0,"No",3615,"Third",26.9,23.3,26.8
4630,31.9,27,"Abu Dhabi",34.2,21,"Lower",0,"No",0,"No",3645,"Second",34.5,34.5,34.2
4631,20.4,9,"Dubai",32.7,25.2,"Lower",1,"Yes",0,"No",3379,"First",34.1,33.5,30.2
4632,39.4,13,"Dubai",33.3,31.8,"Lower",0,"No",0,"No",3669,"First",32.6,33.9,33.9
4633,27.8,26,"Sharjah",32,29.9,"Lower",0,"No",0,"No",3686,"Second",33.8,31.2,29.1
4634,22.6,15,"Abu Dhabi",31.3,27.4,"Lower",0,"No",0,"No",3024,"Second",30.1,28.6,33.1
4635,19.6,17,"Abu Dhabi",32,35.3,"Lower",0,"No",0,"No",3411,"Second",30.9,31.5,30.8
4636,28.9,16,"Sharjah",32.4,35.2,"Lower",0,"No",0,"No",3308,"Second",29.5,33,33.7
4637,26.8,35,"Dubai",33.2,28.7,"Lower",0,"No",0,"No",3369,"Third",33.2,32.6,33.7
4638,35.8,21,"Dubai",32.7,20.6,"Lower",0,"No",0,"No",2545,"Second",30,29.2,31.8
4639,40.2,39,"Abu Dhabi",29.4,35.1,"Lower",0,"No",0,"No",4211,"Third",30.9,29.1,27.6
4640,39.3,37,"Dubai",39.9,44.9,"High",0,"No",0,"No",3435,"Third",41.6,39.6,39.3
4641,18,17,"Abu Dhabi",35.5,30.2,"High",0,"No",0,"No",3170,"Second",34.6,35.7,35.7
4642,30.5,31,"Dubai",34,45,"Lower",0,"No",0,"No",3556,"Third",34.3,34,35.8
4643,24.3,23,"Sharjah",31.8,25.8,"Lower",0,"No",0,"No",3249,"Second",32.1,32.1,27.9
4644,19.5,29,"Abu Dhabi",33.6,19.7,"Lower",0,"No",0,"No",2678,"Third",33.5,31.9,34.2
4645,27.9,26,"Dubai",33.9,43.3,"Lower",0,"No",0,"No",2238,"Second",34.2,35,32
4646,43,24,"Abu Dhabi",32.5,14.4,"Lower",0,"No",0,"No",2915,"Second",33.8,35.2,31.4
4647,21,29,"Abu Dhabi",35,39.8,"High",0,"No",0,"No",3301,"Third",36.7,33.5,35.3
4648,34.5,24,"Sharjah",30.6,40.8,"Lower",0,"No",0,"No",4386,"Second",30.8,29.5,31.4
4649,20.3,27,"Dubai",32.9,39.1,"Lower",0,"No",0,"No",3224,"Second",32.3,32.8,29.1
4650,25.6,21,"Dubai",28.9,34,"Lower",0,"No",0,"No",2752,"Second",28,28.3,28.6
4651,44,20,"Abu Dhabi",34.5,29.2,"Lower",0,"No",0,"No",2778,"Second",35.5,32,36.8
4652,30.8,33,"Dubai",30.8,35.3,"Lower",0,"No",0,"No",3399,"Third",29.8,30.7,29.8
4653,38.6,26,"Dubai",26.1,36.6,"Lower",0,"No",0,"No",3821,"Second",27.1,25.5,25.8
4654,23.6,35,"Dubai",27.4,36.6,"Lower",0,"No",0,"No",4019,"Third",27.2,26.8,28.2
4655,21.5,27,"Sharjah",32.9,39.5,"Lower",0,"No",0,"No",2954,"Second",33.7,33.3,31.6
4656,37.9,38,"Dubai",30,21.4,"Lower",1,"Yes",0,"No",3056,"Third",29.9,31.7,29.6
4657,33.7,39,"Dubai",30.8,20.2,"Lower",0,"No",0,"No",2886,"Third",29.7,31,29.4
4658,44.6,27,"Abu Dhabi",32.8,41.6,"Lower",0,"No",0,"No",3201,"Second",32,34.9,34.4
4659,26.1,10,"Sharjah",31.2,32,"Lower",0,"No",0,"No",2410,"First",29.5,29.2,32.8
4660,40,28,"Dubai",27.1,40.5,"Lower",0,"No",0,"No",3184,"Third",26,26,29
4661,22.1,34,"Dubai",41,21,"High",0,"No",0,"No",2823,"Third",41.5,41.3,43.7
4662,42.6,16,"Dubai",29.1,35.6,"Lower",0,"No",1,"Yes",3588,"Second",28.5,30.2,27.1
4663,36.8,21,"Abu Dhabi",28,39,"Lower",0,"No",0,"No",2752,"Second",29.3,28.3,25.6
4664,34.9,7,"Sharjah",30.1,28.1,"Lower",0,"No",0,"No",2760,"First",30.5,29,29.4
4665,38.5,20,"Abu Dhabi",30.6,40.2,"Lower",0,"No",0,"No",3359,"Second",28.9,32,29.9
4666,18.8,21,"Abu Dhabi",32.2,30.5,"Lower",0,"No",0,"No",2742,"Second",31.3,32.7,33.6
4667,22,39,"Dubai",29.7,27.7,"Lower",0,"No",0,"No",3056,"Third",31.6,33.2,30.6
4668,33,31,"Dubai",28.7,27.6,"Lower",0,"No",0,"No",3069,"Third",30,30.2,30.9
4669,44.6,37,"Dubai",36.9,33.4,"High",0,"No",0,"No",3010,"Third",36.6,36.1,36
4670,36,34,"Dubai",34.1,35.1,"Lower",0,"No",1,"Yes",3240,"Third",35.3,37.7,34
4671,21.7,22,"Sharjah",34.5,39.9,"Lower",0,"No",0,"No",3369,"Second",34.7,34.5,34.9
4672,31.6,37,"Abu Dhabi",32.6,41.6,"Lower",0,"No",0,"No",3897,"Third",32.7,33.3,32.5
4673,39.7,23,"Sharjah",36.3,39.3,"High",0,"No",0,"No",2865,"Second",35.9,40.4,33.3
4674,29.9,23,"Dubai",33,29.5,"Lower",0,"No",0,"No",2633,"Second",32.8,32.4,34.9
4675,31.4,9,"Dubai",29.5,42.4,"Lower",0,"No",0,"No",2909,"First",30.9,28,27
4676,23.1,8,"Dubai",32.1,31.7,"Lower",0,"No",0,"No",2469,"First",32.5,30.8,32.3
4677,27.1,14,"Dubai",30,21.3,"Lower",0,"No",0,"No",3427,"Second",30.1,29.4,29.5
4678,38.8,28,"Abu Dhabi",35.7,33.7,"High",0,"No",0,"No",2447,"Third",34,36,34.3
4679,30.2,4,"Dubai",36.4,21.9,"High",0,"No",0,"No",3511,"First",36.6,36.1,39.5
4680,23.2,33,"Dubai",38,15.3,"High",0,"No",0,"No",3582,"Third",38.2,38,40.6
4681,42.8,25,"Dubai",28.8,40.1,"Lower",0,"No",0,"No",3911,"Second",29.9,30,25.6
4682,19.1,8,"Abu Dhabi",27.2,22.9,"Lower",0,"No",0,"No",3521,"First",25.9,26.9,27
4683,42.2,23,"Abu Dhabi",29.7,22.8,"Lower",0,"No",0,"No",2584,"Second",31.5,31,29.5
4684,31.8,20,"Sharjah",28.3,17.1,"Lower",0,"No",0,"No",3744,"Second",29,28.2,26.7
4685,31.7,32,"Abu Dhabi",34.1,36.6,"Lower",0,"No",0,"No",2940,"Third",34.7,31.9,33.9
4686,21.2,29,"Dubai",35.8,23.5,"High",0,"No",0,"No",2892,"Third",33.9,34.7,36.2
4687,40.3,39,"Abu Dhabi",36,30.4,"High",0,"No",0,"No",2865,"Third",33.2,39.3,34.8
4688,41.8,12,"Abu Dhabi",28.1,29.6,"Lower",0,"No",0,"No",3381,"First",27.4,31,28.6
4689,30.7,22,"Abu Dhabi",29.9,17.5,"Lower",0,"No",0,"No",3548,"Second",31.9,31.6,26.8
4690,39.6,15,"Sharjah",29,25.7,"Lower",0,"No",0,"No",3153,"Second",30.7,28.1,32.3
4691,40.4,12,"Sharjah",36.4,36,"High",1,"Yes",0,"No",2844,"First",38,34.1,33.4
4692,20.5,4,"Dubai",31.4,13.5,"Lower",0,"No",0,"No",3088,"First",31.9,30.9,33.3
4693,30.1,40,"Dubai",30.8,27.1,"Lower",0,"No",0,"No",3394,"Third",30.7,31.5,26.5
4694,27.4,8,"Dubai",30.1,17.8,"Lower",0,"No",0,"No",2561,"First",31.7,27.6,32.2
4695,43.5,4,"Sharjah",27.5,27.9,"Lower",0,"No",0,"No",3322,"First",27,26.3,26.2
4696,25.8,16,"Abu Dhabi",31.8,28.2,"Lower",0,"No",0,"No",2995,"Second",28.7,30.5,30.2
4697,19,28,"Dubai",30.4,28.7,"Lower",0,"No",0,"No",3641,"Third",29.7,31.3,31.6
4698,43.2,32,"Dubai",31.4,26.6,"Lower",0,"No",0,"No",3464,"Third",33.9,32.5,34.5
4699,42.6,24,"Dubai",34.6,26.7,"Lower",0,"No",0,"No",2932,"Second",34.3,36.6,34.9
4700,23,29,"Dubai",34.1,24.4,"Lower",0,"No",0,"No",3566,"Third",34.6,33.3,36
4701,33.7,28,"Abu Dhabi",34.3,26.2,"Lower",0,"No",0,"No",3958,"Third",34.1,34.8,36.6
4702,37,29,"Dubai",32,39.7,"Lower",0,"No",0,"No",3223,"Third",29.9,32.9,32.1
4703,41.2,4,"Dubai",31.7,31.8,"Lower",0,"No",0,"No",4400,"First",29,30.8,33.7
4704,28.3,39,"Dubai",31.7,23.7,"Lower",0,"No",0,"No",2982,"Third",30.1,30.3,30.3
4705,44.1,26,"Sharjah",32.6,27.1,"Lower",0,"No",1,"Yes",2443,"Second",32.6,32.1,32.9
4706,20,26,"Dubai",32,27.1,"Lower",0,"No",0,"No",3397,"Second",32.5,33.9,32.7
4707,41.3,17,"Sharjah",33.5,27.2,"Lower",0,"No",0,"No",2365,"Second",35.8,33.7,34.9
4708,44.8,11,"Abu Dhabi",32.9,25.8,"Lower",0,"No",0,"No",2938,"First",31.3,31.1,32.1
4709,44.5,18,"Dubai",35.4,18.7,"High",0,"No",0,"No",3782,"Second",35,35.6,34.3
4710,18,29,"Abu Dhabi",30.4,27.2,"Lower",0,"No",0,"No",4018,"Third",31,32.6,28.2
4711,38.2,15,"Dubai",31.4,23.7,"Lower",0,"No",0,"No",3771,"Second",31.4,32.9,31.7
4712,28.2,26,"Sharjah",33.3,29,"Lower",1,"Yes",0,"No",3045,"Second",32,34.1,32.6
4713,18.7,34,"Abu Dhabi",31.1,29.6,"Lower",0,"No",0,"No",3109,"Third",32.8,33.3,30.1
4714,42.3,6,"Dubai",36.9,34.7,"High",0,"No",0,"No",2579,"First",37.1,35.8,38.8
4715,25.9,21,"Abu Dhabi",29.8,30.3,"Lower",0,"No",0,"No",2794,"Second",28.5,30.2,27.8
4716,29.7,30,"Abu Dhabi",31.7,27.1,"Lower",0,"No",0,"No",3963,"Third",30.6,34.1,31.8
4717,41.2,7,"Dubai",29.6,37.1,"Lower",0,"No",0,"No",3118,"First",29.9,30.3,29.9
4718,42.3,15,"Sharjah",35.6,15.6,"High",0,"No",0,"No",2450,"Second",37.1,35,36.8
4719,26,9,"Sharjah",32.1,33.4,"Lower",0,"No",0,"No",2833,"First",31.9,31.1,33.3
4720,37.2,16,"Abu Dhabi",34,32.5,"Lower",0,"No",0,"No",3213,"Second",32.2,31.8,31.5
4721,35.8,34,"Dubai",35.9,34.9,"High",0,"No",0,"No",2960,"Third",35.3,36.2,35.7
4722,39.4,30,"Dubai",27.4,37.4,"Lower",0,"No",0,"No",3220,"Third",25.6,28.5,29.6
4723,26.2,39,"Dubai",30.2,31.1,"Lower",0,"No",0,"No",3057,"Third",29.3,29.4,30
4724,30.6,15,"Sharjah",33.2,36.3,"Lower",0,"No",0,"No",2041,"Second",32.9,32.5,35.1
4725,36.4,6,"Dubai",30.8,24.9,"Lower",0,"No",0,"No",3698,"First",33,30.5,34.3
4726,27.4,18,"Abu Dhabi",29.4,9.3,"Lower",0,"No",0,"No",3632,"Second",29.9,30.3,28.8
4727,31.5,36,"Dubai",28.2,39.7,"Lower",0,"No",0,"No",3223,"Third",26.8,29.3,28.4
4728,24.6,19,"Dubai",32.3,32.9,"Lower",1,"Yes",0,"No",2836,"Second",36.4,33.5,32.9
4729,31,4,"Dubai",37.3,32.4,"High",0,"No",0,"No",3307,"First",39.1,37.7,39.4
4730,24.2,33,"Abu Dhabi",38.1,25.3,"High",0,"No",0,"No",3949,"Third",38.4,39.1,37.9
4731,37.8,30,"Abu Dhabi",34.4,22.5,"Lower",0,"No",0,"No",3882,"Third",38.5,35,33.2
4732,36.9,5,"Sharjah",36.7,38,"High",0,"No",1,"Yes",2583,"First",39.8,33.7,40.6
4733,43.1,37,"Sharjah",32.8,32.1,"Lower",0,"No",0,"No",3473,"Third",33.6,32.1,33.8
4734,39.8,32,"Sharjah",34.9,30.8,"Lower",0,"No",0,"No",3578,"Third",34,35,32.9
4735,27,12,"Dubai",31.3,42.7,"Lower",0,"No",0,"No",2998,"First",30.5,29.9,31.2
4736,39.9,40,"Dubai",33.9,38.4,"Lower",0,"No",0,"No",2900,"Third",32.6,33.3,31.9
4737,21.1,23,"Abu Dhabi",26.7,25.3,"Lower",0,"No",0,"No",3480,"Second",27,26.9,28.6
4738,36,9,"Dubai",30.4,44.1,"Lower",0,"No",1,"Yes",3200,"First",26.9,28.3,28.6
4739,41.7,36,"Dubai",36.7,47.4,"High",0,"No",0,"No",2680,"Third",34.8,35.4,34.4
4740,25.7,7,"Dubai",31.5,18.6,"Lower",0,"No",0,"No",3088,"First",33.1,31.3,32.3
4741,20.2,15,"Dubai",30,30.8,"Lower",0,"No",0,"No",4064,"Second",31.7,27.8,32.9
4742,27.1,26,"Dubai",37.8,27.5,"High",0,"No",0,"No",3596,"Second",35.7,38.4,37.6
4743,35,13,"Dubai",30.5,30.6,"Lower",0,"No",0,"No",3448,"First",29.4,29.5,33.6
4744,29.3,12,"Dubai",38.1,16.5,"High",1,"Yes",0,"No",2985,"First",37.4,37.4,37.1
4745,39.1,23,"Dubai",36.6,30.4,"High",0,"No",0,"No",3253,"Second",34.5,34.8,35.4
4746,29.2,26,"Sharjah",33.7,23.8,"Lower",0,"No",0,"No",2571,"Second",30.9,33.6,34.7
4747,34.1,26,"Sharjah",33.9,22,"Lower",1,"Yes",0,"No",3099,"Second",34.3,33.6,32.5
4748,21.8,9,"Dubai",29,31.2,"Lower",0,"No",0,"No",3627,"First",26,28.6,27.9
4749,44.2,27,"Dubai",32.7,28,"Lower",0,"No",0,"No",2866,"Second",32.6,33.4,31.8
4750,19.7,22,"Dubai",37.3,32.9,"High",0,"No",0,"No",3116,"Second",38.1,36.7,38.9
4751,30.4,25,"Dubai",36.1,37.5,"High",1,"Yes",0,"No",2759,"Second",34.7,39,36.5
4752,25.7,34,"Abu Dhabi",31.8,38.4,"Lower",0,"No",0,"No",3094,"Third",30.7,33.9,34
4753,41.7,21,"Sharjah",37.6,30.7,"High",0,"No",0,"No",2393,"Second",39.7,37.9,36.5
4754,30.3,28,"Abu Dhabi",31,21.1,"Lower",0,"No",0,"No",3228,"Third",32.5,33.5,34.2
4755,43,10,"Sharjah",31.4,36.9,"Lower",0,"No",0,"No",3396,"First",29.9,32.3,31.7
4756,26.4,12,"Sharjah",28,29.2,"Lower",0,"No",0,"No",2755,"First",28.3,27.7,29
4757,31.1,20,"Abu Dhabi",32.9,42.9,"Lower",0,"No",0,"No",3378,"Second",34.9,29.9,34.5
4758,38.1,12,"Sharjah",33.6,36.7,"Lower",1,"Yes",1,"Yes",3111,"First",34.4,35.3,35
4759,37.4,27,"Dubai",36.2,31,"High",0,"No",0,"No",2592,"Second",38.5,35.1,36.1
4760,30.1,35,"Dubai",30.3,44.6,"Lower",0,"No",0,"No",3813,"Third",29,29.3,29.6
4761,23.9,39,"Abu Dhabi",32.2,16.2,"Lower",0,"No",0,"No",3375,"Third",29.2,31.8,32.2
4762,24.7,6,"Dubai",33.1,41.9,"Lower",0,"No",0,"No",2260,"First",28,32.4,31.6
4763,42.1,34,"Dubai",31.2,15.8,"Lower",0,"No",0,"No",2741,"Third",30,32.7,32.5
4764,28.9,26,"Dubai",28.6,24.6,"Lower",0,"No",0,"No",3408,"Second",28.4,26.8,29.1
4765,38.6,12,"Abu Dhabi",28.1,37.1,"Lower",0,"No",0,"No",3455,"First",26.7,27.9,27.3
4766,41.3,33,"Sharjah",29.6,27,"Lower",0,"No",1,"Yes",3000,"Third",32.7,29.3,29.7
4767,19.3,10,"Abu Dhabi",33.9,24.2,"Lower",0,"No",0,"No",3821,"First",31.5,33.9,32.9
4768,29.2,4,"Dubai",27.2,38.7,"Lower",0,"No",0,"No",3296,"First",27.7,27.6,28.2
4769,32.8,18,"Sharjah",31.7,31.2,"Lower",0,"No",0,"No",2931,"Second",31.1,30.3,32.8
4770,32.3,39,"Abu Dhabi",29.1,36.4,"Lower",0,"No",0,"No",3142,"Third",29.1,26,26.9
4771,36.8,19,"Dubai",27.6,27.7,"Lower",0,"No",0,"No",2403,"Second",28.6,27.8,27.6
4772,23.6,23,"Dubai",28.4,32.1,"Lower",0,"No",0,"No",3698,"Second",29.5,29.9,28.8
4773,40.1,38,"Sharjah",27.3,41.6,"Lower",0,"No",0,"No",4079,"Third",29,26.7,26.1
4774,37.3,39,"Dubai",33,36.5,"Lower",0,"No",0,"No",3251,"Third",33.6,35.4,35
4775,32,17,"Dubai",32.7,28.6,"Lower",0,"No",1,"Yes",2705,"Second",30.1,34.9,33.5
4776,22.1,10,"Abu Dhabi",30.9,32.5,"Lower",0,"No",0,"No",3697,"First",30.9,30.5,31.9
4777,21.6,20,"Dubai",38.4,32.7,"High",0,"No",1,"Yes",3336,"Second",39,40.7,37.3
4778,20.1,5,"Dubai",30.2,40.3,"Lower",0,"No",0,"No",3409,"First",28.4,31,29.5
4779,30.4,36,"Dubai",33,33.1,"Lower",0,"No",0,"No",3722,"Third",33.3,33.9,32.3
4780,21.8,36,"Dubai",34.9,43.9,"Lower",0,"No",0,"No",4174,"Third",36.6,36.2,34.5
4781,44.1,4,"Sharjah",29.7,29.5,"Lower",0,"No",0,"No",3198,"First",31.8,30.5,29.9
4782,18.2,26,"Dubai",34.4,34.8,"Lower",0,"No",0,"No",2960,"Second",37.2,35.1,35
4783,22.1,12,"Abu Dhabi",35.2,28.5,"High",0,"No",0,"No",2285,"First",36.1,31.5,36
4784,40.2,29,"Dubai",32.8,32.2,"Lower",0,"No",0,"No",2689,"Third",31.1,34.1,32.5
4785,22.3,14,"Sharjah",36.1,32.8,"High",0,"No",0,"No",3470,"Second",32.9,35.8,37.6
4786,26.4,28,"Dubai",35.5,45.4,"High",0,"No",0,"No",2672,"Third",38.7,37,35.2
4787,27.3,35,"Abu Dhabi",36.9,22.3,"High",0,"No",0,"No",2634,"Third",37.8,34.6,34.3
4788,30.5,7,"Abu Dhabi",34.4,22.5,"Lower",0,"No",0,"No",2884,"First",34.9,34.7,35.1
4789,18.2,8,"Abu Dhabi",30.4,32.3,"Lower",0,"No",0,"No",3606,"First",29.7,30.4,31.4
4790,40.8,6,"Abu Dhabi",35.2,28.9,"High",0,"No",0,"No",2480,"First",38.5,34.4,34.3
4791,20.7,11,"Abu Dhabi",28.5,21.5,"Lower",0,"No",0,"No",4012,"First",29.7,30.1,30.3
4792,39.1,7,"Sharjah",33.2,26.9,"Lower",0,"No",0,"No",3525,"First",31.4,33.9,34.2
4793,19.1,13,"Abu Dhabi",34.9,27.9,"Lower",0,"No",0,"No",3649,"First",34.4,34.4,33
4794,21,16,"Dubai",33,38.5,"Lower",0,"No",0,"No",3520,"Second",31,35.3,34
4795,41.5,34,"Dubai",32.1,28.9,"Lower",0,"No",0,"No",2820,"Third",31.7,33.2,33.7
4796,33.4,6,"Abu Dhabi",37.9,30,"High",0,"No",0,"No",4284,"First",35.7,34.4,35.7
4797,40.6,39,"Sharjah",34.1,28.4,"Lower",1,"Yes",0,"No",2795,"Third",33.8,35.6,30
4798,39.9,33,"Abu Dhabi",35.6,34,"High",0,"No",0,"No",2743,"Third",34.8,37.3,36
4799,21.5,9,"Sharjah",34.9,30.9,"Lower",0,"No",0,"No",3904,"First",35.4,34,35.4
4800,27.1,19,"Dubai",33.3,35.1,"Lower",0,"No",0,"No",1952,"Second",32.3,33.9,33.4
4801,36.6,19,"Dubai",36.2,38.4,"High",0,"No",0,"No",3397,"Second",36.6,35,36.3
4802,27.4,38,"Abu Dhabi",35,26.6,"High",0,"No",0,"No",3010,"Third",33.9,34.7,36.6
4803,27.7,31,"Dubai",36.9,18,"High",0,"No",0,"No",3325,"Third",38.9,38.1,35.4
4804,18.1,36,"Sharjah",34.8,16.9,"Lower",0,"No",0,"No",3183,"Third",31.5,33.5,33.3
4805,32.3,29,"Sharjah",33,30.7,"Lower",0,"No",0,"No",2773,"Third",32.7,33.8,33
4806,21.7,25,"Abu Dhabi",27.1,22.8,"Lower",0,"No",0,"No",3442,"Second",28.2,25,25.4
4807,43.3,40,"Dubai",34.7,22.7,"Lower",0,"No",1,"Yes",3288,"Third",36.7,35.6,33.3
4808,24.7,29,"Dubai",35.7,24.1,"High",0,"No",0,"No",3219,"Third",38.2,33.4,36.3
4809,18.7,21,"Sharjah",29.6,33,"Lower",0,"No",0,"No",3528,"Second",30.4,27.9,27.2
4810,43.9,39,"Dubai",34.8,36.4,"Lower",0,"No",1,"Yes",2896,"Third",37.4,36.9,35.5
4811,28.4,11,"Dubai",29.7,31.4,"Lower",0,"No",0,"No",3550,"First",27.8,28.7,28.2
4812,27,19,"Dubai",34.5,25.5,"Lower",0,"No",0,"No",2950,"Second",32.7,33.9,36.8
4813,35.1,19,"Abu Dhabi",28.4,32.9,"Lower",0,"No",0,"No",3019,"Second",28.2,29.6,29.7
4814,37.3,13,"Sharjah",35.7,25.8,"High",0,"No",0,"No",3379,"First",33,37,36.6
4815,18.6,28,"Dubai",33.4,38.6,"Lower",0,"No",0,"No",2660,"Third",33.5,35.4,31.6
4816,31.3,29,"Abu Dhabi",31.7,19.2,"Lower",0,"No",0,"No",3213,"Third",31.5,31.6,31.9
4817,32.3,26,"Dubai",31,25.7,"Lower",0,"No",0,"No",3010,"Second",31.3,30.7,30.3
4818,41.8,21,"Dubai",30.5,26,"Lower",0,"No",0,"No",3419,"Second",26.9,29.4,29
4819,40.1,37,"Sharjah",36.9,31.3,"High",0,"No",0,"No",2950,"Third",37.8,37.7,37.1
4820,25.4,15,"Abu Dhabi",33.9,35.4,"Lower",0,"No",0,"No",2753,"Second",37.2,34.4,32.9
4821,29.5,24,"Dubai",27.7,32,"Lower",0,"No",0,"No",3656,"Second",25,28.5,30.5
4822,42.4,40,"Dubai",31.2,18.5,"Lower",0,"No",0,"No",3274,"Third",31,29.3,32.2
4823,32.2,22,"Abu Dhabi",30,20.1,"Lower",0,"No",0,"No",4115,"Second",30.8,29,33.2
4824,29.1,13,"Abu Dhabi",31.5,14.2,"Lower",0,"No",0,"No",2911,"First",31.3,33.1,28.1
4825,31.8,18,"Dubai",32.5,46.2,"Lower",0,"No",0,"No",2713,"Second",30.5,32.2,31.7
4826,18.9,10,"Dubai",40.4,46.1,"High",0,"No",0,"No",2421,"First",40.7,39.6,39
4827,34,17,"Dubai",23.7,22.2,"Lower",0,"No",0,"No",3428,"Second",24.3,24.3,24.9
4828,27,11,"Abu Dhabi",34.8,24.3,"Lower",0,"No",0,"No",2850,"First",34.1,32.9,34.3
4829,37.8,19,"Sharjah",31.4,29.5,"Lower",0,"No",0,"No",3288,"Second",30.2,28.5,31.5
4830,35.9,26,"Dubai",32.9,35.2,"Lower",0,"No",0,"No",3300,"Second",32.5,31.9,34.8
4831,29.9,9,"Abu Dhabi",28.8,45.4,"Lower",0,"No",0,"No",3450,"First",30.6,29.5,30.6
4832,26.5,21,"Dubai",27.2,30.1,"Lower",0,"No",0,"No",3446,"Second",27.4,28.5,27.9
4833,18.7,12,"Abu Dhabi",30.7,17.8,"Lower",0,"No",0,"No",3030,"First",29.7,31.3,30
4834,26.5,39,"Abu Dhabi",26.9,43.3,"Lower",0,"No",0,"No",2740,"Third",25.5,27.2,28.4
4835,43.2,24,"Abu Dhabi",30.7,19.6,"Lower",0,"No",0,"No",3463,"Second",34.3,30.5,33
4836,25.2,4,"Dubai",32,13.7,"Lower",0,"No",0,"No",2631,"First",31,32.4,31.3
4837,23.9,39,"Abu Dhabi",31.5,22.1,"Lower",1,"Yes",0,"No",2972,"Third",33,33.3,29.6
4838,33.1,24,"Dubai",33.8,32,"Lower",0,"No",0,"No",3100,"Second",36.5,32,35.9
4839,26.3,25,"Sharjah",29.3,32.8,"Lower",0,"No",0,"No",2794,"Second",31.5,30,29.6
4840,39.9,14,"Sharjah",29.2,34.7,"Lower",0,"No",0,"No",2721,"Second",28.4,28.9,28.8
4841,26.7,29,"Dubai",34.2,25.7,"Lower",0,"No",0,"No",3771,"Third",33.9,33.7,32.6
4842,44.7,36,"Abu Dhabi",29.5,31.2,"Lower",0,"No",1,"Yes",3453,"Third",29.9,27.6,28.9
4843,33.9,4,"Sharjah",30.9,20.5,"Lower",0,"No",0,"No",3246,"First",29.5,31.9,31
4844,23.1,19,"Sharjah",32.9,32.6,"Lower",0,"No",0,"No",3518,"Second",34.6,35.5,33.2
4845,30.3,25,"Dubai",26.2,29.6,"Lower",0,"No",1,"Yes",3565,"Second",26.4,28.1,23.8
4846,35.3,20,"Sharjah",29.6,35.3,"Lower",0,"No",0,"No",3518,"Second",31.1,29.9,32.8
4847,35.7,28,"Dubai",29.3,27.2,"Lower",0,"No",0,"No",3344,"Third",31.9,27.5,29
4848,35.9,11,"Abu Dhabi",32.2,30.5,"Lower",0,"No",0,"No",3092,"First",33.5,32.2,31.2
4849,26.6,26,"Abu Dhabi",29.8,27.9,"Lower",0,"No",0,"No",2560,"Second",30,28.8,28.5
4850,24.2,11,"Dubai",29.2,14.8,"Lower",0,"No",0,"No",3137,"First",28.9,30.2,27.4
4851,32.1,28,"Abu Dhabi",38,39.9,"High",1,"Yes",0,"No",1498,"Third",39.7,37.6,36.9
4852,29.7,15,"Abu Dhabi",34.7,39,"Lower",1,"Yes",0,"No",2617,"Second",36.3,35.2,37.1
4853,34.4,21,"Dubai",34,35.3,"Lower",0,"No",0,"No",2887,"Second",33.8,36.3,34.3
4854,22.2,9,"Abu Dhabi",35.2,38.5,"High",0,"No",0,"No",2834,"First",35.2,39.4,35.9
4855,38.9,27,"Dubai",28.7,35.1,"Lower",0,"No",0,"No",2969,"Second",29.1,27.8,27.4
4856,29.9,14,"Dubai",27.8,20.8,"Lower",0,"No",0,"No",3707,"Second",28.9,27.4,26.4
4857,25.8,30,"Dubai",32,6.7,"Lower",0,"No",0,"No",4313,"Third",31.1,32.7,30.4
4858,33.1,25,"Dubai",35.9,43.7,"High",0,"No",0,"No",2459,"Second",34.7,37.2,37.7
4859,34.5,8,"Abu Dhabi",27.9,33.1,"Lower",0,"No",0,"No",2951,"First",27,30.7,25.9
4860,20.5,11,"Dubai",25.8,29.3,"Lower",0,"No",0,"No",2730,"First",25.8,26.9,24.5
4861,36.1,21,"Abu Dhabi",34,15.1,"Lower",0,"No",0,"No",3490,"Second",32.4,35.7,33.5
4862,20.3,15,"Dubai",33.7,19.1,"Lower",1,"Yes",0,"No",3709,"Second",33.1,33.3,33.8
4863,31.1,25,"Dubai",30.8,38.9,"Lower",0,"No",0,"No",3602,"Second",29.8,29.8,31.1
4864,30.6,40,"Abu Dhabi",31.6,34.7,"Lower",0,"No",0,"No",3064,"Third",30.1,31.4,30.4
4865,28.7,34,"Abu Dhabi",29.6,28.2,"Lower",0,"No",1,"Yes",3574,"Third",30.3,29.3,30.6
4866,38.3,39,"Dubai",27.7,31.5,"Lower",0,"No",0,"No",3859,"Third",24.9,27.1,29.8
4867,41.2,14,"Abu Dhabi",34.8,22.9,"Lower",0,"No",1,"Yes",4045,"Second",35.1,33.7,32.8
4868,37.2,30,"Dubai",27.1,32.4,"Lower",0,"No",0,"No",2576,"Third",23.6,26.6,25.7
4869,34.5,15,"Abu Dhabi",27.1,31.6,"Lower",0,"No",0,"No",3271,"Second",28.8,27.9,28.8
4870,35.3,16,"Dubai",32.6,33.8,"Lower",0,"No",0,"No",3916,"Second",33.1,32.5,30.3
4871,18.1,16,"Sharjah",29.1,39.1,"Lower",0,"No",0,"No",2450,"Second",28.6,27.8,29.7
4872,34.3,5,"Sharjah",30.7,18.4,"Lower",0,"No",0,"No",2968,"First",28.9,31.5,29.9
4873,29.7,35,"Dubai",33.9,21.5,"Lower",0,"No",0,"No",3457,"Third",33.7,35.9,33.2
4874,40.9,9,"Abu Dhabi",30.5,29.4,"Lower",0,"No",0,"No",2994,"First",32,30,30.5
4875,27,35,"Dubai",34.4,22.2,"Lower",0,"No",0,"No",3106,"Third",32.7,35.6,33.4
4876,31.2,16,"Dubai",34.3,24.4,"Lower",0,"No",0,"No",3334,"Second",34.1,35,34.6
4877,33.7,22,"Dubai",33,26.3,"Lower",0,"No",1,"Yes",2530,"Second",35.3,30.4,32.6
4878,43.8,40,"Abu Dhabi",25.7,15.5,"Lower",0,"No",0,"No",4500,"Third",23.4,22.1,23
4879,35.5,30,"Sharjah",31.5,38,"Lower",0,"No",0,"No",3346,"Third",32.7,33.2,29.7
4880,40.5,35,"Abu Dhabi",32.3,23,"Lower",0,"No",0,"No",3402,"Third",32,30.5,32.9
4881,35.7,7,"Dubai",30.3,19,"Lower",0,"No",0,"No",4255,"First",29.8,31.3,29.7
4882,21.4,29,"Abu Dhabi",36.9,28.3,"High",0,"No",0,"No",3062,"Third",39.1,37.3,34.6
4883,38.6,16,"Dubai",31.3,41.4,"Lower",0,"No",0,"No",3007,"Second",31.6,32.3,32.6
4884,27.1,36,"Abu Dhabi",30.6,44.3,"Lower",0,"No",0,"No",2092,"Third",30.1,31.4,31.8
4885,21.7,16,"Sharjah",33.6,24.4,"Lower",0,"No",0,"No",3788,"Second",34.6,31.9,34.5
4886,42.5,8,"Abu Dhabi",34.5,32.3,"Lower",0,"No",0,"No",3140,"First",33.1,34.5,37.8
4887,19.6,16,"Dubai",32.4,21.1,"Lower",0,"No",0,"No",3058,"Second",32.7,31.3,30.3
4888,20.8,11,"Sharjah",35.1,39.2,"High",0,"No",0,"No",2665,"First",34.5,37,33.9
4889,29.9,11,"Sharjah",31.1,35.6,"Lower",0,"No",0,"No",3318,"First",30.7,34.4,32
4890,31.2,15,"Dubai",34.5,48.2,"Lower",0,"No",0,"No",3839,"Second",35.2,33.7,32.3
4891,28.4,28,"Dubai",28.8,35.6,"Lower",0,"No",0,"No",3107,"Third",27.7,29.2,31.5
4892,19.3,33,"Sharjah",32.6,36.7,"Lower",0,"No",0,"No",3256,"Third",32.7,30.5,29.7
4893,38.7,35,"Abu Dhabi",31.7,29.3,"Lower",0,"No",0,"No",3512,"Third",30.5,30,31.3
4894,44.2,17,"Dubai",33.4,20.4,"Lower",1,"Yes",1,"Yes",2872,"Second",30.1,32.4,30.1
4895,42.2,22,"Dubai",34,46.7,"Lower",1,"Yes",0,"No",3264,"Second",34.5,33.1,34.7
4896,24.7,12,"Dubai",24.5,49.1,"Lower",0,"No",0,"No",2611,"First",21.9,22.9,27.8
4897,30.2,40,"Dubai",31.6,33.3,"Lower",0,"No",1,"Yes",2888,"Third",32.9,31.9,30.3
4898,32,36,"Sharjah",32.8,30.7,"Lower",0,"No",0,"No",3633,"Third",35.5,32.7,32.8
4899,19.1,39,"Sharjah",28.3,40.2,"Lower",1,"Yes",1,"Yes",2968,"Third",29.8,29.2,27.1
4900,24,19,"Abu Dhabi",28.5,20.3,"Lower",0,"No",0,"No",3475,"Second",28.4,25.6,28.6
4901,42.6,40,"Abu Dhabi",33.3,19,"Lower",0,"No",0,"No",3329,"Third",33.7,32.8,31.3
4902,33.6,21,"Sharjah",34.3,23.3,"Lower",0,"No",0,"No",3249,"Second",31.9,35.3,35.7
4903,35.8,38,"Abu Dhabi",35.7,34.8,"High",0,"No",0,"No",3367,"Third",33.6,32.9,36.3
4904,34.3,14,"Abu Dhabi",29.8,29.2,"Lower",0,"No",0,"No",2910,"Second",29.9,32.1,30
4905,29.5,13,"Dubai",26.1,23.7,"Lower",0,"No",0,"No",4058,"First",24.9,27.6,23.9
4906,33.1,31,"Dubai",32.6,36.2,"Lower",1,"Yes",0,"No",2444,"Third",30.8,34,32.1
4907,38.4,40,"Sharjah",33.2,33.1,"Lower",0,"No",0,"No",2619,"Third",32.6,33.1,33.9
4908,28.5,17,"Abu Dhabi",32.5,38.8,"Lower",0,"No",0,"No",2412,"Second",30.6,32.4,30.9
4909,31.8,10,"Abu Dhabi",34.3,25.1,"Lower",0,"No",0,"No",3683,"First",34.9,35.5,38.3
4910,21,33,"Abu Dhabi",29.3,26.8,"Lower",0,"No",0,"No",3619,"Third",26.6,30.6,30
4911,44.8,5,"Dubai",31.3,35,"Lower",0,"No",0,"No",2492,"First",30.2,29,32.6
4912,39.7,9,"Sharjah",36.3,31.8,"High",0,"No",0,"No",4074,"First",34.9,37.6,36
4913,25.6,34,"Abu Dhabi",32.1,35.5,"Lower",0,"No",0,"No",2999,"Third",31.9,33.7,29.2
4914,44.7,19,"Abu Dhabi",29.1,38.5,"Lower",0,"No",0,"No",3058,"Second",30.2,29.6,30.5
4915,32.7,33,"Dubai",30.4,32.4,"Lower",0,"No",0,"No",2783,"Third",26.6,32.8,29.3
4916,27.2,4,"Abu Dhabi",30.4,42.1,"Lower",0,"No",0,"No",2485,"First",29.7,30.5,31.9
4917,21.6,36,"Dubai",33.7,23.9,"Lower",1,"Yes",0,"No",4012,"Third",34.3,33.1,32.6
4918,36.7,26,"Sharjah",28.8,26.2,"Lower",0,"No",0,"No",3996,"Second",27.7,28.7,30.4
4919,20,38,"Sharjah",28.1,18.1,"Lower",0,"No",0,"No",4149,"Third",28.5,26.9,28.1
4920,34.5,16,"Abu Dhabi",37,30.9,"High",0,"No",0,"No",2049,"Second",34.7,37.2,37.6
4921,38.8,34,"Sharjah",32,27,"Lower",0,"No",0,"No",3762,"Third",31.6,32.4,31.2
4922,39.4,29,"Dubai",30.5,26.7,"Lower",0,"No",0,"No",2898,"Third",29.9,31.3,31.5
4923,42.4,40,"Sharjah",33.1,25.7,"Lower",0,"No",0,"No",3070,"Third",33.5,32.5,33.1
4924,38.7,14,"Dubai",27.7,34.8,"Lower",0,"No",1,"Yes",2665,"Second",25.5,28.2,27.9
4925,38.7,13,"Abu Dhabi",29.1,25.6,"Lower",0,"No",0,"No",2364,"First",28.9,28.4,30
4926,44.1,30,"Dubai",29.8,22.7,"Lower",0,"No",0,"No",3792,"Third",30.9,29.5,30.9
4927,20.1,31,"Abu Dhabi",25.4,37.7,"Lower",0,"No",0,"No",2740,"Third",25.2,25.4,27.4
4928,43.5,10,"Abu Dhabi",35.8,27,"High",0,"No",0,"No",3521,"First",38.4,38.6,33.2
4929,35.8,18,"Abu Dhabi",32.6,22.5,"Lower",1,"Yes",0,"No",3497,"Second",35.4,32.1,32.8
4930,37.6,19,"Sharjah",33.9,19.9,"Lower",0,"No",0,"No",3597,"Second",33.8,33.7,35.1
4931,22.4,8,"Dubai",29.2,29.8,"Lower",0,"No",0,"No",2476,"First",32.4,32,28.4
4932,33.3,32,"Dubai",34.8,31.7,"Lower",0,"No",0,"No",2837,"Third",35.3,35.2,34.8
4933,35.7,35,"Dubai",39.6,29.7,"High",0,"No",0,"No",2747,"Third",39.7,40,38.2
4934,34.8,15,"Abu Dhabi",32.9,35.9,"Lower",0,"No",0,"No",2761,"Second",29.8,31.2,34.1
4935,18.4,20,"Sharjah",30,28.3,"Lower",0,"No",0,"No",3055,"Second",30.3,32.6,28
4936,23.2,22,"Abu Dhabi",30,25.1,"Lower",0,"No",0,"No",3133,"Second",31.6,31.8,31.2
4937,42,7,"Abu Dhabi",37,25.3,"High",1,"Yes",0,"No",3434,"First",37.8,38.7,37.5
4938,22.2,33,"Dubai",32.6,33,"Lower",0,"No",0,"No",3488,"Third",31.9,33.4,31.8
4939,44.2,26,"Dubai",33.9,32.7,"Lower",0,"No",0,"No",4059,"Second",37.5,31.6,35.2
4940,22.3,23,"Abu Dhabi",25.7,19.4,"Lower",0,"No",0,"No",3326,"Second",26.5,25.7,27
4941,33.2,24,"Dubai",30.7,40.7,"Lower",0,"No",1,"Yes",3573,"Second",31.7,31,32.5
4942,20.4,8,"Sharjah",34.1,24,"Lower",0,"No",0,"No",3377,"First",33.6,32.1,34.3
4943,42.5,39,"Dubai",36.8,39.5,"High",0,"No",0,"No",2796,"Third",36.2,37.1,38.2
4944,33.6,8,"Dubai",33.8,31.4,"Lower",0,"No",0,"No",2393,"First",33.5,32.7,33.6
4945,24.1,7,"Dubai",30.6,26,"Lower",0,"No",0,"No",3557,"First",30.2,30.6,29.5
4946,20.5,8,"Dubai",34.3,14.1,"Lower",0,"No",0,"No",3752,"First",35.2,31.4,34.7
4947,29.4,31,"Dubai",26.7,16.2,"Lower",0,"No",0,"No",4019,"Third",26,26.9,29.1
4948,33,8,"Abu Dhabi",31.6,33.8,"Lower",0,"No",0,"No",3610,"First",32.7,33.7,35.1
4949,39.3,38,"Dubai",34,30.3,"Lower",0,"No",0,"No",3763,"Third",34.5,36.2,31.6
4950,20.3,31,"Abu Dhabi",25.2,40.1,"Lower",0,"No",0,"No",2920,"Third",24.1,26.8,26.1
4951,31.9,30,"Dubai",31.2,22.6,"Lower",0,"No",0,"No",3237,"Third",32.4,32,32.1
4952,29.6,38,"Dubai",40.1,36.8,"High",0,"No",0,"No",3522,"Third",40,40.5,41.3
4953,20.7,19,"Abu Dhabi",30.2,26.5,"Lower",0,"No",0,"No",3791,"Second",30.6,30.3,27.5
4954,23.2,22,"Dubai",32.1,33.9,"Lower",0,"No",1,"Yes",2782,"Second",34.6,32.7,29.4
4955,29.6,4,"Dubai",35.2,33.7,"High",0,"No",0,"No",3280,"First",34.2,32.7,37.6
4956,30.4,15,"Dubai",34.9,20.8,"Lower",0,"No",0,"No",3892,"Second",36.3,33.1,35.4
4957,27.5,29,"Abu Dhabi",33.8,27.8,"Lower",0,"No",0,"No",4121,"Third",33.9,33.7,34
4958,22.1,13,"Abu Dhabi",37.2,36.1,"High",0,"No",1,"Yes",1535,"First",35.9,39.6,39.8
4959,26.8,21,"Dubai",30.5,34.8,"Lower",0,"No",1,"Yes",3000,"Second",29.4,30.9,32
4960,43,20,"Dubai",30,20.2,"Lower",0,"No",0,"No",3069,"Second",30.8,32.4,28.7
4961,38.9,15,"Abu Dhabi",32,23.7,"Lower",0,"No",0,"No",2774,"Second",31.5,35.5,30.3
4962,44.2,33,"Dubai",31.9,24.7,"Lower",0,"No",0,"No",3200,"Third",29.2,27.9,33.8
4963,43.2,26,"Dubai",32.6,33,"Lower",0,"No",0,"No",3010,"Second",31,34.3,31.3
4964,37.9,35,"Dubai",33.3,26.2,"Lower",0,"No",0,"No",2247,"Third",34,32.1,33
4965,33.8,39,"Abu Dhabi",37.3,24.5,"High",0,"No",0,"No",2616,"Third",37.6,38.6,38.6
4966,23.1,11,"Dubai",31.1,49.7,"Lower",0,"No",0,"No",2494,"First",31.4,31.1,32.1
4967,35.2,9,"Sharjah",34,23.2,"Lower",0,"No",0,"No",3370,"First",33.6,31.7,35.1
4968,32.6,23,"Sharjah",32.9,23.5,"Lower",0,"No",0,"No",3215,"Second",32.5,34.4,31.5
4969,38.4,18,"Abu Dhabi",29.5,24.9,"Lower",0,"No",0,"No",3979,"Second",26.4,29.1,28.8
4970,19.5,8,"Sharjah",31.3,33.8,"Lower",0,"No",0,"No",3603,"First",29.7,31,31.9
4971,31.5,29,"Dubai",32.8,23.8,"Lower",0,"No",0,"No",3231,"Third",34,34,28.5
4972,28.1,36,"Sharjah",31.5,31.6,"Lower",0,"No",0,"No",2791,"Third",31,33.8,32
4973,44.6,21,"Sharjah",37.5,12.8,"High",0,"No",0,"No",2793,"Second",38.7,39.8,37.4
4974,28.5,12,"Abu Dhabi",30.3,20.1,"Lower",1,"Yes",0,"No",3068,"First",31,28.9,29.5
4975,34.5,19,"Sharjah",23.5,36.3,"Lower",0,"No",0,"No",3416,"Second",24.1,23.9,23.7
4976,35.4,12,"Sharjah",31.8,42.7,"Lower",0,"No",0,"No",4278,"First",31.9,30.3,31.8
4977,34.8,13,"Abu Dhabi",28.7,30.4,"Lower",0,"No",0,"No",2408,"First",28.7,27.1,26.4
4978,18.2,32,"Dubai",34.3,18.2,"Lower",0,"No",0,"No",3710,"Third",34.2,36.7,34.4
4979,43.7,31,"Abu Dhabi",32.1,35.3,"Lower",0,"No",0,"No",2664,"Third",30.1,28.5,30.4
4980,37.2,33,"Abu Dhabi",28.2,24.5,"Lower",0,"No",0,"No",3412,"Third",29.9,27.3,27.5
4981,18.3,22,"Sharjah",39.7,34.8,"High",0,"No",0,"No",2565,"Second",41.5,40.6,41.4
4982,30.2,39,"Dubai",39.2,19.6,"High",0,"No",0,"No",2777,"Third",38.4,37.9,37.5
4983,36.3,20,"Abu Dhabi",34.8,26.9,"Lower",0,"No",1,"Yes",2743,"Second",31.3,35.8,34.5
4984,37.9,8,"Dubai",33.8,38.5,"Lower",0,"No",1,"Yes",3287,"First",33.6,35.4,31.8
4985,27.4,39,"Dubai",27.3,31.1,"Lower",1,"Yes",0,"No",3114,"Third",27.8,28.9,28.3
4986,28.8,39,"Dubai",31.1,25.7,"Lower",0,"No",0,"No",3052,"Third",32.1,32.8,32.9
4987,25.9,38,"Sharjah",35.4,34.2,"High",0,"No",0,"No",2978,"Third",32.7,33.9,34.4
4988,19.3,22,"Abu Dhabi",35.5,21.9,"High",0,"No",0,"No",3781,"Second",37.3,35.4,36.9
4989,29.9,27,"Sharjah",29.8,29.3,"Lower",0,"No",0,"No",3527,"Second",29.3,30.8,31
4990,24.5,11,"Abu Dhabi",33.2,20.1,"Lower",0,"No",0,"No",3483,"First",35,31.8,32.6
4991,44.8,8,"Sharjah",36,29.3,"High",0,"No",0,"No",3030,"First",37.1,35.8,35.8
4992,18.9,17,"Dubai",27.9,44.8,"Lower",0,"No",0,"No",3284,"Second",27.7,26.2,29.5
4993,36,8,"Abu Dhabi",29.1,42.9,"Lower",0,"No",0,"No",3666,"First",28.1,29.6,30.9
4994,32.6,27,"Dubai",32.3,35.9,"Lower",0,"No",0,"No",2951,"Second",31.1,31.4,31.2
4995,27.9,23,"Dubai",26.8,25.1,"Lower",0,"No",0,"No",3495,"Second",27.4,26.8,29.8
4996,19.4,24,"Abu Dhabi",34,31.1,"Lower",0,"No",0,"No",2321,"Second",33,33.6,34.8
4997,21,40,"Sharjah",33.6,38.9,"Lower",0,"No",0,"No",2316,"Third",32.8,34.5,32.9
4998,44.1,9,"Abu Dhabi",24.1,34.1,"Lower",0,"No",1,"Yes",3260,"First",25.4,24.6,26
4999,44.4,15,"Abu Dhabi",31.3,19.8,"Lower",0,"No",1,"Yes",3053,"Second",29.3,30.9,33.5
5000,41,19,"Abu Dhabi",31,31.5,"Lower",0,"No",0,"No",2982,"Second",30.6,31.8,30.9
5001,22.5,27,"Dubai",35.2,26.6,"High",0,"No",0,"No",2598,"Second",33.5,34.4,35.8
5002,38.2,7,"Dubai",30.6,32.6,"Lower",0,"No",0,"No",3411,"First",29.8,30.8,29.6
5003,35.8,30,"Sharjah",30,31.4,"Lower",0,"No",0,"No",3236,"Third",32.2,29.4,28.4
5004,18.9,39,"Sharjah",31,28.2,"Lower",1,"Yes",0,"No",2515,"Third",30.4,33.1,30.2
5005,39.2,7,"Sharjah",28.7,41.5,"Lower",0,"No",0,"No",3164,"First",28.9,29.9,27.1
5006,22.3,6,"Dubai",28.2,34.2,"Lower",0,"No",0,"No",2863,"First",27.6,25.6,28.2
5007,38.6,8,"Sharjah",28.9,30.4,"Lower",0,"No",0,"No",3012,"First",29.5,29.2,29.2
5008,32.3,16,"Dubai",28.9,18.5,"Lower",0,"No",1,"Yes",3421,"Second",30.4,27.4,27.4
5009,24.8,5,"Sharjah",28.9,26,"Lower",0,"No",0,"No",3208,"First",30,30.2,27.6
5010,27.8,20,"Dubai",37.5,23.3,"High",1,"Yes",0,"No",3205,"Second",38.4,36.3,39
5011,23.3,22,"Abu Dhabi",30.4,19.9,"Lower",0,"No",0,"No",3488,"Second",29.7,31.2,28.5
5012,18.6,15,"Dubai",30.4,36.1,"Lower",0,"No",0,"No",3811,"Second",31.8,32.2,30.8
5013,21.6,30,"Abu Dhabi",33.7,26.6,"Lower",0,"No",0,"No",2544,"Third",34.1,34.7,33.2
5014,21.4,17,"Abu Dhabi",28.4,40.4,"Lower",0,"No",0,"No",3033,"Second",27.2,27,26.5
5015,34.9,35,"Dubai",29.7,15.3,"Lower",0,"No",0,"No",4042,"Third",28.5,31.5,29.6
5016,26.5,21,"Dubai",35.3,27.5,"High",0,"No",0,"No",3090,"Second",34.9,36.5,37.2
5017,34.5,35,"Abu Dhabi",34.7,36.3,"Lower",0,"No",1,"Yes",2249,"Third",37.2,33.8,36.9
5018,21.1,7,"Dubai",31.2,43.8,"Lower",0,"No",1,"Yes",2442,"First",31.1,31.1,28.6
5019,29.5,33,"Sharjah",36.3,36.6,"High",0,"No",0,"No",2782,"Third",37.3,33.2,36.7
5020,22.4,38,"Abu Dhabi",33.5,39.9,"Lower",0,"No",0,"No",3115,"Third",34,33,33.5
5021,20.7,15,"Dubai",26.4,22.7,"Lower",0,"No",0,"No",3776,"Second",26.6,28.7,27.6
5022,40.3,12,"Abu Dhabi",30.7,13.5,"Lower",0,"No",0,"No",3663,"First",31.5,31.7,31.1
5023,19.7,15,"Abu Dhabi",33.6,34.6,"Lower",0,"No",0,"No",2647,"Second",30.6,32.2,35.6
5024,32.6,31,"Abu Dhabi",31.8,35.4,"Lower",0,"No",0,"No",2628,"Third",30.7,34.6,31
5025,41.6,24,"Dubai",29.5,38,"Lower",0,"No",1,"Yes",3424,"Second",27.1,30.4,28.8
5026,38.8,11,"Sharjah",37.3,30.6,"High",0,"No",0,"No",2721,"First",37.7,36.7,38.6
5027,31.1,13,"Abu Dhabi",30.3,35.4,"Lower",0,"No",0,"No",3624,"First",30.3,29.3,30.4
5028,27,30,"Dubai",27.7,31,"Lower",0,"No",1,"Yes",3492,"Third",27.1,27.4,26.2
5029,32.7,24,"Dubai",33.3,39.5,"Lower",0,"No",0,"No",3746,"Second",31.9,34.8,31.8
5030,20.2,8,"Abu Dhabi",33.8,24.3,"Lower",0,"No",0,"No",2618,"First",32.7,33.1,37.1
5031,39.9,9,"Dubai",34,34.1,"Lower",0,"No",0,"No",3235,"First",34.4,34,32
5032,32.6,17,"Sharjah",32.6,32,"Lower",0,"No",0,"No",3312,"Second",35.1,32.2,32.1
5033,36.4,14,"Dubai",38.3,17.6,"High",0,"No",0,"No",3416,"Second",37.4,37.9,35.7
5034,24.8,35,"Abu Dhabi",38.7,40.2,"High",0,"No",0,"No",3208,"Third",38.3,39.1,38.7
5035,22.7,6,"Dubai",32.4,33,"Lower",0,"No",1,"Yes",2726,"First",30.2,35.8,31.8
5036,32.2,24,"Dubai",29.6,27.1,"Lower",0,"No",0,"No",4027,"Second",30,29.1,28.5
5037,21.2,22,"Abu Dhabi",33.5,27.7,"Lower",0,"No",0,"No",3062,"Second",32.8,33.4,35.7
5038,33.3,6,"Dubai",35.1,33.2,"High",0,"No",0,"No",3416,"First",37.5,34.4,36.4
5039,19.5,20,"Abu Dhabi",31,35.5,"Lower",1,"Yes",1,"Yes",3078,"Second",29.4,30.7,33.1
5040,34.7,8,"Dubai",34.5,13.2,"Lower",0,"No",0,"No",3656,"First",36,34,32.3
5041,21.9,17,"Sharjah",31.3,35.2,"Lower",0,"No",0,"No",3132,"Second",31.9,28.8,32.2
5042,36.6,33,"Dubai",31.7,32.8,"Lower",0,"No",0,"No",2818,"Third",31.3,28.4,31.2
5043,32.8,9,"Dubai",30.9,22.7,"Lower",0,"No",0,"No",3186,"First",30.1,31,29.5
5044,44,33,"Abu Dhabi",28,22.8,"Lower",0,"No",1,"Yes",3499,"Third",26.6,29.6,29.7
5045,34.9,37,"Abu Dhabi",27.5,26.2,"Lower",0,"No",0,"No",3545,"Third",25.9,28.8,26.9
5046,38.2,18,"Sharjah",34.3,25.2,"Lower",0,"No",1,"Yes",2673,"Second",34.6,33.5,34.5
5047,22.2,20,"Abu Dhabi",28.3,28.3,"Lower",0,"No",0,"No",3350,"Second",26.8,26.2,27.2
5048,43.9,36,"Dubai",30.6,20.4,"Lower",0,"No",0,"No",3602,"Third",32.1,29,32.9
5049,43.2,20,"Abu Dhabi",32.6,38.7,"Lower",0,"No",0,"No",3236,"Second",30.7,31.2,31.7
5050,30.1,23,"Abu Dhabi",31.2,38.2,"Lower",0,"No",0,"No",2946,"Second",30.9,30.6,30.3
5051,35.5,6,"Dubai",33.9,21.3,"Lower",0,"No",0,"No",2793,"First",33.1,33,32.1
5052,18.7,38,"Abu Dhabi",36,44.9,"High",0,"No",0,"No",2865,"Third",38.3,34.1,37.2
5053,44.7,36,"Sharjah",38.7,31.3,"High",1,"Yes",0,"No",3250,"Third",38.2,41.6,40
5054,31.1,34,"Dubai",33.2,25.8,"Lower",0,"No",0,"No",3082,"Third",34.9,32,34.7
5055,39.1,37,"Abu Dhabi",35.4,24.7,"High",0,"No",0,"No",3787,"Third",35.4,35.4,34.6
5056,30.1,36,"Sharjah",31,36.3,"Lower",0,"No",0,"No",2996,"Third",32.2,29.7,31.3
5057,30.3,9,"Abu Dhabi",34.2,31,"Lower",0,"No",0,"No",2950,"First",32.4,33.8,34.7
5058,36.3,25,"Dubai",29.8,26.2,"Lower",0,"No",0,"No",3546,"Second",29.5,30.5,29.2
5059,40.5,22,"Abu Dhabi",29,35.8,"Lower",0,"No",1,"Yes",3395,"Second",27.3,29.1,29.3
5060,30.5,31,"Dubai",35,27.5,"High",0,"No",0,"No",2559,"Third",36,34.9,34.4
5061,35.4,13,"Dubai",25.9,32.1,"Lower",0,"No",0,"No",4227,"First",26,27.1,24.7
5062,37.8,30,"Sharjah",35.3,18.9,"High",0,"No",0,"No",2894,"Third",34.5,34.1,32.1
5063,36.6,38,"Dubai",34.9,30.6,"Lower",0,"No",0,"No",2643,"Third",34.7,35.2,33.1
5064,24.1,37,"Abu Dhabi",33,26.8,"Lower",1,"Yes",1,"Yes",3101,"Third",32.8,36.8,32.1
5065,42.4,38,"Sharjah",31,25.1,"Lower",0,"No",0,"No",3729,"Third",30.3,29,29.8
5066,21.1,10,"Abu Dhabi",27.4,17.3,"Lower",0,"No",0,"No",2955,"First",27.6,26.2,27.4
5067,43.4,10,"Abu Dhabi",27.5,14,"Lower",0,"No",0,"No",3500,"First",28.7,27.2,28.6
5068,32.4,22,"Sharjah",33.5,21.2,"Lower",0,"No",0,"No",3218,"Second",32.8,34,31.6
5069,32.2,17,"Dubai",30,29.1,"Lower",0,"No",0,"No",3337,"Second",33.4,27.5,29.6
5070,29.4,19,"Dubai",32.1,27.5,"Lower",0,"No",0,"No",3588,"Second",33.3,30.6,32.4
5071,32.3,4,"Abu Dhabi",33.6,15.3,"Lower",0,"No",0,"No",3176,"First",32.3,32.9,35.2
5072,42.7,13,"Abu Dhabi",27.7,30.2,"Lower",0,"No",0,"No",2941,"First",26.5,28.1,29.4
5073,36.4,28,"Dubai",35.1,18.5,"High",0,"No",0,"No",3808,"Third",33.2,35.4,34.8
5074,28,31,"Sharjah",34.2,36.6,"Lower",0,"No",0,"No",3408,"Third",35.1,35.2,34.2
5075,25.4,18,"Abu Dhabi",31.7,18.8,"Lower",0,"No",0,"No",3400,"Second",30.2,33.4,29.4
5076,29.4,22,"Dubai",30.3,23.2,"Lower",0,"No",0,"No",3352,"Second",28.8,29.5,29.6
5077,43.3,10,"Sharjah",32.1,47,"Lower",0,"No",0,"No",1933,"First",30,30.7,33.1
5078,28.2,26,"Dubai",35.2,22.8,"High",0,"No",0,"No",3124,"Second",37.7,34.7,33.6
5079,39.9,28,"Dubai",28.5,34.2,"Lower",0,"No",0,"No",3469,"Third",26.1,28.8,28.1
5080,25.8,24,"Sharjah",35.4,35.8,"High",0,"No",0,"No",3314,"Second",34.2,33.2,35
5081,22.1,32,"Dubai",33.2,30.2,"Lower",0,"No",0,"No",3174,"Third",33.6,35.5,32.5
5082,36.8,34,"Dubai",34.7,35.1,"Lower",1,"Yes",0,"No",2908,"Third",32.8,34.6,35.5
5083,28.7,21,"Abu Dhabi",28.8,26.6,"Lower",0,"No",0,"No",3828,"Second",27.9,29.2,28.7
5084,38.6,9,"Dubai",31.2,28.4,"Lower",0,"No",0,"No",3330,"First",31,31.4,35.1
5085,32.8,24,"Dubai",33.2,38.7,"Lower",0,"No",0,"No",4360,"Second",33.8,32.8,33.1
5086,36.4,27,"Sharjah",34,28.6,"Lower",0,"No",0,"No",3366,"Second",31.8,34.1,35.2
5087,41.5,5,"Dubai",28.5,40.9,"Lower",0,"No",0,"No",2968,"First",29,29.1,29.9
5088,29.2,24,"Dubai",30.8,33.3,"Lower",0,"No",0,"No",3363,"Second",29.5,29.9,31.4
5089,40.6,13,"Dubai",30.6,30.7,"Lower",0,"No",0,"No",2857,"First",30.8,31.8,30.7
5090,31.4,10,"Dubai",33.3,32.7,"Lower",0,"No",0,"No",2823,"First",31.4,31.4,35
5091,42.6,30,"Sharjah",28.8,21.7,"Lower",0,"No",0,"No",2936,"Third",27.2,29.1,29.5
5092,40.5,40,"Dubai",25.4,28.4,"Lower",0,"No",0,"No",3400,"Third",24.4,27.6,27.3
5093,43.4,20,"Dubai",34.6,15.3,"Lower",0,"No",0,"No",3622,"Second",34.7,36.7,33.1
5094,41.7,33,"Abu Dhabi",35.4,15.2,"High",0,"No",0,"No",3077,"Third",36.9,36.7,34.1
5095,35,27,"Dubai",31,35.1,"Lower",0,"No",0,"No",3612,"Second",32.5,30,30.6
5096,38.4,6,"Sharjah",31.7,35.1,"Lower",0,"No",0,"No",3377,"First",29,30.7,29.9
5097,31.8,16,"Sharjah",33.8,27.1,"Lower",0,"No",0,"No",2027,"Second",34.5,32.6,34.9
5098,19.3,19,"Dubai",31.7,14.4,"Lower",0,"No",1,"Yes",3792,"Second",30.6,33.6,34.2
5099,30.1,11,"Sharjah",31.3,30.8,"Lower",0,"No",0,"No",3869,"First",32.5,34,32.1
5100,31.3,36,"Dubai",27,22.1,"Lower",0,"No",0,"No",3782,"Third",27.1,26.2,26.7
5101,29.4,13,"Dubai",35.2,33.3,"High",0,"No",0,"No",2970,"First",34.5,32.7,37.5
5102,37.7,27,"Abu Dhabi",37.1,26.8,"High",0,"No",0,"No",2424,"Second",39.8,38.2,33.2
5103,43.2,16,"Dubai",29,38.9,"Lower",0,"No",0,"No",3140,"Second",26.7,27.4,29.2
5104,35,13,"Sharjah",31.1,23.9,"Lower",0,"No",0,"No",3524,"First",31.4,31.8,29.4
5105,44.6,13,"Dubai",32.3,51.3,"Lower",0,"No",0,"No",1643,"First",32.1,33.9,30
5106,35,30,"Abu Dhabi",35.1,22.5,"High",0,"No",0,"No",2672,"Third",33.4,35.3,34.6
5107,42.3,14,"Abu Dhabi",30.8,32.6,"Lower",0,"No",0,"No",3150,"Second",33.2,30.1,30.6
5108,27.6,39,"Abu Dhabi",33.6,31.8,"Lower",0,"No",0,"No",3345,"Third",33,32.9,32.5
5109,38.9,32,"Dubai",25.2,37.3,"Lower",0,"No",0,"No",2275,"Third",25.3,25.5,26.2
5110,32.1,18,"Sharjah",31.6,41.6,"Lower",0,"No",0,"No",2468,"Second",30.7,31,31.4
5111,44.6,39,"Dubai",39.9,28.1,"High",0,"No",1,"Yes",2756,"Third",40.1,42,40.4
5112,37.1,18,"Abu Dhabi",31.5,43,"Lower",0,"No",1,"Yes",2085,"Second",32.3,31.8,30.6
5113,30.1,10,"Sharjah",29.6,29.4,"Lower",1,"Yes",0,"No",3669,"First",29.2,28.8,29.2
5114,38.2,35,"Dubai",33.3,29.7,"Lower",0,"No",0,"No",2752,"Third",33.4,33.5,33.5
5115,20,21,"Dubai",33.5,29.6,"Lower",0,"No",0,"No",2694,"Second",32.7,34.7,31.7
5116,32.2,9,"Abu Dhabi",37,30.9,"High",0,"No",0,"No",3020,"First",40.2,39.5,39.6
5117,18.4,9,"Sharjah",31.1,41.3,"Lower",0,"No",0,"No",2986,"First",31.3,32.2,30.4
5118,22.1,11,"Dubai",35.3,31.4,"High",0,"No",0,"No",2929,"First",36.3,37.9,34.4
5119,27.4,31,"Sharjah",31.3,28.4,"Lower",0,"No",0,"No",3509,"Third",29.4,30.3,28.8
5120,39.2,25,"Dubai",27.5,25.6,"Lower",0,"No",0,"No",3350,"Second",25.7,29.6,27
5121,26.8,15,"Dubai",28.8,25.5,"Lower",0,"No",0,"No",3605,"Second",30.5,28.5,26.4
5122,20.8,4,"Abu Dhabi",30.9,29,"Lower",0,"No",0,"No",3013,"First",32.2,31.8,29
5123,27.9,39,"Dubai",28.6,28.1,"Lower",0,"No",0,"No",2569,"Third",27.8,28.4,29
5124,21.7,27,"Dubai",33.6,28.1,"Lower",0,"No",1,"Yes",2929,"Second",33.1,33.9,33.5
5125,27.8,39,"Abu Dhabi",37.2,37.1,"High",0,"No",1,"Yes",3408,"Third",39.6,35.9,36.6
5126,25.4,7,"Abu Dhabi",32.1,29.5,"Lower",0,"No",0,"No",2536,"First",32.2,33.4,30.5
5127,27.8,27,"Abu Dhabi",31,16.5,"Lower",0,"No",0,"No",3778,"Second",30.5,30.1,29.7
5128,34.6,32,"Dubai",36.4,38.6,"High",1,"Yes",1,"Yes",2654,"Third",37.3,38,37
5129,21.2,38,"Sharjah",32.5,20.5,"Lower",0,"No",0,"No",3013,"Third",31.5,33.3,33.5
5130,36,38,"Dubai",30,23.1,"Lower",0,"No",0,"No",3606,"Third",32.6,28.7,27.4
5131,41.8,7,"Abu Dhabi",29.6,25.2,"Lower",0,"No",0,"No",3254,"First",30.4,29.2,30.5
5132,35.1,30,"Dubai",36.3,28.7,"High",0,"No",0,"No",2492,"Third",35.9,37.6,36
5133,25.7,35,"Dubai",27.8,23.7,"Lower",0,"No",0,"No",3611,"Third",28.4,27,27.2
5134,20.1,6,"Sharjah",33.9,30.1,"Lower",0,"No",0,"No",2761,"First",37.2,33.8,33.6
5135,28.7,16,"Dubai",27.4,32.4,"Lower",0,"No",0,"No",3109,"Second",26.7,27.4,28.6
5136,31.4,20,"Dubai",32.6,22.1,"Lower",0,"No",0,"No",2136,"Second",30.1,31.1,32.1
5137,23,16,"Dubai",29.8,31.2,"Lower",0,"No",0,"No",4173,"Second",30.3,25.7,30.3
5138,20,4,"Dubai",29.1,35.5,"Lower",0,"No",0,"No",4025,"First",27.9,28.8,30.2
5139,18.3,18,"Abu Dhabi",33.7,28.5,"Lower",0,"No",0,"No",3887,"Second",34.7,35.4,33.9
5140,44,5,"Abu Dhabi",30.4,30.1,"Lower",0,"No",0,"No",3633,"First",32,29.1,29.2
5141,34,14,"Dubai",36.5,11.1,"High",0,"No",0,"No",3588,"Second",34.5,36,37.6
5142,44.9,24,"Sharjah",39.4,26.7,"High",0,"No",1,"Yes",2952,"Second",38.8,39.4,36.8
5143,38.6,25,"Dubai",28.5,9.9,"Lower",0,"No",0,"No",4383,"Second",29,25.4,28.5
5144,32.3,35,"Abu Dhabi",36.1,31.6,"High",0,"No",0,"No",3040,"Third",37.1,35.3,37.8
5145,24.8,24,"Dubai",29.9,30.1,"Lower",0,"No",0,"No",3180,"Second",32.7,30.5,31.9
5146,42.3,12,"Abu Dhabi",35.7,27.3,"High",0,"No",0,"No",3022,"First",32.3,37.4,34.8
5147,43.2,19,"Sharjah",33.8,24.2,"Lower",0,"No",0,"No",2940,"Second",32.8,33.3,33.8
5148,35.7,24,"Abu Dhabi",33.8,21.8,"Lower",0,"No",0,"No",2708,"Second",35.1,33.5,35.6
5149,36.9,31,"Abu Dhabi",28.5,31.2,"Lower",0,"No",0,"No",3092,"Third",28.5,27.9,26.6
5150,27.9,26,"Sharjah",29.1,38.5,"Lower",0,"No",1,"Yes",2389,"Second",29.9,28.9,30.3
5151,18.9,12,"Dubai",33.5,18.6,"Lower",0,"No",0,"No",3604,"First",33.2,34.9,32.3
5152,41.7,17,"Dubai",36.4,40.6,"High",0,"No",0,"No",2892,"Second",37.7,35.9,34.8
5153,41.8,31,"Abu Dhabi",30.4,22.1,"Lower",0,"No",0,"No",3252,"Third",31.4,31.1,28.9
5154,24.9,29,"Abu Dhabi",35.4,28.4,"High",0,"No",0,"No",3637,"Third",39.3,35.4,33.6
5155,44.5,12,"Sharjah",31.9,40.9,"Lower",0,"No",0,"No",2569,"First",30.8,30.3,29.7
5156,27.2,20,"Dubai",29.6,29.2,"Lower",0,"No",0,"No",3374,"Second",29.4,29.8,30.1
5157,23.5,39,"Abu Dhabi",26.8,24.6,"Lower",0,"No",0,"No",3631,"Third",27.4,25,26.5
5158,39.3,15,"Abu Dhabi",27.9,33.7,"Lower",0,"No",1,"Yes",3497,"Second",27.7,28.2,28.5
5159,22.4,12,"Sharjah",26.5,21.1,"Lower",0,"No",0,"No",3996,"First",30.1,26.4,29
5160,20.1,24,"Dubai",36.4,26.8,"High",0,"No",0,"No",2534,"Second",36.8,37.6,34.7
5161,32,19,"Abu Dhabi",33,36.8,"Lower",1,"Yes",0,"No",3590,"Second",34.9,34.8,33.2
5162,31.6,38,"Abu Dhabi",29.4,21.1,"Lower",0,"No",0,"No",2970,"Third",30.2,27.4,27.4
5163,34.1,12,"Abu Dhabi",35.3,43.3,"High",0,"No",0,"No",2816,"First",36.9,34.4,34.7
5164,29.5,30,"Dubai",32.3,28.1,"Lower",0,"No",0,"No",3121,"Third",33.8,35,32.8
5165,28.5,7,"Abu Dhabi",25.1,39.4,"Lower",0,"No",0,"No",3653,"First",27.9,21.9,25.7
5166,20.8,11,"Dubai",33.6,27.9,"Lower",0,"No",0,"No",3183,"First",34,31.9,33.7
5167,29.5,34,"Sharjah",34.2,33.5,"Lower",0,"No",0,"No",3044,"Third",36.6,34.8,32.3
5168,41.5,40,"Dubai",32.5,23.3,"Lower",0,"No",0,"No",2953,"Third",31.7,32.5,32.5
5169,28.8,38,"Dubai",36.5,21.8,"High",1,"Yes",0,"No",3389,"Third",37.2,39,37.4
5170,19.6,19,"Abu Dhabi",26.9,39.6,"Lower",0,"No",0,"No",3820,"Second",23.2,24.9,26.6
5171,37.4,12,"Abu Dhabi",33.4,31.1,"Lower",0,"No",0,"No",2682,"First",32.9,32.8,30.4
5172,33.6,12,"Abu Dhabi",31.8,36.6,"Lower",0,"No",0,"No",3420,"First",30,32.4,32.1
5173,37,15,"Sharjah",33.1,29,"Lower",0,"No",0,"No",3155,"Second",31.9,31,33.7
5174,28.2,27,"Dubai",32.5,23.6,"Lower",0,"No",0,"No",3150,"Second",32.6,32.5,30.7
5175,34.8,15,"Abu Dhabi",34.7,19,"Lower",0,"No",0,"No",3338,"Second",33.8,34.3,35.8
5176,37.7,7,"Dubai",27.9,27.1,"Lower",0,"No",0,"No",3256,"First",27.7,25.6,30.6
5177,34.3,39,"Sharjah",31.3,35.2,"Lower",0,"No",0,"No",3723,"Third",29.8,32.1,32.5
5178,23.6,28,"Dubai",34.9,39.1,"Lower",0,"No",0,"No",3331,"Third",37.4,34.2,36.6
5179,30.7,5,"Sharjah",29.1,36.2,"Lower",0,"No",1,"Yes",3312,"First",26,30.3,26
5180,42.3,26,"Dubai",29.9,27.7,"Lower",0,"No",0,"No",2562,"Second",30.5,30.5,29.6
5181,33.8,8,"Abu Dhabi",26,31.8,"Lower",0,"No",0,"No",3584,"First",24.7,25.7,26.9
5182,31.4,17,"Sharjah",34.3,31.9,"Lower",0,"No",0,"No",3958,"Second",33.2,34.8,34.9
5183,42.7,30,"Abu Dhabi",37.2,33.1,"High",0,"No",0,"No",3278,"Third",38.7,35.3,37.3
5184,28.1,37,"Sharjah",30.6,42,"Lower",1,"Yes",0,"No",2215,"Third",30.1,29,31.1
5185,41.3,18,"Dubai",36.5,22.9,"High",0,"No",0,"No",3693,"Second",38.4,35,37.2
5186,27.1,11,"Dubai",33.8,36,"Lower",1,"Yes",0,"No",2537,"First",31.3,36.7,34.9
5187,21.6,7,"Dubai",35.7,34.6,"High",1,"Yes",0,"No",3061,"First",36.5,37.3,35.7
5188,30.6,15,"Dubai",36.8,28.2,"High",0,"No",0,"No",2609,"Second",36.5,38.7,35.7
5189,39.3,24,"Sharjah",38.7,30.8,"High",0,"No",0,"No",3162,"Second",35.4,37.6,39.9
5190,32.7,12,"Dubai",33.2,21,"Lower",0,"No",0,"No",4075,"First",32.4,33.3,31.1
5191,21.7,20,"Abu Dhabi",29.4,28,"Lower",0,"No",0,"No",3415,"Second",30.7,27.8,28.5
5192,29.1,20,"Sharjah",32,40.3,"Lower",0,"No",0,"No",2537,"Second",32.9,28.2,30.6
5193,26.8,6,"Dubai",37.8,28.2,"High",0,"No",0,"No",3258,"First",35.6,37.5,39.1
5194,44.9,31,"Sharjah",32.3,19.8,"Lower",0,"No",0,"No",2168,"Third",34.9,34.3,36.2
5195,41,12,"Sharjah",25.7,37.6,"Lower",0,"No",0,"No",2756,"First",27.3,25.3,22.7
5196,23.1,27,"Sharjah",33.7,29.4,"Lower",0,"No",0,"No",3389,"Second",34.4,32.9,31.6
5197,33.8,10,"Sharjah",33.2,23.1,"Lower",0,"No",1,"Yes",3541,"First",33.5,32.8,32
5198,37,19,"Sharjah",26.2,28.7,"Lower",0,"No",0,"No",2932,"Second",26.3,24.4,25.5
5199,40.9,26,"Sharjah",34.3,29.6,"Lower",0,"No",0,"No",3322,"Second",33.6,33.4,33.6
5200,41.9,25,"Abu Dhabi",31.8,26.9,"Lower",0,"No",0,"No",2849,"Second",32.3,33.4,32.3
5201,28.3,20,"Dubai",34.8,39.1,"Lower",0,"No",0,"No",2788,"Second",36.1,34.2,35
5202,42.5,10,"Abu Dhabi",31.2,31.9,"Lower",0,"No",0,"No",2840,"First",32.1,30.9,28.1
5203,31.6,9,"Abu Dhabi",37.6,31.1,"High",0,"No",0,"No",2269,"First",35.8,35,38.3
5204,43,27,"Dubai",35.8,28.6,"High",0,"No",0,"No",2262,"Second",37.6,35.8,36.3
5205,18.1,21,"Sharjah",28.7,48,"Lower",0,"No",0,"No",2853,"Second",28,29.5,27.8
5206,37,6,"Sharjah",28.7,32,"Lower",0,"No",1,"Yes",3764,"First",30.7,28.7,27.7
5207,32.9,13,"Abu Dhabi",30.8,26.8,"Lower",0,"No",0,"No",3858,"First",30,29.3,31.3
5208,19.1,31,"Abu Dhabi",35,25.6,"High",0,"No",0,"No",2345,"Third",38.3,36.2,37.9
5209,35.3,37,"Sharjah",33.2,32.1,"Lower",0,"No",0,"No",3343,"Third",30.5,34.5,37.8
5210,20.5,21,"Sharjah",37.2,35.8,"High",0,"No",1,"Yes",3524,"Second",39.1,39,38.1
5211,43,6,"Abu Dhabi",35.9,16,"High",0,"No",0,"No",4169,"First",33.4,34,36.2
5212,31.6,21,"Dubai",28.1,36.4,"Lower",0,"No",0,"No",3127,"Second",26.1,28.8,29.2
5213,44.8,28,"Dubai",38.7,20.4,"High",0,"No",0,"No",3247,"Third",38.3,38.9,39.1
5214,20.9,31,"Sharjah",40.5,32.6,"High",0,"No",0,"No",2524,"Third",38.4,38.9,41
5215,32.3,6,"Abu Dhabi",32.7,26.7,"Lower",0,"No",0,"No",2592,"First",33.5,32.2,33.3
5216,18.6,36,"Sharjah",34.3,20.6,"Lower",0,"No",0,"No",3225,"Third",36.4,34.4,35.6
5217,24.1,23,"Dubai",32.9,28.8,"Lower",0,"No",0,"No",2543,"Second",33.1,31.3,31.2
5218,20.8,5,"Dubai",36,39.3,"High",0,"No",0,"No",3010,"First",37.9,37.7,36.3
5219,33.2,19,"Dubai",31.4,23.6,"Lower",0,"No",0,"No",3272,"Second",30.4,34.8,29.8
5220,18.6,34,"Dubai",32,30.2,"Lower",0,"No",0,"No",3350,"Third",32.6,28.6,31
5221,21.1,13,"Dubai",35,30.4,"High",0,"No",1,"Yes",3330,"First",35.2,35.8,36.2
5222,41.6,5,"Dubai",32.9,34.3,"Lower",0,"No",0,"No",3372,"First",32.3,32.2,35.3
5223,33.2,4,"Dubai",35.8,41.4,"High",0,"No",0,"No",2618,"First",32.9,33.7,35.4
5224,37.3,36,"Dubai",30.3,38.5,"Lower",0,"No",0,"No",3138,"Third",30.9,31.1,30.6
5225,30.4,39,"Abu Dhabi",29.4,36.7,"Lower",0,"No",0,"No",3269,"Third",30.1,29.4,29.4
5226,21.2,26,"Sharjah",30.5,33.8,"Lower",0,"No",0,"No",2667,"Second",29.6,29.6,33.7
5227,38.3,25,"Abu Dhabi",32,31.3,"Lower",0,"No",0,"No",2628,"Second",33.5,32,32.4
5228,37.4,34,"Abu Dhabi",34.8,30.3,"Lower",0,"No",0,"No",3262,"Third",34.5,33.1,34.6
5229,29.5,39,"Dubai",26.5,41.4,"Lower",0,"No",1,"Yes",3314,"Third",24.3,25.9,29
5230,28.2,21,"Abu Dhabi",32.3,32.2,"Lower",0,"No",1,"Yes",2761,"Second",35.7,33.1,32
5231,35.2,34,"Abu Dhabi",30.4,26.9,"Lower",0,"No",0,"No",2803,"Third",27,30.2,29.8
5232,30.5,14,"Dubai",32.4,33.8,"Lower",0,"No",0,"No",4049,"Second",33,35.4,33.8
5233,43.2,22,"Sharjah",34.5,26.6,"Lower",0,"No",0,"No",2718,"Second",34.3,34.7,35.5
5234,32.6,31,"Dubai",33.9,21.3,"Lower",0,"No",0,"No",2683,"Third",34.2,33.4,33.3
5235,29.4,25,"Sharjah",30.7,21,"Lower",0,"No",0,"No",4263,"Second",31.2,27.6,29.7
5236,19.4,7,"Abu Dhabi",34.7,27.8,"Lower",0,"No",0,"No",3012,"First",35.5,36.1,37.5
5237,27.3,6,"Dubai",30.1,37.6,"Lower",0,"No",0,"No",4040,"First",31.2,29.3,30.9
5238,26.7,8,"Abu Dhabi",30.6,32,"Lower",0,"No",0,"No",3000,"First",28.6,31.5,29.2
5239,39.2,7,"Dubai",35.2,28.7,"High",0,"No",0,"No",2777,"First",35.3,35.8,35.9
5240,44.1,35,"Abu Dhabi",31.9,27.4,"Lower",0,"No",0,"No",2462,"Third",28.3,33.2,33.4
5241,19.1,31,"Dubai",34.5,30,"Lower",0,"No",1,"Yes",2930,"Third",35.6,33.9,31.8
5242,26.4,8,"Dubai",34.3,29.2,"Lower",0,"No",0,"No",2700,"First",33.7,34.6,34.3
5243,30.6,8,"Dubai",30.7,32.7,"Lower",0,"No",1,"Yes",2684,"First",29.5,31.4,32.2
5244,41.7,26,"Sharjah",30.5,28.6,"Lower",0,"No",0,"No",2998,"Second",28.4,28.2,28.7
5245,18.9,20,"Abu Dhabi",31.1,27.8,"Lower",0,"No",0,"No",3806,"Second",28.1,30.4,32.3
5246,41.2,7,"Sharjah",33.1,28.1,"Lower",0,"No",0,"No",2744,"First",34.3,34.1,31.2
5247,24.9,21,"Abu Dhabi",32.2,36.1,"Lower",0,"No",0,"No",3266,"Second",30.1,30.5,31
5248,18.8,20,"Sharjah",34.3,34.6,"Lower",0,"No",0,"No",2804,"Second",34.9,34,33.6
5249,44.5,5,"Dubai",35.8,25.2,"High",0,"No",0,"No",3913,"First",34.4,33.8,34.4
5250,34.3,24,"Dubai",30.3,35.7,"Lower",0,"No",0,"No",2295,"Second",30,28.2,30.3
5251,43.2,29,"Sharjah",31.5,19.7,"Lower",0,"No",0,"No",2817,"Third",30.9,29,30.3
5252,34.3,29,"Sharjah",35.2,30.8,"High",0,"No",0,"No",2928,"Third",34.2,37.7,34.3
5253,42.9,37,"Abu Dhabi",33.4,33.7,"Lower",0,"No",0,"No",3039,"Third",34,32.8,34.1
5254,37.9,39,"Dubai",34,25.2,"Lower",0,"No",0,"No",2874,"Third",34.5,35.5,35.3
5255,42.2,35,"Dubai",36.5,40.1,"High",0,"No",0,"No",2367,"Third",37.2,35.1,35.1
5256,40.6,11,"Dubai",34.5,30.4,"Lower",0,"No",0,"No",4318,"First",33.9,36.3,33.5
5257,39.7,36,"Sharjah",32.2,47.9,"Lower",1,"Yes",1,"Yes",2786,"Third",32.4,32.2,32.4
5258,24.2,37,"Abu Dhabi",30.9,27.7,"Lower",0,"No",0,"No",3154,"Third",35.1,33.5,32.9
5259,20,25,"Dubai",33.3,22.8,"Lower",0,"No",0,"No",3378,"Second",35.2,34.7,33.2
5260,26.9,39,"Dubai",35.9,27.9,"High",0,"No",0,"No",3291,"Third",34,33.9,36.3
5261,41.6,24,"Dubai",35,25.5,"High",0,"No",0,"No",3431,"Second",31.5,32.4,34.3
5262,43.7,34,"Sharjah",32.9,20.8,"Lower",0,"No",0,"No",3054,"Third",32.2,32.6,34
5263,33.6,36,"Abu Dhabi",34.9,25.9,"Lower",0,"No",0,"No",2649,"Third",34.9,37.4,35.7
5264,23.3,37,"Dubai",35.2,18.1,"High",0,"No",0,"No",3581,"Third",33.1,37.5,33.2
5265,21.8,30,"Dubai",30.4,31.2,"Lower",0,"No",0,"No",3317,"Third",30.7,29.4,29.9
5266,39.5,31,"Abu Dhabi",30.3,23.2,"Lower",0,"No",0,"No",3945,"Third",31.1,31.8,27.1
5267,41.7,34,"Sharjah",37.3,29.3,"High",0,"No",0,"No",2602,"Third",35.5,36.8,35.3
5268,30.3,20,"Dubai",29.8,34.8,"Lower",0,"No",1,"Yes",3636,"Second",29,32.1,30.6
5269,34.4,14,"Abu Dhabi",28.9,29.7,"Lower",0,"No",0,"No",3301,"Second",28.4,29.1,27.5
5270,24.7,29,"Dubai",27.8,21.2,"Lower",0,"No",0,"No",2270,"Third",26.2,29,26.3
5271,31.9,14,"Abu Dhabi",35.1,24,"High",0,"No",1,"Yes",2707,"Second",36.2,35.1,34.7
5272,27.1,10,"Dubai",36.2,32.5,"High",0,"No",0,"No",3017,"First",35.6,36.9,35.5
5273,41.2,20,"Sharjah",31.8,29.5,"Lower",0,"No",1,"Yes",2961,"Second",33,30.8,29.6
5274,32.3,19,"Dubai",34.6,27.8,"Lower",1,"Yes",0,"No",3503,"Second",35.3,32.9,33.2
5275,36.1,5,"Abu Dhabi",32.4,29,"Lower",0,"No",0,"No",2761,"First",32.8,30.4,35.1
5276,26.5,31,"Dubai",29.1,19.4,"Lower",0,"No",0,"No",3074,"Third",29.7,29.2,30.1
5277,19.3,33,"Dubai",31.6,21.5,"Lower",0,"No",0,"No",4005,"Third",31.1,31,30.5
5278,23.7,36,"Abu Dhabi",33.4,27.5,"Lower",0,"No",0,"No",3746,"Third",32.7,37.8,32.4
5279,30.7,29,"Dubai",33.9,21.8,"Lower",0,"No",1,"Yes",3930,"Third",36.7,31.8,34
5280,43,13,"Abu Dhabi",27.4,23.4,"Lower",0,"No",1,"Yes",3075,"First",25.9,24.4,28.5
5281,22,5,"Abu Dhabi",34.8,38.5,"Lower",0,"No",0,"No",3195,"First",35.7,36.9,36.7
5282,30.5,13,"Sharjah",33.6,26,"Lower",0,"No",0,"No",2825,"First",33.6,36.2,35.1
5283,43,35,"Dubai",36.9,23.5,"High",0,"No",0,"No",2921,"Third",39.6,35.7,34.3
5284,34.8,19,"Abu Dhabi",32.9,29.1,"Lower",0,"No",1,"Yes",2791,"Second",33.6,33.6,33.2
5285,44,28,"Dubai",28.9,28.5,"Lower",1,"Yes",0,"No",4042,"Third",29.8,29.2,29.6
5286,40.3,19,"Dubai",31.6,32.8,"Lower",0,"No",1,"Yes",2844,"Second",32.2,35.3,28.7
5287,21.1,10,"Dubai",29.8,17.5,"Lower",0,"No",0,"No",2844,"First",33.4,27.6,27.3
5288,38.4,21,"Abu Dhabi",28,37.7,"Lower",0,"No",0,"No",2855,"Second",27.1,29.2,28.5
5289,30.9,21,"Dubai",30.8,35.2,"Lower",0,"No",0,"No",3316,"Second",32.7,30.2,31.5
5290,27.2,35,"Dubai",33.6,34,"Lower",0,"No",0,"No",3365,"Third",32.9,32.7,32.3
5291,29,20,"Abu Dhabi",33.5,42.4,"Lower",0,"No",0,"No",2911,"Second",33.2,32.3,33
5292,32.8,29,"Abu Dhabi",36.5,28.7,"High",0,"No",0,"No",3511,"Third",40.1,37.5,38.6
5293,40.4,17,"Abu Dhabi",35.4,23.8,"High",0,"No",0,"No",3443,"Second",36,36.5,35.6
5294,36.1,18,"Sharjah",28.3,27.5,"Lower",0,"No",0,"No",3276,"Second",30.8,30.5,29.2
5295,29.4,30,"Sharjah",34.9,32.5,"Lower",0,"No",0,"No",3210,"Third",34.4,32.7,33.9
5296,19.2,18,"Sharjah",35,24.5,"High",0,"No",0,"No",2536,"Second",35.5,36.4,35
5297,33.8,27,"Abu Dhabi",32.6,38.3,"Lower",0,"No",0,"No",2622,"Second",33.4,33.2,30.9
5298,36.9,15,"Dubai",31.7,21.2,"Lower",0,"No",0,"No",3232,"Second",31.2,32.2,33.9
5299,32.5,18,"Abu Dhabi",34.5,25.1,"Lower",0,"No",0,"No",3187,"Second",37.1,31.4,33.4
5300,22.4,24,"Dubai",32.9,20.6,"Lower",0,"No",0,"No",3093,"Second",29.9,35.4,30.9
5301,19.2,39,"Abu Dhabi",35.3,29.1,"High",0,"No",0,"No",3160,"Third",37.1,33.7,35.1
5302,36.2,11,"Dubai",33.9,40,"Lower",0,"No",0,"No",3143,"First",32.8,33.1,32.4
5303,24.8,6,"Abu Dhabi",31.3,26.8,"Lower",0,"No",0,"No",2783,"First",30.6,29,32.4
5304,37.2,30,"Dubai",29.8,6.7,"Lower",0,"No",0,"No",3486,"Third",27.6,29.6,29.3
5305,23.5,12,"Dubai",31.3,32.5,"Lower",0,"No",0,"No",3367,"First",30.5,32.1,27.2
5306,37,19,"Sharjah",32,25.8,"Lower",0,"No",0,"No",2486,"Second",32.1,32.2,30.8
5307,20.4,32,"Dubai",34.4,15.6,"Lower",0,"No",0,"No",3704,"Third",36.8,38.1,36.5
5308,34.1,12,"Sharjah",24.7,22.6,"Lower",0,"No",0,"No",3436,"First",26.6,23.9,22
5309,27.8,25,"Sharjah",35.7,55,"High",0,"No",0,"No",2895,"Second",35.8,36,34.8
5310,26.4,15,"Abu Dhabi",27.8,33.9,"Lower",0,"No",0,"No",3754,"Second",27.9,28.2,28
5311,20.9,9,"Sharjah",32.6,37.3,"Lower",0,"No",0,"No",2837,"First",34.4,34.2,33.2
5312,38.3,13,"Dubai",35.1,27.1,"High",0,"No",0,"No",3709,"First",34.8,35.1,34.3
5313,41.4,16,"Abu Dhabi",29.3,32,"Lower",0,"No",0,"No",3624,"Second",27.6,30,28.2
5314,41.8,14,"Dubai",34.5,38.5,"Lower",0,"No",0,"No",3164,"Second",34.6,36.3,33.7
5315,30.8,8,"Dubai",31.8,26.1,"Lower",0,"No",0,"No",3215,"First",32.8,33.2,31.6
5316,39.2,13,"Dubai",33.3,41.3,"Lower",0,"No",0,"No",3042,"First",30.2,32.1,31.3
5317,31.2,27,"Abu Dhabi",33.6,32.7,"Lower",0,"No",0,"No",4144,"Second",34.1,33.2,36.4
5318,28.6,15,"Dubai",31.3,39.7,"Lower",0,"No",0,"No",2725,"Second",32,29.8,30.9
5319,36.4,4,"Dubai",33.3,58,"Lower",0,"No",0,"No",2774,"First",32,35.2,35.3
5320,40.8,30,"Sharjah",33.5,23,"Lower",0,"No",0,"No",3343,"Third",33.1,34.3,35.2
5321,27.5,16,"Sharjah",34,33.3,"Lower",0,"No",0,"No",3135,"Second",34.9,34.3,34.7
5322,35,26,"Abu Dhabi",34.8,35.3,"Lower",0,"No",0,"No",2700,"Second",34.8,35.8,33.9
5323,38,23,"Dubai",28.8,30,"Lower",0,"No",0,"No",3623,"Second",27.2,29.5,29.9
5324,36.6,7,"Abu Dhabi",35.2,24.7,"High",0,"No",0,"No",3799,"First",33.2,33.4,36.1
5325,42.3,28,"Abu Dhabi",35.9,28.5,"High",0,"No",0,"No",2816,"Third",33.7,34.8,39.9
5326,23.9,17,"Sharjah",30.4,7.7,"Lower",0,"No",0,"No",3100,"Second",33.4,29.2,30.8
5327,26.2,27,"Dubai",29.4,24.2,"Lower",0,"No",1,"Yes",2774,"Second",29.1,28.1,33.1
5328,29.2,24,"Abu Dhabi",34.1,21.3,"Lower",0,"No",0,"No",3639,"Second",36.2,30.7,32.1
5329,23.2,16,"Dubai",32.3,37.8,"Lower",0,"No",0,"No",3548,"Second",32.5,34.9,32.3
5330,23.1,12,"Dubai",36.4,43.5,"High",0,"No",0,"No",3023,"First",36.1,36.1,36.1
5331,44.4,16,"Abu Dhabi",28.2,19.9,"Lower",0,"No",0,"No",3262,"Second",27.6,27.4,28.7
5332,34.8,8,"Sharjah",29.3,32.8,"Lower",0,"No",0,"No",3085,"First",27.8,30.2,28.7
5333,30,4,"Dubai",26.1,38.3,"Lower",0,"No",0,"No",3289,"First",26.5,25.2,24.2
5334,22.1,14,"Dubai",33.9,21.9,"Lower",0,"No",0,"No",2669,"Second",33.7,35.5,33.4
5335,36,15,"Abu Dhabi",31.5,52.8,"Lower",0,"No",0,"No",3136,"Second",31.5,30.6,29.8
5336,23.6,7,"Dubai",32.3,27.6,"Lower",0,"No",0,"No",3440,"First",31.9,31,30.1
5337,41.7,8,"Abu Dhabi",27.1,20.3,"Lower",0,"No",0,"No",3024,"First",24.8,26.1,26.3
5338,32.9,38,"Dubai",36.1,24.9,"High",0,"No",1,"Yes",2805,"Third",35.2,35.6,39.7
5339,33.9,17,"Abu Dhabi",30.4,38.8,"Lower",0,"No",0,"No",3394,"Second",27.9,29.7,29.1
5340,44.1,19,"Abu Dhabi",35.2,42.7,"High",0,"No",0,"No",2780,"Second",37.8,34.7,34.7
5341,20.3,15,"Abu Dhabi",34.2,57.5,"Lower",0,"No",1,"Yes",2999,"Second",36.8,32.4,34.7
5342,29.6,35,"Dubai",30.5,23.9,"Lower",0,"No",0,"No",3291,"Third",30.9,32.8,30
5343,22.9,13,"Dubai",39.5,22.9,"High",1,"Yes",0,"No",3407,"First",37.9,40.1,41.3
5344,25.5,14,"Abu Dhabi",33.1,37.6,"Lower",0,"No",0,"No",2752,"Second",33.3,32.8,31.6
5345,21.5,12,"Abu Dhabi",33.7,43.1,"Lower",0,"No",1,"Yes",3680,"First",35.7,34.6,33.2
5346,40.4,13,"Abu Dhabi",33.4,28,"Lower",0,"No",0,"No",2924,"First",34.1,34.1,35.9
5347,22.5,11,"Sharjah",26.7,25.6,"Lower",0,"No",0,"No",2952,"First",25.6,25.5,27.2
5348,19.8,36,"Dubai",28.9,39.7,"Lower",0,"No",0,"No",2738,"Third",26.6,29.5,29.3
5349,44.1,21,"Dubai",28.8,33.2,"Lower",0,"No",0,"No",3301,"Second",29.1,27,29.6
5350,24.5,26,"Dubai",31.5,27.9,"Lower",0,"No",0,"No",3295,"Second",33.3,33.4,34.8
5351,27.4,31,"Abu Dhabi",32.7,33.7,"Lower",0,"No",0,"No",3122,"Third",35.3,33.6,33.2
5352,34.3,34,"Dubai",35.1,31.6,"High",0,"No",0,"No",3403,"Third",35.5,37.3,35.4
5353,27.9,18,"Sharjah",36,30.2,"High",0,"No",0,"No",3375,"Second",32.8,36.8,38.4
5354,20,27,"Sharjah",35.2,15.5,"High",0,"No",0,"No",2889,"Second",34.9,33.9,36.6
5355,34.4,21,"Abu Dhabi",33,42.2,"Lower",0,"No",0,"No",2587,"Second",33.6,31,32.3
5356,22.6,26,"Dubai",32.3,28.3,"Lower",0,"No",0,"No",2592,"Second",31.7,32.1,30.2
5357,20.9,4,"Sharjah",29,25.7,"Lower",0,"No",0,"No",4315,"First",30.9,27.2,27.1
5358,26.5,35,"Dubai",32.9,31.7,"Lower",0,"No",0,"No",2714,"Third",33.7,33.4,31.3
5359,25,4,"Dubai",29.8,28.1,"Lower",0,"No",0,"No",3400,"First",31.6,29.7,27.5
5360,28.4,6,"Abu Dhabi",33,33.8,"Lower",1,"Yes",0,"No",2298,"First",31.6,34.1,32.7
5361,30.7,10,"Abu Dhabi",27.1,40.5,"Lower",1,"Yes",0,"No",4420,"First",27.1,26,25.7
5362,18.1,30,"Abu Dhabi",33.9,19.8,"Lower",0,"No",0,"No",2838,"Third",34.6,34.4,36.2
5363,22.3,22,"Abu Dhabi",34.2,21.4,"Lower",0,"No",0,"No",3248,"Second",35.3,33.9,35.1
5364,22.3,11,"Abu Dhabi",37.4,27.1,"High",0,"No",0,"No",3227,"First",35.2,36.7,37.3
5365,22.8,23,"Dubai",34.7,29.6,"Lower",0,"No",0,"No",3571,"Second",36.3,33.9,34.5
5366,33.9,23,"Dubai",29.1,34.5,"Lower",0,"No",0,"No",3062,"Second",27.8,29.4,27.7
5367,18.5,28,"Abu Dhabi",29.8,40.1,"Lower",0,"No",0,"No",3693,"Third",32.7,29.4,29.7
5368,22.2,4,"Sharjah",29.8,25,"Lower",0,"No",0,"No",3469,"First",30.4,28.9,32.6
5369,19.2,28,"Sharjah",35.7,40.1,"High",0,"No",0,"No",3532,"Third",38.8,37,36.5
5370,28.1,11,"Sharjah",34,33.8,"Lower",0,"No",0,"No",3325,"First",35.1,34.4,32.6
5371,37.9,33,"Abu Dhabi",32.7,27.1,"Lower",0,"No",0,"No",2923,"Third",33,32.3,33.8
5372,41.3,17,"Dubai",34.2,28.8,"Lower",0,"No",1,"Yes",2841,"Second",34.1,33.9,33
5373,27.8,12,"Abu Dhabi",30.6,25.7,"Lower",0,"No",0,"No",2920,"First",29.4,31.5,32.8
5374,29.2,35,"Sharjah",26.2,33.1,"Lower",0,"No",0,"No",2822,"Third",26.7,26.9,26.3
5375,35.4,18,"Dubai",32.2,21.2,"Lower",0,"No",0,"No",3487,"Second",32.4,33.4,31.8
5376,44.4,19,"Abu Dhabi",34.4,26.7,"Lower",1,"Yes",0,"No",3522,"Second",35.3,32.4,32.6
5377,18,33,"Sharjah",29.8,16.5,"Lower",0,"No",0,"No",3739,"Third",28.6,31.4,29.4
5378,45,29,"Sharjah",29.8,21.5,"Lower",0,"No",0,"No",3174,"Third",31.7,30.4,30.5
5379,25.8,27,"Sharjah",36.5,41.6,"High",0,"No",1,"Yes",3066,"Second",35.1,38.3,36.3
5380,45,15,"Dubai",29.8,22.2,"Lower",0,"No",0,"No",3759,"Second",31.8,29.2,31.7
5381,40.6,36,"Abu Dhabi",31.6,45.3,"Lower",0,"No",1,"Yes",3007,"Third",31.6,32.3,31.3
5382,27.4,21,"Sharjah",38.1,15.9,"High",1,"Yes",0,"No",2630,"Second",38.2,36.7,38.6
5383,23.2,21,"Dubai",33.5,10.1,"Lower",0,"No",0,"No",4380,"Second",34.7,31.5,33
5384,44.7,35,"Sharjah",31.8,33.2,"Lower",0,"No",1,"Yes",3323,"Third",31.9,31.2,32.5
5385,42.7,31,"Abu Dhabi",32.5,30.9,"Lower",1,"Yes",0,"No",3316,"Third",30.9,34.9,34
5386,39.9,16,"Abu Dhabi",28.4,23.8,"Lower",0,"No",1,"Yes",3367,"Second",28.4,28.6,29
5387,29.9,18,"Abu Dhabi",28.5,42.6,"Lower",0,"No",0,"No",3024,"Second",27.8,26.5,28.3
5388,19.4,6,"Abu Dhabi",32.2,31.3,"Lower",0,"No",0,"No",4028,"First",30.8,33.6,34.4
5389,32.7,12,"Dubai",32.7,18.5,"Lower",0,"No",0,"No",3391,"First",31.4,33,32.7
5390,19.7,21,"Abu Dhabi",32.5,41.1,"Lower",0,"No",0,"No",3601,"Second",31.3,32.4,35.1
5391,31,14,"Dubai",30.6,41.5,"Lower",0,"No",0,"No",3565,"Second",32.9,32.2,30.2
5392,28.9,36,"Dubai",29.7,31.9,"Lower",0,"No",1,"Yes",3897,"Third",28.7,28.5,30.9
5393,33.7,20,"Dubai",33.1,16.9,"Lower",0,"No",0,"No",3088,"Second",31.8,32.2,31.7
5394,37.4,30,"Abu Dhabi",31.2,16.6,"Lower",0,"No",0,"No",3687,"Third",29.1,32.2,33.3
5395,35.1,6,"Abu Dhabi",38.2,12,"High",0,"No",0,"No",2180,"First",37.6,39,38.9
5396,42.7,31,"Dubai",35.1,25.1,"High",0,"No",0,"No",3064,"Third",35.4,37.4,35.6
5397,23.4,30,"Abu Dhabi",29.9,35.8,"Lower",0,"No",0,"No",2806,"Third",29.1,30.1,30.1
5398,34.7,15,"Dubai",24.9,30.4,"Lower",0,"No",0,"No",3600,"Second",25.5,26.3,23.9
5399,35.4,14,"Abu Dhabi",32.5,16.6,"Lower",0,"No",0,"No",3293,"Second",31.8,30.1,31.7
5400,43,32,"Sharjah",33.1,31.6,"Lower",0,"No",0,"No",2639,"Third",31.9,32.8,30.2
5401,21,19,"Abu Dhabi",37,26.2,"High",0,"No",1,"Yes",3295,"Second",36.6,36.5,38.4
5402,33.1,36,"Sharjah",28.5,15.6,"Lower",0,"No",1,"Yes",3262,"Third",26.6,26.9,29.6
5403,40.7,33,"Dubai",35.5,32.3,"High",0,"No",0,"No",3104,"Third",36,34.8,34.9
5404,35.8,30,"Abu Dhabi",32.7,43.7,"Lower",0,"No",0,"No",2820,"Third",32.6,32.8,33.7
5405,42.6,7,"Sharjah",28.6,26.4,"Lower",0,"No",0,"No",3286,"First",28.5,30.3,29.2
5406,43.3,18,"Abu Dhabi",31,26.1,"Lower",0,"No",0,"No",3786,"Second",30.6,31.6,30.7
5407,36.7,28,"Abu Dhabi",28.8,29.8,"Lower",0,"No",1,"Yes",3442,"Third",27.8,28.1,29.9
5408,35.3,19,"Sharjah",31.7,41.9,"Lower",0,"No",0,"No",2076,"Second",33,31.8,31.8
5409,21.5,28,"Abu Dhabi",32.9,30.4,"Lower",1,"Yes",0,"No",3344,"Third",32.8,34.3,33.7
5410,32,15,"Abu Dhabi",38.2,29.6,"High",1,"Yes",0,"No",3293,"Second",36.3,36.8,36
5411,25.2,16,"Dubai",33.1,30.9,"Lower",0,"No",0,"No",2811,"Second",33.7,33.4,33.4
5412,37.4,12,"Abu Dhabi",31.7,26,"Lower",0,"No",0,"No",3105,"First",30,33.9,31.6
5413,19,11,"Abu Dhabi",37,36.1,"High",0,"No",0,"No",3342,"First",35.5,39,37.1
5414,25.5,17,"Dubai",26.5,23.1,"Lower",0,"No",0,"No",3743,"Second",26.1,24.6,29.7
5415,41.5,22,"Sharjah",32,38.5,"Lower",0,"No",0,"No",3097,"Second",30.5,31.7,31.1
5416,38.9,11,"Sharjah",36.1,33.8,"High",0,"No",0,"No",2905,"First",36,38.2,36.2
5417,27.4,17,"Dubai",33,33.3,"Lower",0,"No",0,"No",3058,"Second",33.7,34.1,29.9
5418,30.7,28,"Sharjah",29.7,31.8,"Lower",0,"No",0,"No",3454,"Third",29.4,31.3,31.1
5419,35.8,7,"Abu Dhabi",26.8,28.8,"Lower",1,"Yes",0,"No",3950,"First",26.9,28.4,28.7
5420,19.5,15,"Dubai",34.6,26.9,"Lower",0,"No",0,"No",4256,"Second",33.1,34.9,33.6
5421,28.1,38,"Abu Dhabi",34.6,30.4,"Lower",0,"No",0,"No",3074,"Third",34.4,36,33.4
5422,36.9,13,"Sharjah",32.3,37.4,"Lower",0,"No",0,"No",2885,"First",33.1,33.2,32.4
5423,23.2,25,"Sharjah",30.1,40.5,"Lower",0,"No",1,"Yes",2507,"Second",29.5,31.6,30.4
5424,26,10,"Dubai",31.6,26.3,"Lower",0,"No",0,"No",3253,"First",29.2,32.1,31.7
5425,24.5,30,"Sharjah",33.7,29.4,"Lower",0,"No",0,"No",2761,"Third",33.4,33.8,33.9
5426,27.5,25,"Abu Dhabi",35.2,29.9,"High",0,"No",0,"No",1810,"Second",34.7,34.8,36.5
5427,33.2,40,"Abu Dhabi",32.5,20.7,"Lower",0,"No",0,"No",3533,"Third",34.2,34.9,30.2
5428,27.6,24,"Sharjah",29.7,29.8,"Lower",0,"No",0,"No",3701,"Second",27.5,28.2,28.3
5429,26.8,23,"Dubai",33.8,29.3,"Lower",0,"No",0,"No",3132,"Second",33.2,31.7,33
5430,37.2,13,"Abu Dhabi",28.9,39.7,"Lower",0,"No",0,"No",2890,"First",27.9,26.6,29.6
5431,31.6,36,"Abu Dhabi",33.8,36.8,"Lower",0,"No",1,"Yes",3363,"Third",34.7,31.6,33
5432,27.2,14,"Sharjah",33.7,25.9,"Lower",0,"No",0,"No",2666,"Second",32.8,34.8,35.2
5433,25.6,16,"Abu Dhabi",34.6,24.5,"Lower",0,"No",0,"No",2559,"Second",34.1,35.4,36.3
5434,38.9,33,"Sharjah",29.6,19.6,"Lower",0,"No",0,"No",3043,"Third",29.8,32.7,30.8
5435,28.6,7,"Abu Dhabi",35.2,20.4,"High",0,"No",0,"No",3096,"First",36.2,34.9,36.4
5436,26.1,29,"Dubai",34.2,35.9,"Lower",1,"Yes",0,"No",3470,"Third",33.7,33.1,34.6
5437,43.7,25,"Dubai",29.2,31.9,"Lower",0,"No",0,"No",3018,"Second",28.9,31.1,30
5438,25.8,18,"Sharjah",34.2,30.1,"Lower",0,"No",0,"No",3234,"Second",32.6,34.1,33
5439,32.5,33,"Dubai",30.5,36.6,"Lower",0,"No",0,"No",3085,"Third",31,32.1,30.9
5440,38.8,33,"Dubai",33.8,27.4,"Lower",0,"No",1,"Yes",2503,"Third",33.3,33.6,33.2
5441,34.4,18,"Sharjah",28.6,40,"Lower",0,"No",0,"No",3246,"Second",29.4,28.1,26.7
5442,33.2,22,"Abu Dhabi",25.7,32.4,"Lower",0,"No",0,"No",3752,"Second",27.2,26.3,24.8
5443,33.5,20,"Dubai",33.2,32.4,"Lower",0,"No",0,"No",3335,"Second",32.2,32.2,32
5444,42.8,32,"Dubai",35,27.3,"High",0,"No",0,"No",3564,"Third",35.2,35.8,36.5
5445,34.4,12,"Abu Dhabi",33.6,37.1,"Lower",0,"No",0,"No",3036,"First",32.2,34,36
5446,35.3,12,"Sharjah",32.4,32.6,"Lower",0,"No",0,"No",3052,"First",31.3,34.3,31
5447,40.7,30,"Sharjah",30.8,35.9,"Lower",0,"No",0,"No",3132,"Third",32.5,33.3,31.5
5448,33.4,19,"Dubai",32.7,14.8,"Lower",0,"No",0,"No",3259,"Second",32.7,33.6,34.4
5449,37,15,"Sharjah",32.2,38,"Lower",0,"No",0,"No",3090,"Second",32.1,31,32.3
5450,33.4,23,"Dubai",34.7,37.3,"Lower",0,"No",0,"No",2965,"Second",37.2,34.6,35.3
5451,19.4,24,"Dubai",35.6,43.6,"High",0,"No",0,"No",3981,"Second",33.8,33.8,38.1
5452,30.2,35,"Abu Dhabi",37.8,29.7,"High",0,"No",0,"No",2329,"Third",37.3,37.2,38.7
5453,39.7,25,"Abu Dhabi",34.5,29.7,"Lower",0,"No",0,"No",3659,"Second",36,35.5,33.4
5454,21,13,"Abu Dhabi",32.2,31.7,"Lower",0,"No",1,"Yes",2064,"First",30.8,32,32.4
5455,26.9,13,"Dubai",34.1,30.2,"Lower",0,"No",0,"No",3440,"First",33.4,34.8,31.9
5456,33.4,20,"Dubai",35.3,26.2,"High",0,"No",0,"No",3385,"Second",34.7,34.5,34.2
5457,36.5,8,"Sharjah",28.8,25,"Lower",0,"No",0,"No",2968,"First",28,28.6,32.5
5458,31.7,16,"Dubai",36.2,29.1,"High",1,"Yes",1,"Yes",3139,"Second",35.4,38.7,36
5459,27.5,16,"Dubai",34,38.9,"Lower",0,"No",0,"No",3088,"Second",35.1,33.9,35
5460,19.2,7,"Abu Dhabi",31.6,35.7,"Lower",0,"No",0,"No",2780,"First",31.3,31.4,34
5461,22.7,40,"Dubai",35.2,41.3,"High",0,"No",0,"No",3265,"Third",35.4,37.3,36.4
5462,41,15,"Abu Dhabi",35,30.1,"High",0,"No",0,"No",2920,"Second",37.4,34.4,35.5
5463,26.3,40,"Dubai",31.5,24.6,"Lower",0,"No",0,"No",2644,"Third",33.5,33.3,32.5
5464,18.8,33,"Dubai",34.5,25,"Lower",1,"Yes",0,"No",3028,"Third",35.8,37.1,36.2
5465,24.2,40,"Dubai",33.5,28.1,"Lower",0,"No",0,"No",2252,"Third",32.9,32.4,32.8
5466,27,39,"Dubai",32.3,36.5,"Lower",0,"No",0,"No",3815,"Third",33.8,32.4,32.9
5467,30.1,35,"Abu Dhabi",33.6,39.4,"Lower",0,"No",0,"No",2895,"Third",29.7,34.1,33.8
5468,36.9,4,"Abu Dhabi",34,46.9,"Lower",0,"No",0,"No",3340,"First",34.8,36.3,34
5469,29.1,33,"Sharjah",30.4,29,"Lower",0,"No",0,"No",3575,"Third",33.8,30.2,28.9
5470,27.8,35,"Abu Dhabi",35.9,40.6,"High",0,"No",0,"No",2682,"Third",39.8,36.4,36.2
5471,21.6,9,"Sharjah",29.8,17.9,"Lower",0,"No",0,"No",3808,"First",31.2,28.1,31.2
5472,43,39,"Dubai",32.3,34.2,"Lower",0,"No",0,"No",3459,"Third",32.3,30.9,32.3
5473,38.7,38,"Abu Dhabi",31.5,48.5,"Lower",0,"No",0,"No",3015,"Third",30.2,29.1,30.6
5474,44.4,23,"Abu Dhabi",33.5,38.6,"Lower",0,"No",0,"No",2786,"Second",31.4,33.4,33.1
5475,38.4,23,"Abu Dhabi",31.5,31.1,"Lower",0,"No",0,"No",3148,"Second",30,30.4,30.3
5476,40.8,9,"Abu Dhabi",36.1,29.5,"High",0,"No",0,"No",2898,"First",38.4,35,35.9
5477,28.7,20,"Abu Dhabi",31.6,23.8,"Lower",0,"No",0,"No",3364,"Second",30.9,29.7,31.9
5478,36.2,27,"Sharjah",29,32.6,"Lower",0,"No",0,"No",3089,"Second",30,31,28.4
5479,19.4,17,"Sharjah",35.8,46.9,"High",0,"No",0,"No",2240,"Second",34.8,33.8,35.3
5480,18.6,15,"Dubai",29.9,28.9,"Lower",0,"No",0,"No",3479,"Second",31.7,29.3,29.8
5481,22.9,38,"Dubai",27.9,40.5,"Lower",0,"No",0,"No",3707,"Third",27.5,26.1,29.8
5482,38.8,6,"Dubai",32.9,17.4,"Lower",0,"No",0,"No",3137,"First",32.9,31.8,35.6
5483,37.7,22,"Abu Dhabi",30.7,22.1,"Lower",0,"No",0,"No",3865,"Second",32.9,30.8,33.3
5484,34.3,4,"Dubai",30.6,36,"Lower",0,"No",0,"No",3202,"First",30.1,30.2,28.8
5485,29.6,34,"Sharjah",30.5,16.1,"Lower",0,"No",0,"No",3254,"Third",32.3,29.8,30.3
5486,26,25,"Dubai",34.8,28,"Lower",0,"No",0,"No",2642,"Second",35.6,35.7,35
5487,40.1,31,"Sharjah",29.5,18.9,"Lower",0,"No",0,"No",3728,"Third",31.8,28.9,28.5
5488,33.2,35,"Abu Dhabi",31.1,13.2,"Lower",0,"No",0,"No",4230,"Third",30,31,30.2
5489,26.1,11,"Sharjah",31.2,32.9,"Lower",0,"No",0,"No",3724,"First",32.5,27.6,32.1
5490,27.8,36,"Abu Dhabi",35.5,27.3,"High",0,"No",0,"No",2818,"Third",35.9,32.2,35.3
5491,29.5,17,"Abu Dhabi",31.6,35.4,"Lower",0,"No",0,"No",2641,"Second",32.2,32.7,33
5492,22.2,21,"Dubai",29.2,41.3,"Lower",0,"No",0,"No",2286,"Second",30.9,28,30
5493,20,17,"Dubai",27.1,39.3,"Lower",0,"No",0,"No",2949,"Second",27.4,24.8,30.7
5494,30.5,21,"Dubai",27.1,38.4,"Lower",0,"No",0,"No",2992,"Second",27,24.5,26.6
5495,41.6,39,"Abu Dhabi",32.2,23.6,"Lower",0,"No",0,"No",3316,"Third",32.3,32,32
5496,34.6,16,"Dubai",31.2,29.6,"Lower",0,"No",0,"No",2277,"Second",30.5,33.4,31.8
5497,31.4,19,"Sharjah",31.8,38.9,"Lower",0,"No",0,"No",2517,"Second",26.9,31.8,33.3
5498,41.4,33,"Dubai",30.5,30.7,"Lower",0,"No",1,"Yes",3223,"Third",31.5,30.7,32.8
5499,31.5,28,"Dubai",34.9,15.9,"Lower",0,"No",0,"No",4281,"Third",34.8,37.5,35.8
5500,41.1,15,"Dubai",34.9,26.1,"Lower",0,"No",0,"No",3695,"Second",35.9,36.4,33.8
5501,19.3,8,"Dubai",39.8,41.3,"High",0,"No",0,"No",3241,"First",42.3,40.8,40.7
5502,30.1,4,"Dubai",30.5,38.1,"Lower",0,"No",0,"No",2934,"First",31.8,29.5,32
5503,37.4,26,"Abu Dhabi",31.3,38.9,"Lower",0,"No",0,"No",3615,"Second",31,31,32.8
5504,23.1,16,"Abu Dhabi",34.1,36.6,"Lower",0,"No",0,"No",2476,"Second",33.9,36.4,35.7
5505,19.4,10,"Dubai",36.6,41,"High",0,"No",0,"No",3501,"First",40.9,33.1,37.9
5506,34.4,9,"Abu Dhabi",35.8,23,"High",0,"No",0,"No",2767,"First",37.2,35.8,34.9
5507,44.9,27,"Dubai",29.6,30.3,"Lower",0,"No",0,"No",3500,"Second",30.1,30.5,30.3
5508,27.1,23,"Abu Dhabi",32.3,15.9,"Lower",0,"No",0,"No",2677,"Second",31.4,28.5,30.4
5509,36.8,7,"Sharjah",33.6,35.1,"Lower",0,"No",0,"No",3414,"First",31,33.5,31.6
5510,31.4,39,"Abu Dhabi",31.9,37.6,"Lower",0,"No",0,"No",2905,"Third",31.2,34.4,32.1
5511,20.9,24,"Abu Dhabi",30.6,31.2,"Lower",0,"No",0,"No",4521,"Second",29.1,30.5,29.9
5512,22.9,27,"Abu Dhabi",28.4,19.1,"Lower",0,"No",0,"No",2440,"Second",26.9,28.4,30.7
5513,26.8,4,"Dubai",35.6,40.1,"High",1,"Yes",0,"No",2405,"First",33.1,37.4,35.9
5514,26.1,34,"Dubai",30.7,19.5,"Lower",0,"No",0,"No",3780,"Third",35,29.2,31
5515,30.7,15,"Sharjah",33.4,17.1,"Lower",0,"No",0,"No",3804,"Second",36.6,32.1,32.1
5516,23.8,6,"Dubai",27.1,26.2,"Lower",0,"No",0,"No",4074,"First",27.9,29.6,26.5
5517,32.1,18,"Abu Dhabi",34.4,36,"Lower",1,"Yes",0,"No",2972,"Second",34.1,33,32.6
5518,24.8,23,"Sharjah",34.6,48.5,"Lower",0,"No",0,"No",3399,"Second",35.5,35.7,36.8
5519,33.5,40,"Dubai",28.5,29,"Lower",0,"No",0,"No",3488,"Third",27.3,26.5,25.9
5520,21.2,21,"Dubai",35.4,37.4,"High",0,"No",0,"No",3084,"Second",39.1,33.8,34.7
5521,30.9,13,"Dubai",31.5,33.9,"Lower",0,"No",0,"No",2883,"First",29.5,31.6,30.5
5522,43.8,24,"Dubai",25.7,41.4,"Lower",0,"No",0,"No",3368,"Second",24.5,27.2,25.4
5523,26.7,37,"Dubai",31,29.7,"Lower",0,"No",0,"No",2732,"Third",31,31.3,30.2
5524,41.8,40,"Dubai",34,33.6,"Lower",0,"No",0,"No",3234,"Third",34.3,34.9,33.8
5525,34.6,27,"Dubai",38.4,30.9,"High",0,"No",0,"No",2590,"Second",39.4,41.8,41.3
5526,29,15,"Abu Dhabi",31.8,34.5,"Lower",0,"No",0,"No",3472,"Second",32.9,30.1,33.2
5527,32.2,17,"Dubai",36.8,24.5,"High",0,"No",1,"Yes",3190,"Second",36,35.8,36.2
5528,19.3,7,"Dubai",28.5,31.5,"Lower",0,"No",0,"No",3974,"First",28.9,27.2,29
5529,24.5,24,"Dubai",35.3,41.4,"High",0,"No",0,"No",2856,"Second",37.4,33.7,35
5530,26.9,24,"Abu Dhabi",29.5,37.9,"Lower",0,"No",0,"No",3170,"Second",29.6,27.2,31.5
5531,28.9,9,"Dubai",32.2,35.1,"Lower",0,"No",0,"No",3862,"First",29.3,31.6,30.2
5532,19.4,4,"Sharjah",31.3,30.7,"Lower",0,"No",0,"No",2614,"First",30.9,30.9,29.2
5533,32.6,37,"Sharjah",31.3,52.9,"Lower",0,"No",0,"No",2979,"Third",30.6,34,31.9
5534,38.5,16,"Dubai",31.1,42.7,"Lower",0,"No",0,"No",2898,"Second",31.2,32.3,31.9
5535,27.9,12,"Sharjah",35.8,25.9,"High",0,"No",0,"No",3783,"First",32.8,36.7,37.6
5536,26.5,29,"Dubai",32.4,20.1,"Lower",0,"No",1,"Yes",3335,"Third",33.5,32.9,33.1
5537,24.4,35,"Dubai",37.9,23.9,"High",0,"No",0,"No",2799,"Third",38.6,36.3,36.4
5538,35.2,7,"Dubai",28.6,28.6,"Lower",0,"No",0,"No",3116,"First",31.2,28,29
5539,40.3,11,"Sharjah",32.2,34.5,"Lower",0,"No",0,"No",2869,"First",32.4,30.1,33.6
5540,19.3,6,"Abu Dhabi",32.1,31.3,"Lower",0,"No",0,"No",3892,"First",32.9,29.1,31.4
5541,33.7,32,"Abu Dhabi",35.5,15.6,"High",0,"No",0,"No",2823,"Third",36.7,36,33
5542,42.5,18,"Abu Dhabi",31.9,35.4,"Lower",0,"No",1,"Yes",3385,"Second",33.1,30.9,31.6
5543,37.2,12,"Sharjah",33.7,28.6,"Lower",0,"No",0,"No",4341,"First",32.4,32.8,33.3
5544,35,19,"Dubai",31.4,24.2,"Lower",0,"No",0,"No",3707,"Second",31.9,26.5,31.5
5545,37.6,18,"Sharjah",30.7,23.6,"Lower",0,"No",0,"No",3843,"Second",30.7,32.3,30.5
5546,43.2,22,"Abu Dhabi",31.9,27,"Lower",0,"No",0,"No",3049,"Second",26.9,33.6,31.2
5547,41.7,29,"Abu Dhabi",27.9,22.2,"Lower",0,"No",0,"No",3342,"Third",28.8,27,26
5548,42.2,35,"Abu Dhabi",31.4,34.9,"Lower",0,"No",0,"No",3185,"Third",32.9,31.6,29.7
5549,39,14,"Sharjah",31.1,36.1,"Lower",0,"No",1,"Yes",2516,"Second",30.6,29.2,29.3
5550,34,18,"Abu Dhabi",29.8,16.3,"Lower",0,"No",0,"No",3298,"Second",31.1,31.3,28.8
5551,20.4,13,"Abu Dhabi",36.1,23.5,"High",0,"No",0,"No",3172,"First",34.1,37.3,34.5
5552,43.6,19,"Abu Dhabi",29.5,15.9,"Lower",0,"No",0,"No",3014,"Second",31.2,30.8,29.6
5553,20,38,"Sharjah",37.7,36.7,"High",0,"No",0,"No",3227,"Third",38.3,37.1,36
5554,25.8,22,"Sharjah",36.2,32,"High",0,"No",0,"No",2584,"Second",36.9,40.1,37.7
5555,28.9,36,"Dubai",35.6,48.7,"High",1,"Yes",0,"No",2988,"Third",36.7,35.9,34.6
5556,40.8,7,"Sharjah",33.5,34,"Lower",0,"No",0,"No",2849,"First",33.4,33.6,33.8
5557,39.1,36,"Dubai",31.5,31.8,"Lower",0,"No",0,"No",3923,"Third",33.7,29.3,32.9
5558,27.2,9,"Dubai",35.9,29.9,"High",1,"Yes",0,"No",2674,"First",36,37.1,35.3
5559,37.1,6,"Abu Dhabi",32.1,30,"Lower",0,"No",0,"No",3502,"First",31.7,32.9,31
5560,38.5,27,"Dubai",30.6,28.6,"Lower",0,"No",0,"No",3216,"Second",30.8,30.4,29.9
5561,42,33,"Dubai",34.4,22.3,"Lower",0,"No",0,"No",3400,"Third",36.2,34.9,33.5
5562,43.8,27,"Dubai",33.4,22.5,"Lower",0,"No",0,"No",3298,"Second",33.4,32.2,33.6
5563,27.7,14,"Abu Dhabi",31.8,36.2,"Lower",0,"No",0,"No",2883,"Second",33.5,31.9,29.8
5564,18.1,4,"Dubai",28.3,36.7,"Lower",0,"No",0,"No",3981,"First",27.6,25.9,29.1
5565,22.2,9,"Abu Dhabi",32.6,31.4,"Lower",0,"No",0,"No",3086,"First",31.1,31.7,29.2
5566,34.8,22,"Sharjah",31.5,39,"Lower",0,"No",0,"No",2943,"Second",30.5,30.9,32.7
5567,20.6,36,"Dubai",31.1,31.8,"Lower",0,"No",1,"Yes",3696,"Third",32.1,31.4,32.4
5568,21.6,23,"Abu Dhabi",29,29.9,"Lower",0,"No",0,"No",3359,"Second",30,30,30.2
5569,42.8,6,"Dubai",31.2,33.2,"Lower",0,"No",0,"No",2964,"First",30.3,30.9,31.6
5570,32.4,26,"Abu Dhabi",33.6,26.1,"Lower",0,"No",0,"No",3265,"Second",31.9,35.1,34.9
5571,43.7,28,"Abu Dhabi",31.6,32.1,"Lower",0,"No",0,"No",2574,"Third",32.4,31.6,30
5572,35.1,17,"Dubai",32.3,34.9,"Lower",0,"No",0,"No",3503,"Second",33.9,30.6,34.1
5573,23.2,27,"Dubai",31.9,31,"Lower",1,"Yes",1,"Yes",3264,"Second",31.8,32.2,29.9
5574,37.5,12,"Abu Dhabi",35.8,31.4,"High",0,"No",1,"Yes",2359,"First",35.9,38.3,36.2
5575,24.6,34,"Dubai",37.5,27.6,"High",0,"No",0,"No",2630,"Third",37.3,35.5,38.5
5576,30.5,27,"Dubai",32,25.9,"Lower",1,"Yes",0,"No",3890,"Second",33.2,31.3,30.6
5577,44.6,18,"Abu Dhabi",25.4,33.6,"Lower",0,"No",0,"No",3257,"Second",25.4,23.2,26.2
5578,30.2,20,"Abu Dhabi",35.8,44.1,"High",1,"Yes",0,"No",3662,"Second",33,35.4,36.5
5579,22.7,27,"Abu Dhabi",30.5,34.8,"Lower",0,"No",0,"No",2546,"Second",30,30.9,30.5
5580,31.3,33,"Dubai",32,10.9,"Lower",0,"No",0,"No",3682,"Third",31.4,32.9,28.4
5581,22.7,33,"Dubai",30.8,29.7,"Lower",0,"No",0,"No",3416,"Third",29.6,31,32.5
5582,30.4,39,"Abu Dhabi",31.5,39.8,"Lower",1,"Yes",0,"No",3430,"Third",32,31.3,31.5
5583,21.6,31,"Abu Dhabi",34.7,44.4,"Lower",0,"No",0,"No",4039,"Third",34.6,34.7,32.8
5584,42.3,36,"Sharjah",29.8,44.6,"Lower",0,"No",0,"No",3013,"Third",28.3,28.2,30.8
5585,20.7,23,"Dubai",27.4,35.5,"Lower",0,"No",0,"No",1995,"Second",28.4,26.4,26.3
5586,24.2,26,"Abu Dhabi",31.9,31.3,"Lower",0,"No",0,"No",3671,"Second",31.9,30.7,32.1
5587,25,23,"Abu Dhabi",30.2,30.3,"Lower",0,"No",0,"No",3455,"Second",29.2,30.9,29.7
5588,37.1,14,"Abu Dhabi",37.2,28.8,"High",0,"No",0,"No",3115,"Second",38.9,37.5,37.7
5589,43.8,4,"Sharjah",34.5,41.7,"Lower",0,"No",0,"No",2817,"First",34.7,33,34.7
5590,37.8,6,"Abu Dhabi",35.8,22.7,"High",0,"No",0,"No",2676,"First",32.3,36,34.3
5591,26.7,8,"Sharjah",34.9,35.9,"Lower",0,"No",0,"No",2784,"First",35.9,35.3,34.4
5592,26,29,"Abu Dhabi",29.8,39.1,"Lower",0,"No",1,"Yes",3262,"Third",32.4,31.4,28.9
5593,19.2,30,"Abu Dhabi",30.6,35.6,"Lower",0,"No",0,"No",3709,"Third",29.3,28.3,30.8
5594,30.1,26,"Abu Dhabi",36.5,33.2,"High",0,"No",0,"No",2689,"Second",36.1,37,36.9
5595,36.8,28,"Abu Dhabi",33.1,42.3,"Lower",0,"No",0,"No",3883,"Third",33.8,32.2,31
5596,39.1,35,"Dubai",30,38.3,"Lower",1,"Yes",0,"No",3476,"Third",31.1,31.5,28.9
5597,18.6,21,"Dubai",28.1,32.2,"Lower",0,"No",0,"No",3867,"Second",25.8,27.1,27.4
5598,32.7,24,"Abu Dhabi",29,47,"Lower",0,"No",0,"No",2755,"Second",27.6,27.5,27
5599,24.1,11,"Dubai",29.8,37.9,"Lower",0,"No",0,"No",3899,"First",31.4,28.5,29.5
5600,43.4,37,"Sharjah",30.8,23.9,"Lower",0,"No",0,"No",2866,"Third",30.8,31.2,28.8
5601,41.9,4,"Sharjah",32.8,25.3,"Lower",0,"No",0,"No",3098,"First",30.6,32.4,32.1
5602,36.3,17,"Abu Dhabi",34.3,30,"Lower",0,"No",1,"Yes",2683,"Second",36.3,34.4,33.6
5603,29.4,40,"Dubai",30.7,28,"Lower",0,"No",0,"No",2789,"Third",30.2,31.8,28.9
5604,38.1,29,"Abu Dhabi",30.1,22.3,"Lower",0,"No",0,"No",3548,"Third",32.2,29.6,31.9
5605,18.2,34,"Abu Dhabi",34.6,27,"Lower",0,"No",0,"No",3331,"Third",35.4,35.8,35.6
5606,44.5,25,"Dubai",31.6,23.2,"Lower",0,"No",1,"Yes",3796,"Second",30.6,31.8,30.3
5607,42.3,19,"Dubai",33.8,29.1,"Lower",0,"No",0,"No",3602,"Second",31.3,32.2,36
5608,38.7,16,"Sharjah",29.5,27.1,"Lower",0,"No",0,"No",3098,"Second",30.7,29.9,30.2
5609,19.9,27,"Dubai",31.4,22.8,"Lower",0,"No",0,"No",2745,"Second",34.8,31.2,32.7
5610,39.8,34,"Abu Dhabi",32.3,41.4,"Lower",1,"Yes",0,"No",2957,"Third",32.3,32.9,30.9
5611,29.7,5,"Dubai",34.6,38.1,"Lower",0,"No",0,"No",3045,"First",35.4,35.5,34.5
5612,26.8,4,"Abu Dhabi",27,21.2,"Lower",0,"No",1,"Yes",2953,"First",29.2,27.2,27.8
5613,35.2,6,"Sharjah",32.6,41.4,"Lower",0,"No",0,"No",2347,"First",31.6,31.6,33
5614,32.3,9,"Abu Dhabi",34.3,49.9,"Lower",0,"No",0,"No",2127,"First",32.8,32.8,36.5
5615,19.9,13,"Dubai",32.3,40.3,"Lower",0,"No",0,"No",4047,"First",30.2,33.3,31.2
5616,43.2,23,"Abu Dhabi",30.6,36.6,"Lower",0,"No",1,"Yes",3038,"Second",31.7,27.2,31.4
5617,23.5,17,"Abu Dhabi",32,36.1,"Lower",0,"No",0,"No",3835,"Second",32.7,34.6,35.2
5618,25,15,"Dubai",30.4,31.3,"Lower",0,"No",0,"No",3056,"Second",33.1,30.5,32.3
5619,29.7,22,"Dubai",31.4,38.9,"Lower",0,"No",1,"Yes",2748,"Second",33.2,31.2,33.9
5620,33.5,20,"Abu Dhabi",32.2,35.4,"Lower",0,"No",0,"No",3699,"Second",29.4,31.8,29.8
5621,26.6,22,"Dubai",32.4,17.5,"Lower",0,"No",0,"No",3033,"Second",32.6,30.5,32.1
5622,29.9,25,"Dubai",29.7,27.3,"Lower",0,"No",0,"No",3712,"Second",28.6,29.9,28.7
5623,34.5,6,"Abu Dhabi",28.9,21.5,"Lower",0,"No",0,"No",2947,"First",28.6,30,27.7
5624,39.8,12,"Dubai",34.4,30.5,"Lower",0,"No",0,"No",2932,"First",32.3,35.6,35.4
5625,31.3,29,"Dubai",29.8,35,"Lower",0,"No",0,"No",2884,"Third",29,30.9,31.4
5626,20.8,37,"Dubai",30.4,22,"Lower",1,"Yes",1,"Yes",2873,"Third",33.2,30.8,29.9
5627,19.8,34,"Dubai",25.7,18.8,"Lower",0,"No",0,"No",3517,"Third",23.5,25,22.7
5628,41.8,35,"Sharjah",30,34,"Lower",0,"No",1,"Yes",3679,"Third",29.4,30.8,30.6
5629,20.4,34,"Dubai",35.7,40.6,"High",0,"No",0,"No",2332,"Third",36.5,36,35.2
5630,38.9,10,"Abu Dhabi",28.5,23.1,"Lower",0,"No",0,"No",2354,"First",29.8,28.7,27.6
5631,25.7,30,"Abu Dhabi",34.2,37.9,"Lower",0,"No",0,"No",3419,"Third",34.3,33,36.4
5632,40.5,18,"Dubai",30.8,35.2,"Lower",0,"No",0,"No",3186,"Second",31.8,30.1,30
5633,33.7,15,"Dubai",30.2,43,"Lower",1,"Yes",0,"No",2525,"Second",30.1,32.4,30.6
5634,33.4,38,"Dubai",30.9,32.4,"Lower",0,"No",0,"No",2621,"Third",29,29.7,31.5
5635,43.4,33,"Abu Dhabi",29.8,43.5,"Lower",0,"No",0,"No",2644,"Third",28.5,32.1,29.6
5636,32.9,29,"Sharjah",31.6,39.4,"Lower",0,"No",1,"Yes",3221,"Third",31.4,32.3,34.4
5637,43.6,22,"Abu Dhabi",33.2,27.4,"Lower",0,"No",0,"No",3702,"Second",34.8,31.6,32
5638,43.8,4,"Dubai",33.9,19.5,"Lower",0,"No",0,"No",2136,"First",33.6,33,34.5
5639,31.3,4,"Sharjah",29.1,31.1,"Lower",0,"No",0,"No",3437,"First",28.9,28.3,29.8
5640,30,34,"Abu Dhabi",30.6,41.3,"Lower",0,"No",1,"Yes",3262,"Third",31.8,33.4,30.5
5641,18.7,18,"Dubai",32.5,27.7,"Lower",0,"No",0,"No",3016,"Second",33.1,31.8,31.2
5642,42.2,23,"Abu Dhabi",30.5,33.7,"Lower",0,"No",0,"No",2069,"Second",31.5,28.3,30.3
5643,39.6,7,"Abu Dhabi",29.1,28.5,"Lower",0,"No",0,"No",3671,"First",29.4,30,28.4
5644,40.4,29,"Dubai",30,36.8,"Lower",0,"No",0,"No",3103,"Third",26.8,30.7,30.5
5645,41.4,33,"Dubai",35.1,25.3,"High",0,"No",0,"No",3206,"Third",35.4,36.1,34.5
5646,38.4,22,"Dubai",32.5,30.3,"Lower",0,"No",0,"No",3113,"Second",31.4,35.6,32.2
5647,27.4,4,"Sharjah",32.3,21,"Lower",0,"No",0,"No",3519,"First",34.1,32.2,30.3
5648,23.5,30,"Dubai",31.4,24,"Lower",0,"No",0,"No",3827,"Third",32.1,33,32.9
5649,34.6,28,"Abu Dhabi",28.8,34.3,"Lower",0,"No",0,"No",3410,"Third",29.3,28.4,28.2
5650,42.8,18,"Abu Dhabi",36.3,26.7,"High",0,"No",1,"Yes",3137,"Second",35.5,34.9,37.7
5651,23.6,24,"Abu Dhabi",32,18.1,"Lower",0,"No",0,"No",3212,"Second",31.7,29.7,34.7
5652,21.5,14,"Abu Dhabi",33.7,27.1,"Lower",0,"No",0,"No",2920,"Second",32.6,34.1,32.4
5653,30.8,21,"Dubai",29.6,37,"Lower",0,"No",0,"No",3677,"Second",31,24.8,28.6
5654,32.6,20,"Dubai",30.2,23.9,"Lower",0,"No",0,"No",4093,"Second",30.2,32.8,32.5
5655,34.9,5,"Sharjah",27.4,25.3,"Lower",0,"No",0,"No",2808,"First",27.4,26.7,25.9
5656,25.4,10,"Abu Dhabi",31.5,26.8,"Lower",0,"No",0,"No",2514,"First",28.3,31.3,29.3
5657,39.6,30,"Dubai",37.6,23.6,"High",0,"No",1,"Yes",2623,"Third",38.3,39.6,39.4
5658,30.1,36,"Sharjah",32,29.9,"Lower",0,"No",0,"No",2903,"Third",31.8,32.4,30.8
5659,36.9,20,"Abu Dhabi",30.3,32.8,"Lower",0,"No",0,"No",2428,"Second",32.5,29.2,28.5
5660,22.9,35,"Abu Dhabi",32.2,30.3,"Lower",0,"No",0,"No",2499,"Third",32.7,31.8,31.5
5661,35.2,35,"Abu Dhabi",31.6,36.3,"Lower",0,"No",0,"No",2874,"Third",30.9,28.8,32
5662,37.6,27,"Abu Dhabi",28.6,17.3,"Lower",0,"No",0,"No",4231,"Second",28.2,26.7,30.1
5663,20.7,39,"Dubai",31.3,34.3,"Lower",0,"No",0,"No",2604,"Third",31.8,30.8,30.6
5664,23.3,37,"Abu Dhabi",35.8,30.3,"High",0,"No",0,"No",2321,"Third",37.6,36.6,34.7
5665,42.6,21,"Dubai",33.5,37.1,"Lower",0,"No",0,"No",3207,"Second",35.5,32.5,33.7
5666,24.1,23,"Abu Dhabi",32.5,41.5,"Lower",0,"No",0,"No",3284,"Second",33.6,31.4,33.9
5667,18.2,4,"Abu Dhabi",30.5,27.4,"Lower",0,"No",0,"No",2793,"First",29.1,27.4,31
5668,40,11,"Dubai",26.9,20.7,"Lower",0,"No",0,"No",3358,"First",26.7,28.8,26.5
5669,23.1,7,"Dubai",31,33.2,"Lower",0,"No",0,"No",3531,"First",31.6,28.6,30.3
5670,42,9,"Abu Dhabi",29,28.7,"Lower",0,"No",0,"No",3504,"First",28.1,29.8,27.9
5671,41.7,31,"Abu Dhabi",26.6,18,"Lower",0,"No",0,"No",3375,"Third",24.8,24.2,25.5
5672,35.5,10,"Abu Dhabi",26.8,26.7,"Lower",0,"No",0,"No",3444,"First",29.4,26.2,26.8
5673,24.4,14,"Abu Dhabi",29.2,26.4,"Lower",0,"No",0,"No",3046,"Second",31.3,30.4,33
5674,32,23,"Abu Dhabi",31.4,20.7,"Lower",0,"No",0,"No",2437,"Second",31.8,30.2,31.1
5675,27.4,40,"Dubai",28.6,29.6,"Lower",0,"No",1,"Yes",3528,"Third",28.2,30.5,28.3
5676,36.5,18,"Dubai",34.3,19.3,"Lower",0,"No",0,"No",3468,"Second",32.5,34.2,36.4
5677,44.8,30,"Dubai",35.5,25.1,"High",0,"No",0,"No",2685,"Third",35.9,34.4,36.6
5678,28.6,22,"Abu Dhabi",30.7,21.9,"Lower",0,"No",0,"No",2279,"Second",30.4,32.5,29.4
5679,40.4,10,"Abu Dhabi",33.1,29.1,"Lower",0,"No",0,"No",3604,"First",37.3,34,31
5680,23.4,13,"Abu Dhabi",33.2,38.3,"Lower",0,"No",0,"No",2939,"First",34.1,35,34.5
5681,20.2,36,"Dubai",29.2,36.9,"Lower",0,"No",0,"No",2839,"Third",30,26.7,31.8
5682,25.1,5,"Abu Dhabi",29.4,32,"Lower",0,"No",0,"No",3551,"First",29.8,31.3,28.5
5683,26.4,28,"Dubai",33,28.5,"Lower",0,"No",0,"No",3299,"Third",31.8,31.7,31.3
5684,34.5,5,"Dubai",29.2,31.2,"Lower",0,"No",0,"No",3377,"First",30.6,27.7,29.1
5685,23,24,"Sharjah",27.9,28.4,"Lower",0,"No",0,"No",3750,"Second",31.3,31.9,28.8
5686,41.5,28,"Dubai",32.1,26,"Lower",0,"No",0,"No",3265,"Third",32.2,33.4,32.9
5687,32.5,29,"Dubai",34.4,43.2,"Lower",0,"No",1,"Yes",2974,"Third",35.2,36.5,35.1
5688,26.2,11,"Abu Dhabi",32.9,26.7,"Lower",0,"No",1,"Yes",3204,"First",33.5,33.8,31.9
5689,20.4,40,"Abu Dhabi",30.9,32.1,"Lower",0,"No",1,"Yes",2554,"Third",29,29.4,33.7
5690,24.3,37,"Abu Dhabi",30.5,8.7,"Lower",1,"Yes",0,"No",3118,"Third",30.4,29.8,28
5691,28.4,17,"Sharjah",29.8,38.8,"Lower",0,"No",0,"No",3216,"Second",30.7,29.8,29
5692,33.9,17,"Dubai",34.6,37.6,"Lower",0,"No",0,"No",3672,"Second",34.6,32.5,34.9
5693,42.9,4,"Dubai",32.2,17.7,"Lower",0,"No",0,"No",2806,"First",34.6,34.7,34.1
5694,24.3,37,"Sharjah",33.4,31.1,"Lower",0,"No",1,"Yes",2947,"Third",35.4,31.8,33
5695,38.2,7,"Dubai",34.9,16.5,"Lower",0,"No",0,"No",3503,"First",35.9,32.9,33.3
5696,26.5,17,"Sharjah",36,19.6,"High",0,"No",0,"No",2837,"Second",36.4,34.7,32.9
5697,36.7,38,"Abu Dhabi",28.6,29.4,"Lower",0,"No",0,"No",3236,"Third",26.9,27.7,27.7
5698,19.9,30,"Abu Dhabi",32.4,23.3,"Lower",0,"No",1,"Yes",2165,"Third",33.2,31.2,35
5699,25.8,17,"Sharjah",33,30.9,"Lower",0,"No",0,"No",3486,"Second",33.3,33.2,33.2
5700,20.6,34,"Dubai",28.1,38.1,"Lower",0,"No",0,"No",3372,"Third",27.2,27.5,29.6
5701,28.2,39,"Dubai",32.4,28.6,"Lower",0,"No",0,"No",2816,"Third",33,31.1,31.8
5702,35.1,9,"Sharjah",32.3,37.4,"Lower",0,"No",0,"No",2891,"First",33,32.4,32.2
5703,35.7,16,"Abu Dhabi",36,41.7,"High",0,"No",0,"No",2831,"Second",36.3,37.8,35.1
5704,43.5,23,"Dubai",31.8,39.4,"Lower",0,"No",0,"No",3349,"Second",31.9,33.5,31.2
5705,20.3,18,"Dubai",33.7,34.7,"Lower",0,"No",0,"No",3191,"Second",34.7,32.6,35.3
5706,23.4,6,"Abu Dhabi",30.7,15.1,"Lower",0,"No",0,"No",2891,"First",30.1,30.4,31.3
5707,18.1,23,"Sharjah",35.4,27.4,"High",0,"No",0,"No",3399,"Second",37,33.7,32.9
5708,26.1,32,"Sharjah",31.4,11.6,"Lower",0,"No",0,"No",3191,"Third",29.1,32.1,30.7
5709,27.9,25,"Dubai",29.7,27.7,"Lower",0,"No",0,"No",3159,"Second",31.8,30,29.1
5710,39.8,27,"Sharjah",32.7,23.4,"Lower",0,"No",0,"No",3316,"Second",31.5,31.9,31.8
5711,27.7,30,"Abu Dhabi",32.7,33.1,"Lower",0,"No",0,"No",2913,"Third",31.9,30.8,32.7
5712,20.2,19,"Dubai",35.5,29.8,"High",0,"No",0,"No",3384,"Second",31.9,34.3,37.7
5713,39.3,36,"Abu Dhabi",35.6,30.4,"High",0,"No",0,"No",3020,"Third",34,34.3,35.3
5714,40.3,37,"Abu Dhabi",30.9,20.7,"Lower",0,"No",0,"No",3270,"Third",31.7,29.9,30.3
5715,25.8,20,"Dubai",32.7,22.4,"Lower",0,"No",0,"No",3458,"Second",29.3,33.7,32.4
5716,28.4,12,"Abu Dhabi",30.3,22.1,"Lower",0,"No",0,"No",2714,"First",30.1,34.2,28.7
5717,24,35,"Abu Dhabi",34.4,24.7,"Lower",0,"No",0,"No",3256,"Third",32.7,33.1,33.8
5718,28.3,33,"Dubai",33,33.1,"Lower",0,"No",0,"No",3650,"Third",32.3,30.8,33.1
5719,36.7,28,"Abu Dhabi",29.2,31.1,"Lower",1,"Yes",0,"No",2964,"Third",26.7,27.6,29.1
5720,24.5,12,"Dubai",25.8,34.2,"Lower",0,"No",0,"No",2536,"First",27.1,26.4,26.8
5721,24.5,27,"Sharjah",32.9,25.4,"Lower",0,"No",0,"No",3411,"Second",31.4,33.9,34.1
5722,31.6,19,"Dubai",31.7,39.6,"Lower",0,"No",0,"No",3768,"Second",32.8,32.4,32.4
5723,43.4,16,"Dubai",29.9,15.8,"Lower",0,"No",0,"No",3822,"Second",29.6,31.8,32.5
5724,26.7,9,"Abu Dhabi",29.9,28.2,"Lower",0,"No",1,"Yes",4010,"First",30.3,31.6,28.3
5725,22,30,"Abu Dhabi",29.7,28.5,"Lower",0,"No",0,"No",3665,"Third",29.5,29.8,29.9
5726,25.1,33,"Dubai",35.6,32.5,"High",0,"No",1,"Yes",3081,"Third",35.4,33.1,36
5727,39.6,39,"Abu Dhabi",35,35.1,"High",0,"No",0,"No",2761,"Third",35.5,35.5,32.2
5728,30.7,31,"Abu Dhabi",35.8,40,"High",0,"No",0,"No",2513,"Third",35.8,36.5,34.2
5729,18.5,6,"Dubai",26,39.7,"Lower",0,"No",0,"No",3907,"First",23.3,28.2,25.7
5730,41,19,"Dubai",29.8,32,"Lower",0,"No",0,"No",3561,"Second",28.7,30.1,27.7
5731,43.2,35,"Dubai",35,31.7,"High",0,"No",0,"No",2539,"Third",34.6,32.9,35.3
5732,19.7,16,"Dubai",31.1,15.1,"Lower",0,"No",0,"No",3506,"Second",29.2,30.3,32.7
5733,30.1,31,"Dubai",26.5,14.2,"Lower",0,"No",0,"No",4056,"Third",29.1,25.6,24.7
5734,38.5,11,"Dubai",29.8,21.6,"Lower",0,"No",0,"No",3088,"First",34.1,29.8,30.1
5735,18.5,12,"Sharjah",31.6,12.6,"Lower",0,"No",0,"No",3087,"First",31.2,30.7,31.5
5736,27.4,12,"Dubai",28.8,27,"Lower",0,"No",0,"No",2670,"First",27,27.6,29.7
5737,19.9,10,"Sharjah",33.9,21.8,"Lower",1,"Yes",0,"No",4288,"First",35.8,34.8,33.6
5738,30,35,"Sharjah",35.3,28,"High",0,"No",0,"No",3246,"Third",37.6,36.3,33.8
5739,29.7,39,"Abu Dhabi",27.3,18.4,"Lower",0,"No",0,"No",3511,"Third",25.9,24.2,27.1
5740,37.4,17,"Dubai",29.7,33.4,"Lower",0,"No",0,"No",3372,"Second",28.5,29.9,31.4
5741,43.9,17,"Dubai",34,40.3,"Lower",0,"No",0,"No",3468,"Second",30.9,32.6,35.2
5742,44.1,10,"Abu Dhabi",31.5,27.4,"Lower",0,"No",0,"No",2685,"First",30.9,34.1,29.1
5743,25.4,15,"Abu Dhabi",36.6,25.4,"High",0,"No",0,"No",2737,"Second",37.7,37.7,36.1
5744,27.1,32,"Abu Dhabi",27.1,33,"Lower",0,"No",0,"No",3140,"Third",26.5,29.4,26.5
5745,29.7,33,"Abu Dhabi",38.4,17.9,"High",0,"No",0,"No",3419,"Third",36.6,40.9,37.7
5746,29.8,8,"Abu Dhabi",29.9,19.7,"Lower",0,"No",0,"No",3433,"First",28.9,30.6,29.4
5747,39.8,26,"Sharjah",34.2,42.9,"Lower",0,"No",0,"No",2455,"Second",31.9,34.1,35.5
5748,23.6,25,"Abu Dhabi",31,24.6,"Lower",1,"Yes",0,"No",3549,"Second",27.5,31.4,31.4
5749,31,39,"Dubai",32.7,32.9,"Lower",0,"No",0,"No",2281,"Third",30.7,32.2,31.7
5750,26.3,14,"Dubai",38,32.7,"High",0,"No",0,"No",3036,"Second",39.8,38.4,39.2
5751,28.5,8,"Abu Dhabi",31.8,25.5,"Lower",0,"No",0,"No",2708,"First",32.7,30.8,28.9
5752,38.5,7,"Sharjah",35.1,26.3,"High",0,"No",0,"No",2771,"First",35.4,33.9,35.1
5753,30.7,14,"Dubai",28.4,21,"Lower",0,"No",0,"No",2438,"Second",27.5,28.8,31.1
5754,44.8,38,"Dubai",24.6,18.2,"Lower",0,"No",0,"No",2865,"Third",25.5,25.3,25.6
5755,27.8,9,"Dubai",34.2,38.7,"Lower",0,"No",0,"No",3396,"First",36.2,34.3,36.2
5756,34.3,10,"Dubai",32.5,33.2,"Lower",0,"No",0,"No",3050,"First",33.1,32.5,35.2
5757,33.4,10,"Sharjah",31.9,15.7,"Lower",0,"No",1,"Yes",2869,"First",32.5,30.6,33.3
5758,37.9,31,"Abu Dhabi",34.7,22.9,"Lower",0,"No",0,"No",3179,"Third",35.3,33.2,34.3
5759,35.9,9,"Dubai",31.2,29.1,"Lower",0,"No",0,"No",3490,"First",32.9,32.5,31.4
5760,37.6,25,"Abu Dhabi",33.9,32.1,"Lower",0,"No",0,"No",3438,"Second",37.3,34.9,33.1
5761,19.4,26,"Dubai",30.2,24.4,"Lower",0,"No",0,"No",3928,"Second",30.8,32.3,29.3
5762,22.6,13,"Abu Dhabi",29.7,42.7,"Lower",0,"No",0,"No",2304,"First",29.2,28.6,28.5
5763,27.9,22,"Abu Dhabi",31.8,42.1,"Lower",0,"No",0,"No",2290,"Second",32.1,32.4,28.8
5764,22.4,18,"Abu Dhabi",27,18.1,"Lower",0,"No",0,"No",3172,"Second",28.4,28,27.4
5765,23.3,26,"Dubai",31.2,30.5,"Lower",0,"No",1,"Yes",3433,"Second",30.6,31.7,29.8
5766,40.6,10,"Dubai",27.2,23.1,"Lower",0,"No",0,"No",3605,"First",31.1,25.1,26.1
5767,36.7,20,"Sharjah",31.1,9.9,"Lower",0,"No",0,"No",3338,"Second",29.2,34.9,30.8
5768,35.1,12,"Dubai",30.5,22.9,"Lower",0,"No",0,"No",2910,"First",27.9,29.3,28.1
5769,30.5,33,"Abu Dhabi",30.2,35.3,"Lower",0,"No",0,"No",3229,"Third",29.3,33.4,31.6
5770,27.2,24,"Sharjah",28,30.5,"Lower",0,"No",0,"No",2542,"Second",28.5,29.5,29.2
5771,20.4,20,"Dubai",30.2,40.8,"Lower",0,"No",0,"No",3095,"Second",32.3,30.1,30.5
5772,43.7,21,"Sharjah",33.9,33.7,"Lower",0,"No",0,"No",3173,"Second",32.5,33.9,35.1
5773,35.5,14,"Dubai",30.6,35.3,"Lower",0,"No",0,"No",3371,"Second",31.3,30.3,32.8
5774,20.5,16,"Abu Dhabi",32.7,20.7,"Lower",0,"No",0,"No",3475,"Second",35.8,32.7,34
5775,18.4,30,"Dubai",30.8,32.4,"Lower",0,"No",0,"No",2628,"Third",33.7,33.4,29.8
5776,30.7,36,"Abu Dhabi",31.4,45.4,"Lower",0,"No",0,"No",3894,"Third",31.9,31.5,32.2
5777,40,9,"Sharjah",29,34.3,"Lower",0,"No",0,"No",2421,"First",25.7,30.8,29.7
5778,19.7,25,"Dubai",33.3,30.5,"Lower",0,"No",0,"No",3389,"Second",31.2,31.8,35.4
5779,19.5,17,"Abu Dhabi",32.2,36.4,"Lower",0,"No",0,"No",2570,"Second",32.4,30.7,32.6
5780,35.4,28,"Abu Dhabi",32.2,23.1,"Lower",0,"No",0,"No",3421,"Third",33.7,32.4,33.3
5781,43.9,32,"Abu Dhabi",27.8,5.8,"Lower",0,"No",0,"No",4384,"Third",28,27.4,28.8
5782,20.5,16,"Dubai",32.2,20.8,"Lower",0,"No",0,"No",2926,"Second",31.8,30.5,31.5
5783,25.3,18,"Dubai",33.4,18.8,"Lower",0,"No",0,"No",3677,"Second",35.3,33.7,32.7
5784,40.6,26,"Abu Dhabi",26.9,48.2,"Lower",0,"No",0,"No",4084,"Second",26.1,27,26
5785,26.9,32,"Abu Dhabi",34.1,39.7,"Lower",0,"No",0,"No",3054,"Third",32.9,30.7,34.7
5786,36.5,20,"Abu Dhabi",35.7,35.4,"High",0,"No",0,"No",3344,"Second",39,34.6,35.7
5787,20.9,32,"Sharjah",32.1,21.9,"Lower",0,"No",0,"No",3134,"Third",32.1,31.6,31
5788,41.2,11,"Abu Dhabi",28.2,29,"Lower",0,"No",0,"No",3821,"First",30.5,27.7,31.6
5789,18.9,12,"Abu Dhabi",39.1,22.5,"High",0,"No",0,"No",2770,"First",39.3,38.6,36.3
5790,32,33,"Dubai",31.8,26.5,"Lower",0,"No",0,"No",2593,"Third",32.8,29.8,31.7
5791,33.8,26,"Abu Dhabi",27.8,23,"Lower",0,"No",0,"No",3720,"Second",28.3,28.1,28.6
5792,27.3,8,"Abu Dhabi",32.9,51.7,"Lower",0,"No",0,"No",3352,"First",34,34.7,33.6
5793,19.7,36,"Dubai",36.4,23.6,"High",0,"No",0,"No",2873,"Third",38.4,37,36.5
5794,39.8,24,"Abu Dhabi",32.1,43.3,"Lower",0,"No",0,"No",3576,"Second",32.4,31.8,30.9
5795,38.6,29,"Sharjah",33.7,20.2,"Lower",0,"No",0,"No",3813,"Third",33.1,33.7,33.1
5796,30.8,6,"Dubai",29.6,14.1,"Lower",0,"No",0,"No",3498,"First",29.1,28.4,30.2
5797,18.6,8,"Dubai",29.5,32.3,"Lower",0,"No",0,"No",2425,"First",30.5,29.1,31.8
5798,28.1,33,"Dubai",27.2,31.6,"Lower",0,"No",0,"No",3490,"Third",27.4,25.9,28
5799,24.4,27,"Abu Dhabi",33.6,41,"Lower",0,"No",0,"No",2558,"Second",30.1,36.4,32
5800,44.2,22,"Sharjah",28.9,38.8,"Lower",0,"No",0,"No",2424,"Second",29.5,30,31.1
5801,37,37,"Dubai",32.7,36.7,"Lower",0,"No",0,"No",3274,"Third",32.3,32,34.6
5802,43.2,30,"Dubai",32.2,35,"Lower",0,"No",0,"No",3068,"Third",33.6,30.2,32.1
5803,29.1,28,"Sharjah",34,30.6,"Lower",0,"No",1,"Yes",3160,"Third",35.8,34.7,34.8
5804,30.1,13,"Abu Dhabi",32,32.6,"Lower",0,"No",0,"No",3327,"First",32.9,33.4,32
5805,37.7,40,"Dubai",31.9,33,"Lower",0,"No",0,"No",2184,"Third",34,35.2,32.2
5806,28.3,31,"Dubai",32.9,11.3,"Lower",1,"Yes",0,"No",3121,"Third",31,30.5,32.2
5807,33.2,7,"Dubai",28.3,29.3,"Lower",0,"No",0,"No",2885,"First",29.2,25.9,26.2
5808,36.3,34,"Dubai",31.3,38.4,"Lower",0,"No",0,"No",3150,"Third",31.2,33.2,34
5809,31.2,40,"Dubai",28,15.6,"Lower",0,"No",0,"No",4155,"Third",29.8,26.3,27.1
5810,20,12,"Dubai",30.9,19.8,"Lower",0,"No",0,"No",3578,"First",30.9,29.7,30
5811,44,9,"Abu Dhabi",33.2,33.5,"Lower",1,"Yes",0,"No",2487,"First",34.4,34.3,34.7
5812,24.7,38,"Sharjah",33.4,47.9,"Lower",0,"No",0,"No",3406,"Third",31.9,32.9,33.8
5813,21.9,38,"Abu Dhabi",38.1,25,"High",0,"No",0,"No",2703,"Third",39,35.7,37.7
5814,33.5,19,"Dubai",33.1,33.1,"Lower",0,"No",0,"No",3329,"Second",32.5,33.6,36
5815,30,6,"Dubai",33.5,33.4,"Lower",0,"No",0,"No",2731,"First",34.7,35,34.3
5816,31.7,23,"Abu Dhabi",34.5,27.2,"Lower",1,"Yes",0,"No",2959,"Second",32.9,33,37
5817,23.4,36,"Abu Dhabi",29.8,35.4,"Lower",0,"No",0,"No",2349,"Third",31.7,29.8,29.7
5818,38.3,30,"Abu Dhabi",32.2,40.4,"Lower",0,"No",0,"No",2779,"Third",30,31.3,32.9
5819,23.2,40,"Dubai",30.4,14.7,"Lower",0,"No",0,"No",3499,"Third",32.1,30.2,32.5
5820,25,18,"Dubai",34.6,35.4,"Lower",0,"No",0,"No",2936,"Second",37.1,34.8,34.7
5821,28,34,"Abu Dhabi",33.7,20.3,"Lower",0,"No",0,"No",2885,"Third",32.6,32.7,34.7
5822,37.7,37,"Abu Dhabi",33.2,31.5,"Lower",0,"No",0,"No",2604,"Third",30.7,33.6,31.1
5823,22.4,28,"Dubai",33.3,30.6,"Lower",0,"No",1,"Yes",4100,"Third",31.4,32.5,30.6
5824,43.7,14,"Abu Dhabi",27.8,28.9,"Lower",0,"No",0,"No",3082,"Second",28.2,29.8,29.1
5825,38.6,8,"Abu Dhabi",35.6,43.8,"High",1,"Yes",0,"No",2182,"First",35.1,35.8,33
5826,24.6,31,"Abu Dhabi",32.1,20,"Lower",1,"Yes",0,"No",2484,"Third",32,33.8,32.4
5827,39.4,39,"Abu Dhabi",30.6,31.1,"Lower",0,"No",0,"No",3322,"Third",34.1,31.1,29.3
5828,26.7,4,"Sharjah",25.3,34.2,"Lower",0,"No",0,"No",3510,"First",23.8,22.9,26.2
5829,35.6,39,"Sharjah",32.6,31.7,"Lower",0,"No",0,"No",3251,"Third",33,31.3,34.9
5830,22,14,"Sharjah",28.1,36.5,"Lower",1,"Yes",0,"No",3106,"Second",26.6,29.6,26.8
5831,18.6,9,"Dubai",30.8,44,"Lower",1,"Yes",0,"No",3892,"First",31.1,32.1,30
5832,43.8,26,"Abu Dhabi",35.9,23.5,"High",0,"No",0,"No",3650,"Second",35.5,38.6,33.4
5833,26.2,40,"Sharjah",33.1,27.5,"Lower",0,"No",0,"No",3181,"Third",31.8,30.9,36.4
5834,31.2,31,"Dubai",32.1,25.2,"Lower",0,"No",0,"No",3442,"Third",32.6,29.9,35.6
5835,35.1,12,"Dubai",28.9,19.9,"Lower",0,"No",0,"No",2948,"First",26,29,26.5
5836,20.4,12,"Dubai",26.4,39.4,"Lower",0,"No",0,"No",2915,"First",29,26.5,25.4
5837,29,31,"Dubai",35.3,25.4,"High",0,"No",0,"No",3345,"Third",34.1,36.5,36.1
5838,36.9,13,"Sharjah",36.3,25.5,"High",0,"No",0,"No",3793,"First",35.2,34,34.1
5839,42.7,8,"Abu Dhabi",32.8,41,"Lower",0,"No",1,"Yes",3201,"First",33.1,35.4,31.2
5840,29.5,5,"Abu Dhabi",33.4,38.5,"Lower",0,"No",0,"No",2777,"First",33.8,32.9,34.3
5841,26.7,39,"Dubai",31.3,25.1,"Lower",0,"No",0,"No",2385,"Third",30.8,30.3,32.8
5842,22,20,"Abu Dhabi",28.5,30.2,"Lower",0,"No",0,"No",3077,"Second",29.4,28.2,28.8
5843,29.5,16,"Dubai",27.6,32.2,"Lower",0,"No",0,"No",2343,"Second",28.3,29.7,27.4
5844,34.2,25,"Dubai",29.4,27.6,"Lower",0,"No",0,"No",3090,"Second",31.4,27.2,29.1
5845,33.8,22,"Dubai",32.7,35.5,"Lower",0,"No",0,"No",2832,"Second",32.8,32.8,32.3
5846,40,18,"Abu Dhabi",31.6,20.9,"Lower",0,"No",0,"No",3221,"Second",31.2,29.9,31.5
5847,35.8,14,"Sharjah",37.4,29.5,"High",0,"No",0,"No",3565,"Second",39,39.3,36.5
5848,24.6,34,"Abu Dhabi",32.7,30.5,"Lower",0,"No",1,"Yes",2958,"Third",31.3,34.8,31.2
5849,35.3,40,"Dubai",30.4,34.1,"Lower",0,"No",0,"No",3466,"Third",27.7,32.5,31.8
5850,32.2,37,"Sharjah",34.7,33.9,"Lower",0,"No",0,"No",3738,"Third",34.7,34.6,33.3
5851,25.7,5,"Dubai",32.4,32.9,"Lower",0,"No",0,"No",3158,"First",32.4,31.5,30.3
5852,20,39,"Dubai",34.5,30.3,"Lower",0,"No",0,"No",3019,"Third",32.8,35.2,33.4
5853,42.7,25,"Dubai",36.2,34.2,"High",0,"No",0,"No",3040,"Second",38.1,37.3,36.8
5854,20.7,40,"Abu Dhabi",35.7,25.3,"High",0,"No",0,"No",3198,"Third",34.3,36.7,36.4
5855,35.6,5,"Dubai",33.6,27.3,"Lower",0,"No",0,"No",3176,"First",32.9,33.5,35.8
5856,25.9,20,"Sharjah",27.4,25.1,"Lower",0,"No",0,"No",3046,"Second",29.6,28.9,25.5
5857,34.9,27,"Dubai",31.6,13.6,"Lower",0,"No",0,"No",3746,"Second",30.1,30.3,33.1
5858,38,4,"Dubai",27.3,9.4,"Lower",0,"No",1,"Yes",3790,"First",29.2,27.8,28.1
5859,22,37,"Abu Dhabi",33.1,36.2,"Lower",0,"No",0,"No",2898,"Third",33.3,29.7,29.9
5860,18.6,29,"Sharjah",31.7,23.9,"Lower",0,"No",0,"No",2888,"Third",32.4,32.4,33.7
5861,22.2,16,"Abu Dhabi",37.6,34.8,"High",0,"No",0,"No",3528,"Second",35,38.9,36.6
5862,38.1,18,"Sharjah",41.2,19.1,"High",1,"Yes",0,"No",2771,"Second",40.4,41.8,43.5
5863,24.5,29,"Abu Dhabi",35.4,44.8,"High",0,"No",0,"No",2925,"Third",36.2,36.3,35.8
5864,35,8,"Sharjah",34.5,29.7,"Lower",0,"No",0,"No",2778,"First",33.2,33.5,33.5
5865,24.6,33,"Sharjah",33.5,34.9,"Lower",0,"No",0,"No",2722,"Third",33.7,33.8,34.5
5866,42.8,23,"Sharjah",31.5,34.5,"Lower",0,"No",0,"No",3177,"Second",32.6,31.9,32
5867,39.5,24,"Dubai",32.6,30.3,"Lower",0,"No",0,"No",2675,"Second",31.6,31.8,31.8
5868,43.5,20,"Dubai",29.1,45.2,"Lower",0,"No",0,"No",3296,"Second",32.4,29.1,27.7
5869,39.6,23,"Dubai",33.9,34.4,"Lower",0,"No",0,"No",3703,"Second",29.8,33.3,34.9
5870,44.5,16,"Dubai",31.8,33.5,"Lower",0,"No",0,"No",2835,"Second",29.5,30.7,32.7
5871,38.8,8,"Sharjah",36.8,17.9,"High",0,"No",0,"No",3328,"First",35.8,36.4,37.2
5872,34.8,26,"Abu Dhabi",33.9,21.1,"Lower",0,"No",0,"No",2327,"Second",32.9,35.6,34.2
5873,30.1,12,"Abu Dhabi",31.7,15.8,"Lower",0,"No",0,"No",2950,"First",33.8,30.2,34.8
5874,31.4,40,"Sharjah",29.8,37.2,"Lower",0,"No",0,"No",2561,"Third",30.4,29.8,30.2
5875,24.1,19,"Dubai",36.3,31.1,"High",0,"No",0,"No",3163,"Second",36.5,35.7,37.6
5876,41.3,7,"Dubai",29.3,36.7,"Lower",0,"No",0,"No",3590,"First",29.3,28,28.3
5877,19.5,11,"Dubai",33.6,30.9,"Lower",0,"No",1,"Yes",3038,"First",33.9,35.8,34.4
5878,26.7,37,"Abu Dhabi",29,36.6,"Lower",0,"No",1,"Yes",3093,"Third",29.8,28.4,27
5879,20.5,12,"Abu Dhabi",29,31.8,"Lower",0,"No",0,"No",2587,"First",29,30.8,28
5880,41.5,10,"Abu Dhabi",35.5,26.1,"High",0,"No",1,"Yes",3169,"First",36.3,39.5,35.2
5881,43.1,21,"Abu Dhabi",31.3,37.7,"Lower",0,"No",0,"No",2868,"Second",33.4,31.6,33.2
5882,22.6,15,"Dubai",31.5,25.7,"Lower",0,"No",0,"No",2997,"Second",32.9,29.6,30.6
5883,23.3,27,"Sharjah",39,27.5,"High",0,"No",0,"No",2938,"Second",38.3,38.2,38.8
5884,24,25,"Abu Dhabi",24.8,21,"Lower",0,"No",0,"No",3784,"Second",25.7,23.3,25.7
5885,22.4,8,"Abu Dhabi",33.5,38.5,"Lower",0,"No",0,"No",3582,"First",34.7,32.5,31.8
5886,27.4,22,"Abu Dhabi",32.6,31.8,"Lower",0,"No",0,"No",3845,"Second",30.2,32.1,31.7
5887,25.3,15,"Abu Dhabi",27,32.6,"Lower",0,"No",0,"No",3534,"Second",26.6,29.7,27.6
5888,37.2,18,"Abu Dhabi",34.7,24.2,"Lower",0,"No",0,"No",3211,"Second",33.9,31.8,35.8
5889,22.3,30,"Dubai",29.6,37.4,"Lower",0,"No",0,"No",3394,"Third",30.9,30.8,30.2
5890,39.3,11,"Sharjah",25,34.4,"Lower",0,"No",0,"No",3484,"First",26.4,23.4,23.5
5891,23.3,36,"Abu Dhabi",30.3,29.9,"Lower",0,"No",0,"No",2780,"Third",29.5,29.1,31.9
5892,37.5,27,"Abu Dhabi",28.9,29.2,"Lower",0,"No",0,"No",4068,"Second",29.3,28.3,28.3
5893,43.9,32,"Dubai",34.1,22.4,"Lower",0,"No",0,"No",2925,"Third",32.8,33.4,35.9
5894,33.7,37,"Sharjah",25.9,32.9,"Lower",0,"No",0,"No",2786,"Third",23.7,25.4,27.4
5895,24,4,"Dubai",35.1,32.9,"High",0,"No",0,"No",2669,"First",36.3,34.8,37.6
5896,43.6,9,"Dubai",32.7,30.7,"Lower",1,"Yes",0,"No",3444,"First",34.2,32.6,29.8
5897,26.2,8,"Abu Dhabi",29,48.3,"Lower",0,"No",1,"Yes",3069,"First",29.3,28.5,30.4
5898,22.6,34,"Abu Dhabi",25.4,25.9,"Lower",0,"No",0,"No",2626,"Third",23.4,24.7,25.6
5899,30.4,13,"Abu Dhabi",33.5,40.4,"Lower",0,"No",0,"No",4010,"First",34.4,34.2,35.9
5900,43.1,19,"Sharjah",31,27.3,"Lower",1,"Yes",0,"No",3622,"Second",28,30.2,32.5
5901,44.3,35,"Abu Dhabi",29.2,37.8,"Lower",0,"No",0,"No",3793,"Third",27.7,28.6,30.8
5902,31.2,10,"Abu Dhabi",30.7,24.9,"Lower",0,"No",0,"No",3498,"First",30.3,30.7,29.5
5903,27,28,"Sharjah",33.1,35.6,"Lower",0,"No",0,"No",3475,"Third",30.8,30.3,34.6
5904,28.4,20,"Abu Dhabi",29.9,23.5,"Lower",0,"No",0,"No",4083,"Second",32.1,28.4,29.9
5905,34,39,"Dubai",32.3,28.3,"Lower",0,"No",0,"No",3217,"Third",32.4,29,31.5
5906,27.5,16,"Dubai",34.4,15.2,"Lower",0,"No",0,"No",3379,"Second",34.7,32.7,33.4
5907,34.7,40,"Dubai",34.3,36,"Lower",0,"No",0,"No",3085,"Third",35.4,32.7,32.4
5908,34.1,34,"Dubai",28.9,42,"Lower",0,"No",0,"No",3571,"Third",28.4,28.8,29.8
5909,28,6,"Abu Dhabi",29.3,28,"Lower",0,"No",0,"No",3046,"First",28.2,27.1,30
5910,23.7,34,"Abu Dhabi",35.8,29.4,"High",0,"No",0,"No",3027,"Third",32.8,35.8,38
5911,18.3,33,"Dubai",28.5,35,"Lower",0,"No",0,"No",3617,"Third",28.2,27.4,27
5912,27.1,12,"Dubai",32.8,27.8,"Lower",0,"No",0,"No",3507,"First",30.9,33.3,34.4
5913,42.6,30,"Abu Dhabi",34.1,22.7,"Lower",0,"No",0,"No",3130,"Third",33.3,33.8,35.1
5914,30.2,10,"Abu Dhabi",35.4,37.4,"High",0,"No",0,"No",3300,"First",36,36.8,34.3
5915,29.3,29,"Abu Dhabi",29.1,23,"Lower",0,"No",0,"No",3690,"Third",28.9,27.1,30.8
5916,18.6,38,"Dubai",33.4,48.2,"Lower",0,"No",0,"No",2998,"Third",34.7,31,32.1
5917,36,8,"Sharjah",33.8,42.5,"Lower",0,"No",1,"Yes",2953,"First",33.5,33.4,32.8
5918,41,17,"Abu Dhabi",31.4,32.5,"Lower",0,"No",0,"No",2647,"Second",30.5,32.4,32.4
5919,24.1,40,"Dubai",37.1,14.5,"High",0,"No",0,"No",3520,"Third",35.9,37.3,37.7
5920,31.9,17,"Dubai",33.3,22.3,"Lower",0,"No",0,"No",4122,"Second",32.5,33.4,34.3
5921,37.3,34,"Sharjah",34,30.7,"Lower",0,"No",0,"No",2432,"Third",32.1,32.9,33.3
5922,41.2,13,"Dubai",32.2,25,"Lower",0,"No",0,"No",2994,"First",29.7,35.2,30.9
5923,39.6,20,"Abu Dhabi",31.1,35.2,"Lower",0,"No",0,"No",2794,"Second",29.1,31.7,33.8
5924,34.8,38,"Sharjah",36.2,36.2,"High",0,"No",1,"Yes",3455,"Third",35.4,35.2,34.3
5925,43.1,23,"Abu Dhabi",26.6,38.1,"Lower",0,"No",0,"No",3030,"Second",28.6,24.6,27.7
5926,20.8,13,"Dubai",30.7,39.2,"Lower",0,"No",1,"Yes",2691,"First",29.1,30.3,30.2
5927,22.7,10,"Abu Dhabi",32.1,29.9,"Lower",0,"No",0,"No",3847,"First",32.6,32.7,31.1
5928,32.5,32,"Sharjah",30.2,32.8,"Lower",0,"No",0,"No",3550,"Third",28,28.9,28.4
5929,33.8,37,"Sharjah",33.7,23.9,"Lower",0,"No",0,"No",3965,"Third",37,34.1,31.8
5930,34.4,8,"Dubai",36.9,29.8,"High",0,"No",0,"No",2944,"First",35.2,37.2,36.7
5931,29,38,"Dubai",35.7,25,"High",0,"No",0,"No",2771,"Third",34.8,36.9,35.3
5932,27.3,14,"Dubai",31.1,26.2,"Lower",0,"No",0,"No",3555,"Second",31.6,29.7,29.6
5933,27.1,9,"Abu Dhabi",25.1,35.1,"Lower",0,"No",0,"No",2848,"First",28.4,24.7,24.2
5934,28,33,"Sharjah",30.2,27.9,"Lower",0,"No",1,"Yes",3486,"Third",30.4,32.5,28.6
5935,22.6,16,"Abu Dhabi",24.4,30,"Lower",0,"No",0,"No",3821,"Second",23.8,23.7,25.4
5936,26.2,28,"Dubai",34.4,28.9,"Lower",0,"No",0,"No",2481,"Third",35.1,34.7,35.3
5937,37.3,7,"Dubai",35.4,24,"High",0,"No",0,"No",3391,"First",34.2,35,33.8
5938,18.3,40,"Abu Dhabi",31.6,23.4,"Lower",0,"No",0,"No",2964,"Third",31.4,32.5,28
5939,35.8,26,"Abu Dhabi",31.1,29.8,"Lower",0,"No",0,"No",2531,"Second",31.6,31.4,29.9
5940,24.2,32,"Abu Dhabi",34.5,35.3,"Lower",0,"No",1,"Yes",2763,"Third",38.5,33.6,35.9
5941,44.2,6,"Dubai",30.6,28.5,"Lower",0,"No",0,"No",3926,"First",31,29.1,30.6
5942,21.2,16,"Dubai",29.6,16.9,"Lower",0,"No",0,"No",3388,"Second",28.1,32,31.8
5943,18.5,34,"Dubai",34.8,32.3,"Lower",1,"Yes",0,"No",2770,"Third",34.5,35.2,32.7
5944,25,12,"Abu Dhabi",31.8,20.8,"Lower",0,"No",0,"No",3526,"First",34.3,29.8,32.1
5945,44.4,13,"Abu Dhabi",35.1,19.4,"High",0,"No",0,"No",3731,"First",34.4,34.8,33.9
5946,22.5,25,"Dubai",31.3,36.9,"Lower",0,"No",0,"No",3781,"Second",30.9,33.6,29.1
5947,25.4,29,"Abu Dhabi",31.1,37.1,"Lower",0,"No",0,"No",3323,"Third",28.9,28.6,29
5948,31.9,33,"Sharjah",27.8,34.6,"Lower",0,"No",0,"No",2873,"Third",29,26.3,25.9
5949,41.5,19,"Dubai",30.5,18,"Lower",0,"No",0,"No",4505,"Second",31.1,29.4,31
5950,34.5,24,"Dubai",28,27.5,"Lower",0,"No",0,"No",3139,"Second",30,28.3,28.7
5951,33.2,33,"Abu Dhabi",27.6,22.2,"Lower",0,"No",0,"No",3419,"Third",28.4,31,29.5
5952,24.8,30,"Abu Dhabi",32.6,25.5,"Lower",0,"No",0,"No",3442,"Third",32.1,30.5,32.4
5953,36.8,10,"Sharjah",27.3,30.9,"Lower",0,"No",0,"No",3307,"First",26.5,25.2,29.2
5954,24,23,"Dubai",31.6,30.3,"Lower",0,"No",0,"No",2787,"Second",31.1,31.8,31
5955,34,16,"Dubai",31.2,19.9,"Lower",0,"No",0,"No",3342,"Second",29.3,30.4,31.3
5956,27,38,"Dubai",32.8,38.2,"Lower",0,"No",0,"No",3375,"Third",32.6,31.4,33.3
5957,42.1,28,"Abu Dhabi",31,38.6,"Lower",0,"No",1,"Yes",2343,"Third",29.6,27.8,31
5958,33.3,23,"Abu Dhabi",34.1,35.3,"Lower",0,"No",0,"No",3163,"Second",35.1,36,35.6
5959,24.9,4,"Sharjah",29.6,33.3,"Lower",0,"No",0,"No",3323,"First",31.2,30.5,27.9
5960,32.3,8,"Abu Dhabi",35.3,31.8,"High",0,"No",0,"No",3284,"First",36.3,36.7,36.2
5961,38.7,26,"Abu Dhabi",35.5,34.7,"High",0,"No",0,"No",3392,"Second",34,32.3,33.3
5962,34.2,20,"Abu Dhabi",33.1,38.3,"Lower",0,"No",0,"No",3532,"Second",37.9,32.8,33.5
5963,19.8,10,"Abu Dhabi",37.2,20.2,"High",0,"No",0,"No",3050,"First",36.3,38.4,36
5964,35.8,18,"Abu Dhabi",28.5,39.3,"Lower",0,"No",0,"No",3158,"Second",29.6,27.5,26.9
5965,23.2,31,"Dubai",33.3,32.4,"Lower",0,"No",0,"No",4052,"Third",30.5,34.3,34.1
5966,25,29,"Dubai",33.2,16.5,"Lower",0,"No",0,"No",3299,"Third",36.1,33,34
5967,37.1,6,"Dubai",27.1,33.4,"Lower",0,"No",0,"No",2554,"First",24.4,28.8,27.7
5968,19.3,40,"Dubai",32.2,14.7,"Lower",0,"No",0,"No",3262,"Third",34.7,33.2,31.3
5969,34.9,13,"Abu Dhabi",30.5,28.1,"Lower",0,"No",0,"No",3550,"First",31.9,30.1,29.1
5970,40.3,25,"Dubai",32.5,21.3,"Lower",0,"No",0,"No",3285,"Second",31.7,33.5,34.5
5971,28.9,19,"Abu Dhabi",30.1,40.7,"Lower",0,"No",0,"No",3637,"Second",30.8,29.5,28.8
5972,37.1,24,"Dubai",31.1,30.9,"Lower",1,"Yes",0,"No",3770,"Second",30.1,30.9,31.4
5973,30.2,28,"Dubai",33.9,32,"Lower",0,"No",0,"No",3171,"Third",31.8,33.7,32.3
5974,32.5,16,"Sharjah",29.1,23.9,"Lower",0,"No",1,"Yes",3869,"Second",28.1,28.1,27.3
5975,33.5,31,"Abu Dhabi",29.9,22.3,"Lower",0,"No",1,"Yes",3139,"Third",30,27.6,29
5976,44.1,13,"Dubai",31.6,32,"Lower",0,"No",0,"No",2450,"First",33.1,31.4,29.7
5977,39.9,36,"Abu Dhabi",34.6,37.6,"Lower",0,"No",0,"No",2822,"Third",34.5,34.5,36.6
5978,32.8,29,"Dubai",34,19.6,"Lower",0,"No",0,"No",4077,"Third",31.7,35.8,32.2
5979,19,4,"Sharjah",32.6,31.7,"Lower",0,"No",0,"No",3598,"First",30.4,34.7,30.8
5980,43.6,29,"Dubai",30.7,40.8,"Lower",0,"No",0,"No",4227,"Third",29,28.4,29.6
5981,33.8,32,"Sharjah",30.6,40.8,"Lower",0,"No",0,"No",2867,"Third",32.1,28.5,28.1
5982,35.6,12,"Dubai",29.2,30.8,"Lower",0,"No",0,"No",3326,"First",27.6,30.1,28.9
5983,19.5,35,"Dubai",29.2,37.4,"Lower",0,"No",0,"No",3642,"Third",31.4,28.6,30.5
5984,35.6,14,"Abu Dhabi",31.3,35.4,"Lower",0,"No",1,"Yes",3292,"Second",28.3,30.7,31.4
5985,42.7,35,"Dubai",34.7,31.2,"Lower",0,"No",0,"No",2842,"Third",32.7,38.2,37.7
5986,34.9,13,"Abu Dhabi",33.5,15.5,"Lower",0,"No",1,"Yes",2657,"First",33.6,31.1,34
5987,39.7,11,"Sharjah",33.5,35.6,"Lower",0,"No",1,"Yes",3237,"First",32.6,33.8,35.1
5988,37.5,20,"Abu Dhabi",31.9,32.4,"Lower",0,"No",0,"No",3059,"Second",29,33.5,32.7
5989,28.2,32,"Dubai",33.4,33.6,"Lower",0,"No",0,"No",3810,"Third",32.6,40.1,31.5
5990,25.1,17,"Abu Dhabi",31.8,35.4,"Lower",0,"No",1,"Yes",3515,"Second",31.8,32,32
5991,41.7,9,"Dubai",32.2,29.1,"Lower",0,"No",0,"No",3142,"First",31,31.5,34.9
5992,18.7,22,"Dubai",32.2,39.1,"Lower",0,"No",0,"No",2524,"Second",28.6,34.8,30.5
5993,26.5,19,"Dubai",31.6,30.4,"Lower",1,"Yes",0,"No",2741,"Second",30.7,31.7,30.6
5994,26.5,14,"Abu Dhabi",34.4,34.6,"Lower",0,"No",0,"No",2817,"Second",36.2,34.3,34.4
5995,18.3,30,"Abu Dhabi",33.6,37.6,"Lower",0,"No",0,"No",2775,"Third",31.8,33.4,34.6
5996,29.4,16,"Sharjah",30.3,32.4,"Lower",0,"No",0,"No",2981,"Second",29.7,30,29
5997,20,17,"Sharjah",30.2,25.3,"Lower",0,"No",0,"No",3834,"Second",29.6,30.5,31.2
5998,19.6,34,"Sharjah",33.6,27.6,"Lower",0,"No",0,"No",3190,"Third",33.1,31.9,34.2
5999,30.5,24,"Dubai",27.7,35.7,"Lower",0,"No",0,"No",3173,"Second",28.5,28.6,27.2
6000,35.8,33,"Sharjah",34.5,17.7,"Lower",0,"No",0,"No",3236,"Third",36.9,33.4,33.3
6001,22.8,30,"Abu Dhabi",34.4,24.2,"Lower",0,"No",0,"No",2672,"Third",33.1,35.2,35.9
6002,19.6,31,"Abu Dhabi",33.4,29.7,"Lower",0,"No",0,"No",3311,"Third",31.3,34.4,33.5
6003,34,39,"Abu Dhabi",34.8,27.3,"Lower",0,"No",1,"Yes",2970,"Third",36.1,36,38
6004,28.3,26,"Abu Dhabi",24.8,35.7,"Lower",0,"No",0,"No",3081,"Second",21.3,25.9,25.5
6005,44,27,"Dubai",29.8,43,"Lower",0,"No",1,"Yes",3373,"Second",28.9,32.8,29.8
6006,20.4,15,"Sharjah",32.9,32.8,"Lower",0,"No",0,"No",3041,"Second",34.6,30.1,34.5
6007,28.1,12,"Dubai",28.9,30.6,"Lower",0,"No",0,"No",2729,"First",26.4,27.9,29.9
6008,44.2,38,"Sharjah",39.9,43.8,"High",0,"No",0,"No",4139,"Third",40,42.3,40.2
6009,32.1,10,"Dubai",31.5,40.3,"Lower",0,"No",0,"No",3200,"First",31.7,33,30.5
6010,18.7,9,"Sharjah",31.8,31.2,"Lower",0,"No",0,"No",4395,"First",34.2,33.8,29.9
6011,40.3,12,"Dubai",32.9,30.7,"Lower",0,"No",0,"No",2923,"First",33.6,34,31.7
6012,18.7,28,"Abu Dhabi",33.4,16.7,"Lower",0,"No",0,"No",3611,"Third",34.5,34.6,33.7
6013,44.1,31,"Abu Dhabi",29.1,31.8,"Lower",0,"No",0,"No",3349,"Third",29.2,25.8,28.7
6014,33.4,32,"Dubai",34.3,27.2,"Lower",0,"No",0,"No",3027,"Third",34.5,34.2,34
6015,18.2,38,"Sharjah",34.6,33.1,"Lower",0,"No",0,"No",1827,"Third",35.2,35,35.5
6016,27.5,20,"Sharjah",30.8,34.1,"Lower",0,"No",0,"No",3718,"Second",29.9,29.8,30.2
6017,39.5,22,"Sharjah",38.1,29.1,"High",0,"No",0,"No",3259,"Second",36.3,39.2,38.4
6018,31.3,18,"Dubai",35.3,25.1,"High",0,"No",0,"No",2982,"Second",37.9,35.1,35.7
6019,23.9,40,"Sharjah",34.6,32,"Lower",0,"No",0,"No",2453,"Third",32.8,33.3,37.3
6020,18.1,10,"Dubai",35.7,28.3,"High",0,"No",0,"No",3234,"First",35.3,35.7,37.5
6021,31.2,33,"Sharjah",33.5,23.6,"Lower",0,"No",0,"No",3262,"Third",32.2,34.6,34.5
6022,19.3,29,"Dubai",29.1,29.3,"Lower",0,"No",0,"No",3707,"Third",31.4,28.3,28.7
6023,18.6,12,"Dubai",38.6,29.5,"High",0,"No",0,"No",4042,"First",36.8,38.3,40.3
6024,26.4,7,"Abu Dhabi",30.3,29.6,"Lower",0,"No",0,"No",2605,"First",31.5,29.6,29.3
6025,24.7,27,"Dubai",32.1,47,"Lower",0,"No",0,"No",2542,"Second",33.2,32.3,32.3
6026,29.2,10,"Abu Dhabi",37.5,32,"High",0,"No",0,"No",1992,"First",35.6,40,38.8
6027,42.1,24,"Dubai",30.1,31.7,"Lower",0,"No",0,"No",3147,"Second",28.8,32.8,30.6
6028,25.4,20,"Dubai",24.8,34.6,"Lower",0,"No",0,"No",3057,"Second",25.6,27.6,26.3
6029,38.7,9,"Abu Dhabi",27.9,27.2,"Lower",0,"No",0,"No",4037,"First",28.1,24.2,26.6
6030,36.3,14,"Sharjah",34.1,21.8,"Lower",0,"No",0,"No",3318,"Second",35,35.4,33.8
6031,22.1,4,"Dubai",37.5,17.3,"High",0,"No",0,"No",2922,"First",36.3,41.3,39.8
6032,39,35,"Dubai",31,29.1,"Lower",0,"No",0,"No",3531,"Third",27.9,27.7,28.7
6033,33.4,12,"Abu Dhabi",32.3,29.5,"Lower",0,"No",0,"No",3326,"First",29.8,31.4,33.4
6034,33.2,32,"Dubai",33.4,31.4,"Lower",0,"No",0,"No",2848,"Third",33.8,33.5,30.9
6035,27.5,27,"Sharjah",33.1,28.5,"Lower",0,"No",0,"No",3590,"Second",33.8,32.3,33.8
6036,42.7,10,"Sharjah",34,35.7,"Lower",0,"No",0,"No",3164,"First",33.8,34.8,33.7
6037,19.3,13,"Dubai",29.5,36,"Lower",0,"No",0,"No",3251,"First",28.7,28.3,32.7
6038,22.9,6,"Dubai",35,39.4,"High",1,"Yes",0,"No",2945,"First",34.5,35,34.4
6039,24.5,17,"Abu Dhabi",27.6,39.1,"Lower",0,"No",1,"Yes",3683,"Second",27.5,31.7,28.2
6040,28.4,12,"Abu Dhabi",35.4,16.5,"High",0,"No",0,"No",2916,"First",35.2,36.3,35.3
6041,42.6,24,"Abu Dhabi",25,36.8,"Lower",0,"No",0,"No",2701,"Second",24.2,23.2,21.4
6042,25.8,7,"Sharjah",28.9,46.5,"Lower",0,"No",0,"No",3570,"First",28.6,28.9,26.4
6043,26.4,4,"Dubai",29.4,29.3,"Lower",0,"No",0,"No",3690,"First",29.7,28.5,29.1
6044,44.7,39,"Abu Dhabi",32.6,45.4,"Lower",0,"No",0,"No",3281,"Third",33.5,34.6,32.9
6045,21.2,15,"Dubai",28.2,36.6,"Lower",0,"No",0,"No",3201,"Second",28.5,28.6,28.5
6046,31.4,7,"Abu Dhabi",32.4,28.1,"Lower",0,"No",0,"No",3704,"First",31.9,32.1,34.6
6047,38.2,39,"Dubai",30.6,20.3,"Lower",0,"No",0,"No",3324,"Third",31.6,29.3,29.6
6048,31.3,11,"Dubai",33.3,32.5,"Lower",0,"No",0,"No",3167,"First",34,35.8,34.6
6049,30.8,19,"Dubai",28,16.8,"Lower",0,"No",0,"No",3513,"Second",27.5,27.8,28
6050,22.6,11,"Sharjah",29.4,33.8,"Lower",0,"No",0,"No",3801,"First",30,31,31.1
6051,23.8,30,"Abu Dhabi",30.3,30.3,"Lower",0,"No",0,"No",4101,"Third",29.8,29.3,31.9
6052,30.2,14,"Dubai",28.1,23.8,"Lower",0,"No",0,"No",3951,"Second",26.4,26.2,29.3
6053,32.9,15,"Abu Dhabi",30.1,34.9,"Lower",0,"No",0,"No",3273,"Second",31.3,27.3,30
6054,23.3,28,"Dubai",37.2,20.9,"High",0,"No",0,"No",2197,"Third",36.9,37.1,36
6055,18.1,33,"Dubai",28.1,29.5,"Lower",1,"Yes",0,"No",3455,"Third",28.9,26.2,28.7
6056,19.3,22,"Sharjah",34.5,30.5,"Lower",0,"No",0,"No",2701,"Second",35.1,34,35.8
6057,38.1,27,"Abu Dhabi",36.1,31.7,"High",0,"No",0,"No",3354,"Second",35.7,37.1,35.5
6058,28.4,34,"Sharjah",32.9,41.7,"Lower",0,"No",0,"No",3176,"Third",34.7,34.4,32.3
6059,22.9,22,"Abu Dhabi",36.1,40.6,"High",0,"No",0,"No",2925,"Second",38,37.9,36.6
6060,35,19,"Sharjah",35.3,39,"High",0,"No",0,"No",2553,"Second",36.3,33.4,36.6
6061,38.8,8,"Abu Dhabi",26.6,26.5,"Lower",0,"No",0,"No",3254,"First",26.8,25.6,27.6
6062,27.8,33,"Dubai",28.3,26.4,"Lower",0,"No",0,"No",2950,"Third",27.7,29.8,28.4
6063,43.8,29,"Abu Dhabi",32.9,29.5,"Lower",0,"No",0,"No",2744,"Third",35.3,33.5,31.5
6064,24.3,10,"Sharjah",27.1,29.5,"Lower",0,"No",0,"No",3336,"First",25.3,25.8,25.6
6065,37.8,36,"Abu Dhabi",34.4,21.9,"Lower",0,"No",0,"No",3657,"Third",33.3,32.6,36.2
6066,25.8,23,"Abu Dhabi",35.5,40.8,"High",0,"No",0,"No",2885,"Second",35.4,33.6,35.2
6067,31.1,31,"Sharjah",31.6,23.6,"Lower",0,"No",0,"No",3345,"Third",31.8,33.3,31.7
6068,22.9,13,"Dubai",31,36.5,"Lower",0,"No",0,"No",2596,"First",30.2,32.1,32.5
6069,20,33,"Abu Dhabi",36.9,26.1,"High",0,"No",0,"No",2952,"Third",34.1,39,39
6070,36.2,29,"Abu Dhabi",36,39.6,"High",1,"Yes",0,"No",3857,"Third",37.4,35.7,34.9
6071,19.7,24,"Abu Dhabi",36.5,35,"High",0,"No",0,"No",3109,"Second",36.8,35.7,35.8
6072,29.3,18,"Dubai",35.8,24,"High",0,"No",0,"No",2674,"Second",33.7,36.1,34.6
6073,30.2,27,"Abu Dhabi",26.4,33.6,"Lower",0,"No",0,"No",2859,"Second",26.4,23.9,27.5
6074,31.2,33,"Abu Dhabi",34,27.2,"Lower",0,"No",0,"No",3427,"Third",34.1,34.3,36.2
6075,21.3,30,"Sharjah",24.4,44.7,"Lower",0,"No",0,"No",3249,"Third",24.9,22.3,25.6
6076,22.6,14,"Dubai",30.8,27.9,"Lower",0,"No",1,"Yes",3617,"Second",29.9,32.3,29.6
6077,26.9,19,"Dubai",31.8,12.7,"Lower",0,"No",0,"No",3170,"Second",30.9,33.6,32.2
6078,42.5,16,"Sharjah",29.4,45.4,"Lower",0,"No",0,"No",3340,"Second",28.9,28.3,28.7
6079,20.9,27,"Abu Dhabi",26.4,17,"Lower",0,"No",1,"Yes",3277,"Second",26.3,30.4,26
6080,24.3,24,"Abu Dhabi",27.9,32.2,"Lower",0,"No",0,"No",3117,"Second",27.3,26.3,27
6081,43.6,22,"Abu Dhabi",31.7,41.3,"Lower",0,"No",0,"No",3151,"Second",31,28.8,31.9
6082,18.1,32,"Dubai",28.9,22.5,"Lower",0,"No",0,"No",3331,"Third",29.3,30.3,28.1
6083,25.8,36,"Dubai",35.1,38.5,"High",0,"No",0,"No",3296,"Third",35.7,37.2,34.3
6084,28.7,16,"Sharjah",33.4,30.3,"Lower",0,"No",0,"No",3603,"Second",30.9,33.2,31.4
6085,33.7,25,"Abu Dhabi",33.7,29.6,"Lower",0,"No",0,"No",2734,"Second",34.9,32.6,35.2
6086,42.8,30,"Abu Dhabi",30.3,35.4,"Lower",0,"No",0,"No",3602,"Third",27.8,29.3,29.2
6087,33.4,18,"Dubai",25.8,19.5,"Lower",0,"No",0,"No",3921,"Second",25.4,27,27.9
6088,34.4,29,"Dubai",33.7,19.6,"Lower",1,"Yes",0,"No",2612,"Third",34.6,34.7,32.7
6089,32.9,36,"Dubai",32.5,32.5,"Lower",1,"Yes",0,"No",3555,"Third",33.6,33,33.4
6090,18.3,39,"Dubai",32.7,34,"Lower",0,"No",0,"No",4473,"Third",32.2,34.5,32.4
6091,21.7,35,"Dubai",32.9,23.4,"Lower",0,"No",0,"No",3732,"Third",35.4,31.6,30
6092,37.9,10,"Dubai",31.6,40.7,"Lower",0,"No",0,"No",2965,"First",31.1,31.3,27.6
6093,33.4,27,"Dubai",32.1,21.9,"Lower",0,"No",0,"No",3209,"Second",34.3,30.2,34.8
6094,24.3,26,"Sharjah",36.7,29.6,"High",0,"No",1,"Yes",3088,"Second",38.2,36.2,36.4
6095,38,8,"Sharjah",35.1,28,"High",0,"No",0,"No",2985,"First",35.4,38.4,36.2
6096,39.2,10,"Sharjah",28,21.5,"Lower",0,"No",0,"No",2768,"First",29.1,29.2,26.9
6097,22.9,37,"Dubai",30.8,27.1,"Lower",0,"No",0,"No",3492,"Third",31.4,31,31.2
6098,44.4,23,"Dubai",35.3,41.7,"High",0,"No",0,"No",3335,"Second",37,38.1,34
6099,44.9,31,"Dubai",28.2,9.2,"Lower",0,"No",0,"No",4079,"Third",29.1,25,26
6100,37.8,8,"Abu Dhabi",29.2,16.8,"Lower",0,"No",0,"No",3153,"First",29,28.6,32.3
6101,29,4,"Sharjah",31.6,28.3,"Lower",0,"No",0,"No",3238,"First",32.5,30.7,30.5
6102,32.2,13,"Abu Dhabi",31.7,39.9,"Lower",0,"No",0,"No",2575,"First",33.1,28.4,30.4
6103,27.7,21,"Dubai",33.5,36.4,"Lower",0,"No",0,"No",2973,"Second",33.8,34.3,33.2
6104,18.7,15,"Dubai",23.5,48.3,"Lower",0,"No",0,"No",3398,"Second",24.2,21.1,22.8
6105,23.9,14,"Sharjah",32.3,33.9,"Lower",0,"No",0,"No",3096,"Second",32.1,32.3,29.8
6106,37.1,19,"Dubai",31.2,42.3,"Lower",0,"No",0,"No",3242,"Second",30.2,31.7,33.1
6107,42.5,15,"Dubai",37.1,15.1,"High",0,"No",0,"No",4006,"Second",35.3,35.3,37.5
6108,18.8,15,"Abu Dhabi",33,27.5,"Lower",0,"No",0,"No",2748,"Second",33.1,33.3,33.4
6109,44.9,29,"Dubai",31.1,28.3,"Lower",0,"No",0,"No",3469,"Third",31.9,30.9,30.3
6110,33.9,24,"Abu Dhabi",37.6,32.5,"High",0,"No",0,"No",3183,"Second",37.1,35.5,36.6
6111,24.9,26,"Abu Dhabi",36.3,26.9,"High",0,"No",1,"Yes",2972,"Second",34,36,37.5
6112,27.9,9,"Abu Dhabi",31.7,35.4,"Lower",0,"No",1,"Yes",3418,"First",31.1,32.8,32.4
6113,23.8,5,"Sharjah",33.2,27.4,"Lower",0,"No",0,"No",3719,"First",32.1,31.6,33.9
6114,34.6,13,"Dubai",28.2,42,"Lower",0,"No",0,"No",3252,"First",27.4,29.5,26.2
6115,26.3,39,"Dubai",38.1,46.1,"High",0,"No",0,"No",2772,"Third",33.6,39.2,38.4
6116,24.3,39,"Abu Dhabi",35.9,9,"High",0,"No",0,"No",3258,"Third",36.7,34,32.6
6117,20.4,26,"Dubai",34,25.2,"Lower",0,"No",0,"No",2901,"Second",32.1,36.4,36.7
6118,43,39,"Abu Dhabi",37,19.8,"High",0,"No",0,"No",3663,"Third",36.9,36.8,38.2
6119,43.6,10,"Abu Dhabi",35.2,32,"High",0,"No",0,"No",3908,"First",33.4,33.7,34.4
6120,20.4,30,"Dubai",32.8,27.3,"Lower",0,"No",0,"No",2851,"Third",32.4,35.2,32.5
6121,24.2,36,"Abu Dhabi",31.5,34.4,"Lower",0,"No",0,"No",2843,"Third",32.5,33.1,31.5
6122,35.8,17,"Sharjah",28.6,37.1,"Lower",0,"No",0,"No",3594,"Second",28.1,27.8,32.2
6123,19.9,26,"Dubai",32.7,45.9,"Lower",0,"No",1,"Yes",2590,"Second",31.3,33.1,32.9
6124,23.5,26,"Dubai",32.3,21.8,"Lower",0,"No",0,"No",3167,"Second",32.5,30,33.1
6125,20.7,7,"Dubai",34.3,40.1,"Lower",0,"No",0,"No",3127,"First",34.9,33.3,30.8
6126,39.4,35,"Dubai",37.8,32.1,"High",0,"No",0,"No",3405,"Third",38.6,37.4,33.4
6127,27.5,29,"Abu Dhabi",31.8,29.3,"Lower",0,"No",0,"No",2813,"Third",30.4,31.6,28.6
6128,23.6,8,"Dubai",27.3,21.8,"Lower",0,"No",0,"No",3239,"First",27.4,26.1,28.6
6129,20,35,"Dubai",37.9,32.8,"High",0,"No",0,"No",3313,"Third",37.8,38,36.9
6130,41.6,22,"Abu Dhabi",31.5,33.5,"Lower",0,"No",0,"No",3337,"Second",30.6,30.5,32.2
6131,34.6,37,"Abu Dhabi",31.6,29.7,"Lower",0,"No",0,"No",3350,"Third",31.5,30.4,30.6
6132,19.8,28,"Dubai",35.9,21.3,"High",0,"No",0,"No",2610,"Third",36.7,37.1,34.4
6133,23.8,28,"Dubai",33,31.5,"Lower",0,"No",0,"No",3681,"Third",34.7,30.8,34.9
6134,19.3,20,"Dubai",33.8,17.8,"Lower",0,"No",0,"No",2906,"Second",35.3,34.5,35.5
6135,40.4,9,"Sharjah",33.4,41.2,"Lower",0,"No",0,"No",3323,"First",35.5,33.8,33
6136,44.6,27,"Abu Dhabi",31.6,27.3,"Lower",0,"No",1,"Yes",3105,"Second",32.5,31.2,29.5
6137,40.1,15,"Abu Dhabi",33.5,21.4,"Lower",0,"No",0,"No",3240,"Second",33.5,31.5,34
6138,37.1,19,"Dubai",29.3,31.9,"Lower",0,"No",0,"No",3759,"Second",31.5,27.4,29
6139,33.5,30,"Abu Dhabi",34,29.6,"Lower",0,"No",0,"No",3394,"Third",33.2,33,32.2
6140,43,31,"Abu Dhabi",36.3,27.5,"High",0,"No",0,"No",2698,"Third",35.9,38,38.5
6141,34.9,23,"Abu Dhabi",32,18.5,"Lower",0,"No",0,"No",3308,"Second",29.4,33.3,33.9
6142,33.7,25,"Abu Dhabi",34.2,36.8,"Lower",0,"No",0,"No",3208,"Second",33.9,35.8,35.6
6143,33.9,19,"Dubai",25.4,32.8,"Lower",1,"Yes",0,"No",3352,"Second",25.4,27.5,26.8
6144,20.1,26,"Dubai",28.9,36.4,"Lower",1,"Yes",0,"No",2314,"Second",27.8,27.6,27.1
6145,28.3,34,"Dubai",33.5,31.3,"Lower",0,"No",0,"No",3253,"Third",34.5,32.4,29
6146,42.5,39,"Dubai",33.1,27.3,"Lower",0,"No",0,"No",2464,"Third",33,30.6,31.9
6147,27.3,35,"Sharjah",31.9,29.8,"Lower",0,"No",0,"No",3652,"Third",33,27.3,30.7
6148,33.8,32,"Abu Dhabi",29.7,17.6,"Lower",0,"No",0,"No",3420,"Third",27.2,31.4,29.6
6149,34.8,31,"Dubai",35.1,23.8,"High",0,"No",0,"No",3878,"Third",34,35.4,36.9
6150,44.3,8,"Dubai",37.7,33.2,"High",0,"No",1,"Yes",3703,"First",39.5,38.6,38
6151,25.1,35,"Dubai",34,30.4,"Lower",0,"No",0,"No",3184,"Third",35.8,33.5,34
6152,21.1,8,"Abu Dhabi",30.7,25.5,"Lower",0,"No",1,"Yes",4107,"First",31.8,28.9,30.5
6153,27.5,40,"Abu Dhabi",31.5,35.9,"Lower",0,"No",0,"No",4218,"Third",32.8,31.2,33
6154,20.9,25,"Abu Dhabi",34.6,36.7,"Lower",0,"No",0,"No",2983,"Second",34,36,36.4
6155,27.1,18,"Abu Dhabi",30.9,43.1,"Lower",0,"No",0,"No",4111,"Second",30,32.8,29.4
6156,30.1,35,"Abu Dhabi",33,29.4,"Lower",0,"No",0,"No",2211,"Third",33,33.8,35.5
6157,29.1,25,"Abu Dhabi",33,33.5,"Lower",0,"No",1,"Yes",3510,"Second",34.6,29,31.1
6158,28.3,40,"Abu Dhabi",23.7,33.2,"Lower",0,"No",0,"No",2905,"Third",24.9,26.4,22.8
6159,20.8,40,"Sharjah",30.5,38.4,"Lower",0,"No",0,"No",4028,"Third",27,31.6,32.1
6160,21.7,11,"Sharjah",32.5,22.6,"Lower",0,"No",0,"No",2748,"First",28.9,32.4,32.5
6161,33.7,26,"Sharjah",32,40.6,"Lower",0,"No",0,"No",2768,"Second",30.8,30.5,28.7
6162,21.4,17,"Dubai",33,25.4,"Lower",0,"No",0,"No",3501,"Second",33,33.1,30.1
6163,38.3,37,"Dubai",29.3,33.1,"Lower",0,"No",1,"Yes",2865,"Third",27.5,27.6,25.1
6164,40.1,40,"Dubai",31.3,37.6,"Lower",0,"No",0,"No",2729,"Third",31.3,29.6,32.1
6165,40.1,4,"Dubai",32.3,28,"Lower",0,"No",0,"No",2452,"First",34.5,30.2,32.4
6166,22.9,38,"Dubai",29.7,29.6,"Lower",0,"No",1,"Yes",3587,"Third",30.5,31.4,28.6
6167,19.1,15,"Abu Dhabi",34.4,32.8,"Lower",0,"No",0,"No",2793,"Second",33.3,35.2,33.8
6168,29.3,19,"Dubai",33.9,33.8,"Lower",0,"No",0,"No",3266,"Second",36.5,34.7,34.6
6169,22.8,38,"Dubai",29.1,26,"Lower",0,"No",0,"No",3379,"Third",31,30.2,27.8
6170,38.2,40,"Dubai",39.2,36.8,"High",0,"No",1,"Yes",2602,"Third",39.3,38.8,42.4
6171,42.5,14,"Dubai",34.7,39,"Lower",1,"Yes",0,"No",3046,"Second",34.9,35.3,34
6172,35,8,"Abu Dhabi",31.7,48.6,"Lower",0,"No",0,"No",3619,"First",32.7,33.4,31.6
6173,44.3,19,"Abu Dhabi",32.3,32.6,"Lower",0,"No",0,"No",3351,"Second",31.2,32.1,30.9
6174,20.5,38,"Abu Dhabi",33.1,34,"Lower",0,"No",0,"No",2995,"Third",33,31.6,32.7
6175,24.9,25,"Sharjah",35.7,16.1,"High",0,"No",1,"Yes",2880,"Second",36.5,36.1,37
6176,41.2,23,"Abu Dhabi",32.2,20.4,"Lower",0,"No",0,"No",3036,"Second",33.4,33,32.6
6177,31.9,6,"Sharjah",32.6,31.4,"Lower",0,"No",0,"No",2873,"First",35.8,32,31.7
6178,26.5,25,"Sharjah",29.1,23.5,"Lower",0,"No",0,"No",3204,"Second",28.8,28.7,29
6179,23.9,7,"Dubai",30,28.8,"Lower",0,"No",0,"No",3808,"First",31,29.7,29.2
6180,27.4,4,"Dubai",31.4,24.6,"Lower",0,"No",1,"Yes",2874,"First",31.1,32,32.5
6181,18.4,32,"Dubai",27.2,32.8,"Lower",1,"Yes",0,"No",2826,"Third",29.2,26.8,26.7
6182,42.5,10,"Sharjah",33.6,28.8,"Lower",0,"No",0,"No",2075,"First",33.6,33.3,31.8
6183,37.3,29,"Sharjah",34.2,32.5,"Lower",0,"No",0,"No",2087,"Third",34.9,34.1,34.4
6184,19.7,23,"Dubai",31.5,30.6,"Lower",1,"Yes",0,"No",3490,"Second",34.8,34.5,31.9
6185,23,39,"Abu Dhabi",29.3,35.5,"Lower",0,"No",0,"No",3894,"Third",29.6,29.9,30
6186,19.9,27,"Dubai",34.5,18.7,"Lower",0,"No",0,"No",3099,"Second",35.1,33.7,35.5
6187,36.2,35,"Sharjah",34.2,24.4,"Lower",0,"No",0,"No",3010,"Third",35.3,35.6,34.9
6188,31.7,35,"Dubai",28.3,26,"Lower",0,"No",0,"No",2715,"Third",25.6,28.1,28.7
6189,42.6,11,"Sharjah",31.4,32.3,"Lower",0,"No",0,"No",2979,"First",34.5,32.5,32.8
6190,44.2,8,"Sharjah",36.4,34.9,"High",0,"No",0,"No",3630,"First",36.2,36.1,36.5
6191,26,26,"Abu Dhabi",30.6,26.9,"Lower",0,"No",0,"No",2946,"Second",31,32.3,31.1
6192,27.9,5,"Abu Dhabi",30.2,27.3,"Lower",0,"No",1,"Yes",2987,"First",31.8,29.3,29.7
6193,42.7,8,"Dubai",30.8,17.8,"Lower",0,"No",0,"No",3585,"First",31.2,30.4,31.9
6194,38.5,27,"Abu Dhabi",29.3,34.7,"Lower",0,"No",0,"No",3476,"Second",28.1,29.7,30.9
6195,26.3,16,"Abu Dhabi",26.9,35.8,"Lower",0,"No",0,"No",3169,"Second",27.4,29.3,28.3
6196,27.8,35,"Abu Dhabi",31.1,20.4,"Lower",0,"No",0,"No",2994,"Third",32.8,31.7,28.6
6197,43.8,11,"Dubai",32.4,36.6,"Lower",0,"No",0,"No",2845,"First",34.5,32.3,33.2
6198,18.8,11,"Sharjah",38.9,19.7,"High",0,"No",0,"No",2320,"First",38,38.2,38.5
6199,39.5,13,"Dubai",32.6,9.8,"Lower",0,"No",0,"No",3536,"First",31.4,32.6,31.6
6200,42.7,40,"Dubai",35.4,22.5,"High",0,"No",0,"No",3200,"Third",36,36.8,33.7
6201,32.8,14,"Abu Dhabi",33.9,27.2,"Lower",0,"No",0,"No",3307,"Second",37.2,35.5,32.8
6202,39.5,34,"Dubai",31.7,35.6,"Lower",0,"No",0,"No",2469,"Third",32.6,32.4,31.5
6203,36.5,26,"Sharjah",28.9,50,"Lower",0,"No",0,"No",3537,"Second",26.5,31.1,29.1
6204,24.3,37,"Abu Dhabi",30,19,"Lower",0,"No",0,"No",3704,"Third",31.3,28.3,30.4
6205,31,33,"Abu Dhabi",28.6,21.6,"Lower",0,"No",1,"Yes",3243,"Third",27.8,28,27.9
6206,33.4,4,"Sharjah",28.4,28.4,"Lower",0,"No",0,"No",3092,"First",27.7,29.2,28.5
6207,33.2,13,"Dubai",30,26.3,"Lower",0,"No",0,"No",2913,"First",30.1,30.4,30.5
6208,35.8,33,"Abu Dhabi",35.4,33.1,"High",0,"No",0,"No",2714,"Third",33.1,34.8,34.3
6209,30.2,36,"Abu Dhabi",31.9,15.7,"Lower",0,"No",0,"No",2919,"Third",30.1,31.4,33.1
6210,22.5,9,"Abu Dhabi",34.5,49.9,"Lower",0,"No",1,"Yes",2285,"First",34.2,35.9,35.7
6211,24.4,19,"Dubai",32.5,23.4,"Lower",0,"No",0,"No",3075,"Second",31.7,31.9,31.5
6212,44,24,"Dubai",36.5,28.4,"High",0,"No",0,"No",3895,"Second",36.4,36.3,38.5
6213,43.4,19,"Abu Dhabi",32.8,22,"Lower",0,"No",0,"No",2636,"Second",30.1,32.5,34.1
6214,24.4,26,"Sharjah",28.3,38,"Lower",0,"No",0,"No",3036,"Second",27.9,26.5,24.3
6215,21.6,18,"Dubai",30.8,32.4,"Lower",0,"No",0,"No",3998,"Second",32.5,32,30.6
6216,40.8,13,"Sharjah",31,22,"Lower",0,"No",0,"No",2850,"First",30.2,31.7,31.7
6217,39.4,4,"Dubai",28.6,16.8,"Lower",0,"No",0,"No",3449,"First",27.3,29.5,28.5
6218,31.5,25,"Abu Dhabi",30.9,30.5,"Lower",0,"No",0,"No",3333,"Second",28.9,30.2,31.7
6219,44.4,25,"Abu Dhabi",32.2,18.8,"Lower",1,"Yes",1,"Yes",3381,"Second",32.7,30.6,32.4
6220,32.3,13,"Sharjah",30.3,32,"Lower",0,"No",0,"No",2795,"First",30.5,33.4,31.4
6221,19.6,27,"Abu Dhabi",25.5,30.8,"Lower",0,"No",0,"No",3379,"Second",25.2,28.1,23.5
6222,26.3,5,"Sharjah",34.1,30.6,"Lower",0,"No",0,"No",3252,"First",34.6,35.4,34.9
6223,21.9,36,"Sharjah",32.4,35.7,"Lower",0,"No",0,"No",3443,"Third",32,30.7,32.6
6224,22.6,14,"Abu Dhabi",37.3,27,"High",0,"No",0,"No",3343,"Second",34.9,37.2,36.8
6225,21.2,13,"Abu Dhabi",35.2,34.7,"High",0,"No",1,"Yes",2737,"First",35.9,33.7,35.5
6226,26.8,30,"Dubai",34.8,42.6,"Lower",0,"No",0,"No",3006,"Third",35.6,36.8,34.2
6227,31.7,12,"Abu Dhabi",35.3,21.9,"High",0,"No",0,"No",3344,"First",35.4,35.1,34.8
6228,43.2,33,"Abu Dhabi",30.7,40.9,"Lower",0,"No",0,"No",2815,"Third",33.3,32.8,33.1
6229,26,21,"Abu Dhabi",23.6,28.9,"Lower",0,"No",0,"No",4982,"Second",23.1,22.1,26.2
6230,40.8,36,"Abu Dhabi",30.7,19.6,"Lower",0,"No",0,"No",3178,"Third",31.2,28.9,28.3
6231,39.8,6,"Abu Dhabi",33.4,14.9,"Lower",0,"No",0,"No",3219,"First",36.2,32.9,33.4
6232,28.1,7,"Abu Dhabi",31.6,19.6,"Lower",0,"No",0,"No",3228,"First",31.7,31.3,31.3
6233,41.8,5,"Abu Dhabi",32.3,41.4,"Lower",0,"No",0,"No",3060,"First",32.5,32.3,30.9
6234,29.9,21,"Dubai",36.7,14.7,"High",0,"No",0,"No",2729,"Second",37.7,36,35.2
6235,43.7,26,"Dubai",36.6,26.6,"High",0,"No",0,"No",3982,"Second",36.1,36.7,36.3
6236,39.8,32,"Sharjah",33.3,30,"Lower",0,"No",0,"No",2627,"Third",34.8,35,31.4
6237,26.9,24,"Dubai",33.9,27.3,"Lower",0,"No",0,"No",3543,"Second",34.2,33.9,32.6
6238,31.6,13,"Abu Dhabi",29.6,16.9,"Lower",0,"No",0,"No",3546,"First",30.8,31.9,30.1
6239,30.5,29,"Dubai",32.8,23.9,"Lower",0,"No",0,"No",2613,"Third",32.6,34.3,33.6
6240,40.4,40,"Dubai",31.5,33.9,"Lower",0,"No",0,"No",2970,"Third",32,31.6,32.1
6241,31.2,25,"Dubai",36,19.5,"High",0,"No",0,"No",3492,"Second",33.1,35.7,33.4
6242,34.7,35,"Dubai",29.8,28.5,"Lower",0,"No",0,"No",2975,"Third",31.1,31.9,31.7
6243,21.3,17,"Sharjah",28.5,24.5,"Lower",0,"No",0,"No",2980,"Second",29.9,28.7,29
6244,41.2,34,"Abu Dhabi",31.2,26.9,"Lower",0,"No",0,"No",3362,"Third",34.6,31.6,30.9
6245,20.4,36,"Dubai",27.4,20.7,"Lower",0,"No",0,"No",3822,"Third",28,26.7,28.9
6246,26.4,18,"Sharjah",25.7,39.2,"Lower",0,"No",0,"No",3391,"Second",23.3,26.2,24
6247,21,37,"Abu Dhabi",33.9,36.2,"Lower",0,"No",0,"No",3146,"Third",35.4,33.9,32.4
6248,36.9,28,"Abu Dhabi",29.7,17.8,"Lower",0,"No",0,"No",3391,"Third",32.5,29.4,29.7
6249,29.4,27,"Sharjah",33.8,42.5,"Lower",0,"No",0,"No",2050,"Second",34.9,32.7,35.2
6250,22.9,9,"Sharjah",33.9,35.8,"Lower",0,"No",0,"No",2467,"First",33.9,33.3,35.3
6251,27.8,4,"Dubai",31.8,11.8,"Lower",0,"No",0,"No",3073,"First",30.4,33.4,31.8
6252,41.8,13,"Abu Dhabi",32,36.2,"Lower",0,"No",0,"No",2237,"First",33.1,35.2,33.6
6253,32.6,36,"Sharjah",34.2,29,"Lower",0,"No",0,"No",3317,"Third",35.9,35.4,33.8
6254,24.5,18,"Dubai",29.8,28.3,"Lower",1,"Yes",0,"No",2869,"Second",29.8,29.7,27.9
6255,28.7,23,"Abu Dhabi",32.1,27.4,"Lower",0,"No",0,"No",3154,"Second",32.7,34.5,30.4
6256,21.3,16,"Abu Dhabi",33.2,28.2,"Lower",0,"No",0,"No",3136,"Second",30.8,32.9,33.2
6257,21.2,28,"Dubai",26.2,43.6,"Lower",0,"No",0,"No",4028,"Third",26.2,26.3,25.9
6258,32.1,38,"Abu Dhabi",28.7,28.9,"Lower",0,"No",0,"No",3757,"Third",27.8,26.9,28.1
6259,18.7,12,"Dubai",35.8,25.1,"High",0,"No",0,"No",2518,"First",34.1,36.2,33.5
6260,39.5,29,"Abu Dhabi",32,5,"Lower",0,"No",0,"No",3320,"Third",33.2,32.1,32
6261,21.5,37,"Abu Dhabi",22.1,32.8,"Lower",0,"No",0,"No",2548,"Third",22.9,24.5,21.7
6262,34.8,38,"Abu Dhabi",33.9,10.7,"Lower",0,"No",0,"No",3191,"Third",31.7,34.2,32.7
6263,38.2,15,"Sharjah",33.2,33.7,"Lower",0,"No",0,"No",3024,"Second",34.8,35.6,33.9
6264,29.4,33,"Sharjah",32.5,20.2,"Lower",0,"No",0,"No",2883,"Third",32.9,35,33.9
6265,20,39,"Abu Dhabi",34.1,30,"Lower",0,"No",0,"No",3356,"Third",35.9,33.3,34.5
6266,20.1,22,"Sharjah",35.5,22.6,"High",0,"No",0,"No",3202,"Second",35.8,34.8,36
6267,34.6,11,"Dubai",32.4,22.6,"Lower",0,"No",0,"No",3432,"First",32.8,32.5,31.6
6268,35.4,27,"Abu Dhabi",34,42.5,"Lower",0,"No",0,"No",2430,"Second",34.8,35.1,35.6
6269,25.7,37,"Abu Dhabi",28.2,40.1,"Lower",0,"No",0,"No",2929,"Third",26.5,26.7,28.6
6270,24.2,26,"Abu Dhabi",38.8,27.6,"High",1,"Yes",0,"No",3173,"Second",37.4,36.1,36.8
6271,26.9,17,"Abu Dhabi",29.9,32,"Lower",0,"No",0,"No",3076,"Second",29,30.7,28.4
6272,34.5,27,"Sharjah",32.3,36,"Lower",0,"No",0,"No",3589,"Second",33.1,35.5,33.3
6273,37.6,37,"Sharjah",25.8,29.9,"Lower",0,"No",0,"No",3039,"Third",24.2,26.1,25.9
6274,29.3,26,"Abu Dhabi",24.2,26.8,"Lower",0,"No",0,"No",3888,"Second",23.5,25.9,24.7
6275,26.4,20,"Abu Dhabi",36.2,23.4,"High",0,"No",0,"No",2287,"Second",35.9,36.3,36.4
6276,32.1,11,"Abu Dhabi",29.7,27.7,"Lower",0,"No",0,"No",3504,"First",31.7,28.8,29.7
6277,38,28,"Sharjah",30.6,20,"Lower",0,"No",0,"No",3617,"Third",30.8,30.9,32.4
6278,29.4,30,"Abu Dhabi",34.8,35.6,"Lower",0,"No",1,"Yes",3836,"Third",35.7,38.1,35.1
6279,42.7,32,"Dubai",28.6,23.9,"Lower",0,"No",0,"No",3458,"Third",30.2,28.9,30.8
6280,42,39,"Dubai",36.3,24.7,"High",0,"No",0,"No",2601,"Third",36,39.4,34.7
6281,41.7,18,"Abu Dhabi",31.2,28.8,"Lower",0,"No",0,"No",3336,"Second",33.1,32.1,29
6282,23.1,22,"Sharjah",28.2,22.8,"Lower",0,"No",0,"No",2684,"Second",29.1,29.2,28.7
6283,22.5,25,"Dubai",35.1,42.1,"High",0,"No",0,"No",2722,"Second",34.4,34.9,33.2
6284,22,7,"Dubai",25.9,27,"Lower",0,"No",0,"No",2868,"First",24,24.5,28.3
6285,33.5,33,"Abu Dhabi",28.5,24.7,"Lower",0,"No",0,"No",3745,"Third",28.8,28,27.2
6286,41.8,4,"Abu Dhabi",35.9,26.5,"High",0,"No",0,"No",3461,"First",35.7,34.3,38.5
6287,34,19,"Dubai",27.1,28.2,"Lower",0,"No",0,"No",3053,"Second",26,29.1,28.1
6288,28,25,"Abu Dhabi",24.9,29.4,"Lower",0,"No",0,"No",3514,"Second",25.4,24.7,25.6
6289,21,28,"Dubai",32.7,23.8,"Lower",0,"No",0,"No",2802,"Third",34.8,32.5,32.4
6290,18.2,21,"Abu Dhabi",29.8,17.5,"Lower",0,"No",0,"No",3283,"Second",28.7,27.8,28.1
6291,27.4,11,"Abu Dhabi",36,36.4,"High",0,"No",0,"No",3113,"First",35.7,32.2,34.3
6292,25.2,26,"Dubai",31.1,18.4,"Lower",0,"No",0,"No",2766,"Second",30.4,31.8,29.5
6293,40.5,31,"Sharjah",29.6,21.7,"Lower",0,"No",0,"No",3577,"Third",31.9,29.9,29
6294,44.1,14,"Dubai",32.2,32.4,"Lower",0,"No",0,"No",2503,"Second",32.8,33.3,33.1
6295,39.1,13,"Sharjah",34.7,34.1,"Lower",0,"No",0,"No",2808,"First",38,34.7,34.7
6296,29.8,21,"Dubai",30.7,30.8,"Lower",0,"No",0,"No",3515,"Second",35.1,29.2,29.7
6297,33.8,11,"Abu Dhabi",35.6,38.1,"High",0,"No",1,"Yes",2298,"First",33.4,33.8,35.6
6298,22.5,17,"Dubai",34.2,30.2,"Lower",0,"No",0,"No",2676,"Second",32.3,34.2,35.2
6299,34.7,13,"Sharjah",27.3,34.1,"Lower",0,"No",0,"No",3332,"First",25.9,25.8,26
6300,20.8,22,"Dubai",28.2,41.1,"Lower",0,"No",0,"No",3695,"Second",29.6,26.9,30.3
6301,25.6,5,"Dubai",27.1,12,"Lower",0,"No",0,"No",4853,"First",25.4,26.2,27.8
6302,18.5,14,"Abu Dhabi",32.1,34.1,"Lower",0,"No",0,"No",3197,"Second",30.5,32,33.1
6303,36.9,10,"Abu Dhabi",36.5,32.8,"High",1,"Yes",0,"No",3080,"First",35.8,37,35
6304,18.1,13,"Dubai",25.4,42,"Lower",0,"No",1,"Yes",3279,"First",24.7,24.2,28.3
6305,35.4,33,"Abu Dhabi",33,34.4,"Lower",0,"No",0,"No",3782,"Third",31.6,33.1,33.7
6306,31.8,9,"Dubai",34,36.5,"Lower",0,"No",1,"Yes",3015,"First",36.1,35.8,34.8
6307,33.2,19,"Abu Dhabi",29.8,22.4,"Lower",0,"No",0,"No",3630,"Second",29.8,29.8,31.4
6308,30.3,9,"Dubai",35.8,32.9,"High",1,"Yes",1,"Yes",2279,"First",35.6,35.9,35.4
6309,42.1,22,"Abu Dhabi",34.1,15,"Lower",0,"No",0,"No",3606,"Second",34.3,34,33.4
6310,22.7,15,"Abu Dhabi",33.2,37.1,"Lower",0,"No",0,"No",3914,"Second",33,36.2,32.2
6311,26.1,36,"Abu Dhabi",35.4,34.1,"High",0,"No",0,"No",3190,"Third",35.1,34.4,36
6312,28.5,17,"Dubai",34.6,21.1,"Lower",0,"No",0,"No",3535,"Second",34.6,35.8,35.2
6313,23,20,"Dubai",30.4,10,"Lower",1,"Yes",0,"No",2725,"Second",31.7,31.2,31.8
6314,36.9,11,"Sharjah",35,29.9,"High",0,"No",0,"No",3225,"First",33.8,35.5,36.7
6315,32.3,19,"Sharjah",35.1,35.6,"High",0,"No",0,"No",2843,"Second",36.4,36.9,36.3
6316,39.1,13,"Abu Dhabi",36.6,27.9,"High",0,"No",0,"No",3202,"First",38.9,34.6,35.3
6317,25.4,18,"Sharjah",31.7,23.6,"Lower",0,"No",0,"No",3348,"Second",31.3,31.3,29
6318,35.1,12,"Abu Dhabi",31.6,28.5,"Lower",0,"No",0,"No",3596,"First",33.7,33.8,29.4
6319,21.3,30,"Dubai",35.1,25.8,"High",0,"No",1,"Yes",3465,"Third",37.6,34.1,35.1
6320,32.3,4,"Abu Dhabi",27.2,35.1,"Lower",1,"Yes",0,"No",3107,"First",29.2,27,23.9
6321,19.3,37,"Dubai",31.4,30.2,"Lower",0,"No",0,"No",2807,"Third",33.5,32.4,31.3
6322,35.2,29,"Abu Dhabi",31.6,39.3,"Lower",0,"No",0,"No",3326,"Third",30.5,28.4,31.9
6323,29.8,14,"Sharjah",32.2,33.5,"Lower",0,"No",0,"No",2997,"Second",29.5,33.9,33.1
6324,43.9,18,"Sharjah",27.2,17.7,"Lower",1,"Yes",0,"No",3179,"Second",26.3,29.5,27.7
6325,42.4,37,"Dubai",26,33.9,"Lower",0,"No",0,"No",3706,"Third",27,26.6,30
6326,33.2,6,"Sharjah",28.5,24.5,"Lower",0,"No",0,"No",2970,"First",29,26.3,28.4
6327,37.2,28,"Dubai",32.4,25,"Lower",0,"No",0,"No",3221,"Third",33.7,28,32.3
6328,25.9,25,"Abu Dhabi",30.9,23.8,"Lower",1,"Yes",0,"No",2604,"Second",27.2,31.6,30.3
6329,38.1,16,"Abu Dhabi",33.2,39.5,"Lower",0,"No",0,"No",2639,"Second",32.9,33.5,32.4
6330,20.3,40,"Abu Dhabi",30.5,29.2,"Lower",0,"No",0,"No",3697,"Third",30.2,30.3,30.9
6331,37.4,28,"Dubai",31.7,32.2,"Lower",1,"Yes",0,"No",3404,"Third",32.9,31.1,36.4
6332,33.9,24,"Sharjah",28.4,26.6,"Lower",0,"No",1,"Yes",2232,"Second",31.3,28.9,26.1
6333,20.8,9,"Dubai",35.1,17.1,"High",0,"No",0,"No",3219,"First",34.8,35.7,34.2
6334,27,17,"Sharjah",30.6,20.8,"Lower",0,"No",1,"Yes",3592,"Second",30.8,32.5,33.6
6335,20.6,20,"Dubai",28.8,22.1,"Lower",0,"No",0,"No",3463,"Second",27.8,29.6,29.9
6336,42.6,6,"Sharjah",37.5,32,"High",0,"No",1,"Yes",3513,"First",38.6,37.1,36.7
6337,37,20,"Sharjah",31.9,37,"Lower",0,"No",0,"No",3380,"Second",31.2,30.6,30.6
6338,34.6,13,"Dubai",31.5,30.3,"Lower",0,"No",0,"No",3297,"First",31,31.8,31.8
6339,27.8,29,"Dubai",33.7,35.7,"Lower",0,"No",0,"No",4126,"Third",31.3,35.2,31.5
6340,44.9,29,"Dubai",39.5,35.1,"High",0,"No",0,"No",3210,"Third",40.1,40.5,39.2
6341,21.3,24,"Sharjah",23.1,35.7,"Lower",1,"Yes",0,"No",3809,"Second",21.5,20.9,23.4
6342,44.9,13,"Dubai",27.8,38.1,"Lower",0,"No",0,"No",3529,"First",27.8,28,27.6
6343,22.7,26,"Dubai",31.2,37.2,"Lower",0,"No",0,"No",3175,"Second",33.3,28.2,31
6344,44.6,25,"Abu Dhabi",36.6,35.1,"High",0,"No",0,"No",2934,"Second",35.8,36.1,37.4
6345,25.6,5,"Abu Dhabi",31.3,38,"Lower",0,"No",0,"No",3089,"First",28.4,30.9,30
6346,32.8,25,"Abu Dhabi",34.2,30.7,"Lower",1,"Yes",0,"No",3569,"Second",36.7,35.2,33
6347,43.6,4,"Sharjah",33.2,37.9,"Lower",0,"No",0,"No",2645,"First",32.9,35.4,32.4
6348,30.9,25,"Dubai",37.3,32.7,"High",0,"No",0,"No",2066,"Second",38.5,39.3,36.6
6349,20.9,17,"Dubai",32.5,25.7,"Lower",0,"No",0,"No",3699,"Second",31.7,30.1,31.7
6350,38.7,21,"Abu Dhabi",26.3,37.2,"Lower",0,"No",1,"Yes",2497,"Second",26.6,27.2,26.7
6351,35.1,13,"Abu Dhabi",30.6,51.7,"Lower",0,"No",0,"No",3018,"First",28.1,28,30.2
6352,18.7,26,"Dubai",31.5,23.2,"Lower",0,"No",0,"No",3467,"Second",30.3,27.6,30.3
6353,29.3,12,"Dubai",30.1,30.1,"Lower",0,"No",0,"No",2684,"First",29.5,27.7,29.3
6354,43.8,5,"Abu Dhabi",28.7,21.6,"Lower",0,"No",0,"No",3513,"First",28.3,29.6,28.3
6355,44.1,29,"Sharjah",30.8,35.1,"Lower",0,"No",0,"No",3650,"Third",28.6,31.4,31.3
6356,42.4,5,"Sharjah",30.1,21.3,"Lower",0,"No",0,"No",2733,"First",31.3,29.2,30.7
6357,20.5,20,"Abu Dhabi",34.9,34.8,"Lower",0,"No",0,"No",2690,"Second",36.2,34.6,34.4
6358,42.2,25,"Abu Dhabi",31.4,33,"Lower",0,"No",0,"No",3489,"Second",30.4,28.5,31.4
6359,21.4,38,"Sharjah",31.7,39,"Lower",0,"No",0,"No",2533,"Third",30.8,33.5,32.5
6360,35.7,16,"Abu Dhabi",30.8,32.3,"Lower",0,"No",0,"No",2971,"Second",33.7,31.5,32
6361,24.3,11,"Abu Dhabi",29.5,28.1,"Lower",0,"No",0,"No",2925,"First",29.2,31.1,28.9
6362,27.5,11,"Abu Dhabi",32.8,15.4,"Lower",0,"No",0,"No",3619,"First",33.4,30.7,31.9
6363,18.8,21,"Sharjah",34.7,27.1,"Lower",0,"No",0,"No",3142,"Second",34.4,34.6,36.3
6364,30.4,13,"Dubai",35.8,42.5,"High",0,"No",0,"No",3100,"First",35.7,36.7,35
6365,27,5,"Sharjah",30.2,42.5,"Lower",0,"No",0,"No",3063,"First",30.1,32.6,30.2
6366,32.5,36,"Dubai",31,33.9,"Lower",0,"No",0,"No",2889,"Third",30.7,31,30.1
6367,21,19,"Dubai",34,29.2,"Lower",0,"No",0,"No",3630,"Second",32.2,35,33.5
6368,44.5,32,"Dubai",31.7,35.4,"Lower",0,"No",0,"No",2660,"Third",31.8,32.6,31.3
6369,24,37,"Dubai",34.9,41.8,"Lower",1,"Yes",0,"No",2888,"Third",34.7,34.9,34.1
6370,39.7,24,"Sharjah",27.9,42.7,"Lower",0,"No",0,"No",2439,"Second",29.2,28.1,30.2
6371,42.6,22,"Sharjah",30.2,23.2,"Lower",0,"No",0,"No",3265,"Second",30,29.5,31.8
6372,33.5,20,"Dubai",30.2,20.2,"Lower",0,"No",0,"No",3750,"Second",31.2,30.9,31.8
6373,32.2,36,"Dubai",29.1,24.8,"Lower",0,"No",0,"No",3299,"Third",27.3,28.9,28.3
6374,36.4,22,"Abu Dhabi",27.8,19.6,"Lower",0,"No",0,"No",3340,"Second",28.2,31.1,26.9
6375,41.3,8,"Dubai",36.6,34.8,"High",0,"No",1,"Yes",2773,"First",35.1,39.1,35.4
6376,24.9,14,"Dubai",32.6,38.7,"Lower",1,"Yes",0,"No",3021,"Second",33.9,33.4,31
6377,31,31,"Abu Dhabi",32.5,37.5,"Lower",0,"No",0,"No",3119,"Third",31.9,34.1,30.4
6378,39.2,8,"Dubai",37.1,35.6,"High",0,"No",0,"No",2462,"First",34.6,39.5,37
6379,23.6,14,"Dubai",36.2,40.5,"High",0,"No",0,"No",3713,"Second",35.9,36.6,35.1
6380,25.6,7,"Abu Dhabi",30.4,25.7,"Lower",0,"No",0,"No",3215,"First",28.3,27.6,30.5
6381,33.1,20,"Sharjah",36.7,27.3,"High",0,"No",0,"No",2689,"Second",37.9,38.3,35.7
6382,23.5,25,"Abu Dhabi",28.7,31.2,"Lower",0,"No",0,"No",2878,"Second",27.6,29,28.9
6383,28.5,30,"Abu Dhabi",31.2,17.1,"Lower",0,"No",0,"No",3451,"Third",30.8,31.7,33
6384,43.4,4,"Abu Dhabi",28.1,39.2,"Lower",0,"No",1,"Yes",3711,"First",26.3,28.8,27.3
6385,38.1,32,"Dubai",35.1,37.1,"High",0,"No",0,"No",2941,"Third",34.1,34.2,32.7
6386,23.4,39,"Sharjah",34.4,12.5,"Lower",0,"No",0,"No",2663,"Third",33.1,34.3,34
6387,23.5,35,"Dubai",30.4,23.6,"Lower",1,"Yes",0,"No",3775,"Third",33.4,29.6,32.5
6388,41,12,"Sharjah",40.1,30,"High",0,"No",0,"No",2955,"First",38.8,39.7,39
6389,34.8,12,"Abu Dhabi",30.4,21.1,"Lower",0,"No",0,"No",3361,"First",30.9,31.1,29.5
6390,41.7,17,"Dubai",29.6,27.6,"Lower",0,"No",0,"No",3676,"Second",30.4,30.8,28.2
6391,22.7,16,"Dubai",31.2,31.8,"Lower",0,"No",0,"No",3062,"Second",26.9,31.4,31.6
6392,25,35,"Abu Dhabi",32.5,18.6,"Lower",0,"No",0,"No",3308,"Third",32.6,30.1,33.1
6393,36.9,38,"Abu Dhabi",34.9,41,"Lower",0,"No",0,"No",3040,"Third",36.9,34.1,35.9
6394,40.8,28,"Sharjah",32,38.9,"Lower",0,"No",0,"No",3257,"Third",28.9,33.6,31.3
6395,27.9,15,"Sharjah",29.2,18.7,"Lower",0,"No",0,"No",3853,"Second",28.8,29.6,29.9
6396,31.9,20,"Dubai",33.9,23.5,"Lower",0,"No",0,"No",3120,"Second",34.3,35.4,35.2
6397,41.4,26,"Abu Dhabi",32.9,39.7,"Lower",0,"No",1,"Yes",4178,"Second",33,31.9,33.3
6398,42.9,37,"Dubai",31.2,31.8,"Lower",0,"No",1,"Yes",3133,"Third",30.9,32.3,30.5
6399,30.7,9,"Dubai",37.2,43,"High",0,"No",0,"No",2295,"First",38.1,35.9,37.3
6400,35.9,32,"Abu Dhabi",30,36.3,"Lower",0,"No",0,"No",3619,"Third",29.1,29.8,31.3
6401,36.5,12,"Dubai",31.9,43.8,"Lower",0,"No",0,"No",3603,"First",30.6,31.3,33
6402,37.2,36,"Abu Dhabi",31.3,17.8,"Lower",0,"No",0,"No",2995,"Third",32.5,32.7,32.3
6403,42.2,26,"Dubai",33,27.1,"Lower",0,"No",0,"No",3409,"Second",33.7,31.8,34.8
6404,38.1,20,"Abu Dhabi",34.2,22.6,"Lower",0,"No",0,"No",3108,"Second",35.9,34.5,34.4
6405,38.2,22,"Abu Dhabi",29,32.2,"Lower",0,"No",0,"No",3678,"Second",28.4,30.1,25.7
6406,29.6,29,"Abu Dhabi",30.1,29.1,"Lower",0,"No",0,"No",3476,"Third",29.5,26.2,29.1
6407,33.1,39,"Abu Dhabi",36.8,30,"High",0,"No",0,"No",2794,"Third",33.8,37,36.5
6408,35.4,10,"Dubai",27.6,21.8,"Lower",0,"No",0,"No",3243,"First",27.2,30.5,27.2
6409,21.1,36,"Dubai",30.6,21,"Lower",0,"No",0,"No",4001,"Third",31.3,31.3,30.1
6410,20.5,29,"Dubai",31.6,27.4,"Lower",0,"No",0,"No",3312,"Third",29,31.5,30.5
6411,36,6,"Dubai",29.7,34.6,"Lower",0,"No",0,"No",3151,"First",29.3,33.2,31.7
6412,44.7,10,"Abu Dhabi",26.8,38.5,"Lower",0,"No",0,"No",3881,"First",24.5,29.6,27.5
6413,20.2,22,"Abu Dhabi",30.8,19.8,"Lower",0,"No",0,"No",3679,"Second",30.4,29,30.6
6414,41.8,21,"Sharjah",29,35,"Lower",0,"No",0,"No",2919,"Second",25.9,28,29
6415,40.4,31,"Sharjah",30.7,30.9,"Lower",0,"No",0,"No",3384,"Third",29.5,30.5,30.9
6416,28.7,25,"Dubai",32.1,34.4,"Lower",0,"No",1,"Yes",3640,"Second",34.4,30.4,29.1
6417,25.2,21,"Dubai",29.6,25.5,"Lower",0,"No",0,"No",3721,"Second",28,29.6,29.7
6418,37.7,23,"Dubai",31.2,37.5,"Lower",0,"No",0,"No",2948,"Second",30.5,30.9,30.6
6419,34.3,37,"Dubai",26.7,29.2,"Lower",0,"No",1,"Yes",3420,"Third",28,24.6,26.1
6420,34.2,35,"Abu Dhabi",34.7,41.6,"Lower",0,"No",0,"No",2789,"Third",35.1,36.2,35.9
6421,22.7,29,"Dubai",25.8,33.8,"Lower",0,"No",0,"No",4038,"Third",24.4,23.1,30
6422,43.1,14,"Dubai",33.6,38.4,"Lower",0,"No",0,"No",2933,"Second",34,33.1,32.4
6423,32.9,22,"Sharjah",34,22.7,"Lower",0,"No",0,"No",3078,"Second",32.3,33.6,33.5
6424,18.9,16,"Dubai",30.2,39.3,"Lower",0,"No",0,"No",2514,"Second",32.6,30.8,29.8
6425,32,25,"Dubai",31,32.4,"Lower",1,"Yes",0,"No",3715,"Second",33.5,30.7,32.2
6426,34.4,6,"Dubai",31.4,36.6,"Lower",0,"No",0,"No",3682,"First",31.6,35.5,31.5
6427,30.4,10,"Sharjah",31.9,41.2,"Lower",0,"No",0,"No",2368,"First",31.6,31.8,32.5
6428,27.4,10,"Abu Dhabi",31.8,28,"Lower",0,"No",0,"No",3548,"First",31.5,33.4,32.3
6429,26.7,29,"Abu Dhabi",33.1,34.1,"Lower",0,"No",0,"No",3338,"Third",36.7,31.3,31.4
6430,28.2,13,"Abu Dhabi",28,26.2,"Lower",0,"No",0,"No",3306,"First",28.4,29.3,30
6431,20,38,"Sharjah",31.2,29.8,"Lower",0,"No",0,"No",3592,"Third",35.2,30.7,31.1
6432,32.5,34,"Dubai",31.2,32.2,"Lower",0,"No",1,"Yes",2634,"Third",31.5,31.1,30.2
6433,44.9,13,"Dubai",25.7,13.6,"Lower",0,"No",0,"No",3218,"First",27.7,25.1,27.7
6434,22,13,"Dubai",33.2,30.2,"Lower",0,"No",0,"No",3223,"First",34.2,29.5,33.3
6435,21.5,32,"Abu Dhabi",30.5,37.5,"Lower",0,"No",0,"No",3248,"Third",29.2,28.8,31.6
6436,44.7,9,"Sharjah",32,18.8,"Lower",0,"No",0,"No",3472,"First",34.9,30.5,29.6
6437,37.9,10,"Dubai",34.2,24.8,"Lower",0,"No",0,"No",3650,"First",32.7,32.8,35
6438,43.4,24,"Dubai",33,29.8,"Lower",0,"No",0,"No",3158,"Second",31.3,34.7,34.2
6439,23.1,6,"Sharjah",34.4,32.4,"Lower",0,"No",0,"No",3035,"First",30.6,34,34.1
6440,38,38,"Dubai",27.3,31.3,"Lower",0,"No",1,"Yes",3306,"Third",26.2,25.5,30.7
6441,20.7,14,"Sharjah",26.7,29.8,"Lower",0,"No",0,"No",3842,"Second",30.6,26.1,25.4
6442,21.6,30,"Dubai",27,35.4,"Lower",0,"No",1,"Yes",3533,"Third",24.9,26.1,27.7
6443,43.1,31,"Abu Dhabi",37.1,41.8,"High",0,"No",0,"No",2934,"Third",39.1,34.8,38.1
6444,23.2,24,"Abu Dhabi",29.3,32.2,"Lower",0,"No",0,"No",2721,"Second",31.8,30.5,26.1
6445,26.5,30,"Sharjah",31.5,41.4,"Lower",1,"Yes",0,"No",2866,"Third",32.3,30.7,30.2
6446,26.9,25,"Dubai",30.6,29.5,"Lower",0,"No",0,"No",3615,"Second",29.7,28.6,29.9
6447,29.8,40,"Dubai",27.6,25.6,"Lower",0,"No",0,"No",3932,"Third",28,26.5,26
6448,34.7,35,"Abu Dhabi",28.4,19.8,"Lower",0,"No",0,"No",3731,"Third",29.6,27.6,28.5
6449,44.3,22,"Sharjah",31.6,32.7,"Lower",0,"No",0,"No",3552,"Second",31,31,32.1
6450,32.2,38,"Sharjah",36.2,31.4,"High",0,"No",0,"No",2945,"Third",35.8,37.7,36.7
6451,38.7,15,"Dubai",35.2,30.3,"High",0,"No",0,"No",3189,"Second",37.4,33.4,35.8
6452,40.1,31,"Abu Dhabi",29.3,17.1,"Lower",0,"No",1,"Yes",3451,"Third",28,26.4,31.1
6453,35,35,"Dubai",35.5,22.2,"High",0,"No",0,"No",3436,"Third",36.7,36,35.9
6454,30.7,14,"Dubai",30.5,31.4,"Lower",0,"No",0,"No",3578,"Second",28.3,28.9,29.1
6455,26.4,4,"Sharjah",33.9,23.5,"Lower",0,"No",0,"No",2983,"First",33.1,32.4,31.8
6456,20.3,13,"Abu Dhabi",31.2,38.7,"Lower",0,"No",0,"No",3052,"First",33.6,28.9,31
6457,28.8,5,"Abu Dhabi",32.3,28.7,"Lower",0,"No",0,"No",2829,"First",30,33,32.8
6458,31.2,10,"Dubai",37.8,30.3,"High",0,"No",1,"Yes",2905,"First",37.5,36.1,36.7
6459,28.8,35,"Abu Dhabi",34.6,33.9,"Lower",0,"No",0,"No",3231,"Third",32.9,32.8,34.6
6460,29.3,9,"Dubai",30.8,36,"Lower",1,"Yes",0,"No",2318,"First",29.3,30.2,31.7
6461,27.4,19,"Sharjah",35.9,37,"High",0,"No",0,"No",1981,"Second",38.8,35.5,36.7
6462,39.6,16,"Abu Dhabi",34.7,28.3,"Lower",1,"Yes",0,"No",3413,"Second",33.3,37.7,35.1
6463,43,32,"Sharjah",26.5,35.9,"Lower",0,"No",0,"No",4179,"Third",27.7,26.9,28.9
6464,37,15,"Sharjah",32.8,31.9,"Lower",0,"No",0,"No",3697,"Second",33,32.1,32.9
6465,31.4,25,"Abu Dhabi",32.1,17.6,"Lower",0,"No",0,"No",3560,"Second",31.3,30.8,31.9
6466,20.6,24,"Sharjah",31,26.8,"Lower",0,"No",0,"No",2772,"Second",30.7,29.6,31.9
6467,24,15,"Dubai",36.6,35.7,"High",0,"No",0,"No",2843,"Second",35.9,34.8,38.7
6468,38.5,39,"Dubai",30.9,19.2,"Lower",0,"No",1,"Yes",3736,"Third",33.8,29.8,30.1
6469,40.2,8,"Sharjah",33.8,27.8,"Lower",0,"No",0,"No",3150,"First",34.6,33.4,33.3
6470,29.8,6,"Dubai",37,40,"High",1,"Yes",0,"No",1857,"First",37.7,38,38.5
6471,32.8,29,"Sharjah",36.6,37.9,"High",0,"No",0,"No",3024,"Third",41.7,36.5,38.1
6472,33.9,16,"Dubai",29.7,36.2,"Lower",0,"No",0,"No",3201,"Second",30.1,27.6,29.6
6473,18.9,39,"Sharjah",33.1,23.7,"Lower",0,"No",0,"No",3932,"Third",33.1,35,34.1
6474,38.2,36,"Dubai",32.4,29.1,"Lower",0,"No",0,"No",2815,"Third",29.5,32.3,33.6
6475,22.8,19,"Dubai",31.6,35.2,"Lower",0,"No",0,"No",2872,"Second",33.5,30.3,31.5
6476,20.6,36,"Dubai",32.7,24.1,"Lower",0,"No",0,"No",2799,"Third",33.9,31.2,30.3
6477,25.7,38,"Abu Dhabi",31.9,28.8,"Lower",0,"No",0,"No",2920,"Third",30,32.7,33.2
6478,27.2,19,"Dubai",39.9,28.9,"High",0,"No",0,"No",2632,"Second",37.6,40.1,41.9
6479,35.9,26,"Abu Dhabi",33.1,38.6,"Lower",0,"No",0,"No",2947,"Second",33.8,32.4,33.3
6480,31.9,7,"Dubai",30.3,26.5,"Lower",0,"No",1,"Yes",2751,"First",31,27.4,29.3
6481,23.8,34,"Abu Dhabi",39.6,35.5,"High",0,"No",0,"No",2909,"Third",40.7,40.6,38.1
6482,24.9,5,"Dubai",28.2,28.6,"Lower",0,"No",0,"No",3114,"First",29.2,29.9,26.2
6483,31.2,11,"Sharjah",28.3,34.8,"Lower",0,"No",0,"No",3710,"First",27.3,27.4,28.4
6484,43.1,32,"Sharjah",31.7,33.3,"Lower",1,"Yes",0,"No",3542,"Third",31,32.7,33.8
6485,22,29,"Sharjah",31.9,25.7,"Lower",0,"No",0,"No",2729,"Third",34,33,32.5
6486,26.6,17,"Sharjah",32,29.3,"Lower",0,"No",0,"No",3396,"Second",32.8,32.2,30.7
6487,41.6,40,"Sharjah",34.4,27.1,"Lower",0,"No",0,"No",2794,"Third",33.9,36.8,34.1
6488,18.8,4,"Dubai",34,40.2,"Lower",0,"No",0,"No",3056,"First",34.5,31.9,33.9
6489,30.3,33,"Abu Dhabi",34.8,28.2,"Lower",0,"No",0,"No",3392,"Third",32.8,35.5,36
6490,26,28,"Dubai",35.1,17.6,"High",0,"No",0,"No",3254,"Third",36.1,34.4,35.5
6491,30.4,5,"Sharjah",31.9,31.5,"Lower",0,"No",0,"No",3236,"First",30.9,33.3,33.7
6492,31.1,31,"Dubai",33.1,25.3,"Lower",0,"No",0,"No",3297,"Third",34.9,31.9,33.6
6493,22,12,"Sharjah",31.6,21,"Lower",0,"No",0,"No",3356,"First",29.8,28.1,32.3
6494,25.8,36,"Sharjah",32.2,27.6,"Lower",0,"No",0,"No",2984,"Third",33.7,32.9,31
6495,28,33,"Abu Dhabi",29.9,29.6,"Lower",0,"No",0,"No",3332,"Third",28.9,32.7,30.9
6496,25.7,27,"Dubai",32,38.2,"Lower",0,"No",0,"No",3088,"Second",31.1,29.6,30.5
6497,39.5,10,"Abu Dhabi",33,34.3,"Lower",0,"No",0,"No",3107,"First",34.4,34,33.2
6498,32,10,"Dubai",30.7,17,"Lower",0,"No",0,"No",2963,"First",34.1,28.5,31.6
6499,23.6,35,"Abu Dhabi",34.8,24.2,"Lower",1,"Yes",0,"No",2836,"Third",35.4,32.4,35.5
6500,42.6,40,"Abu Dhabi",27.2,23.8,"Lower",0,"No",0,"No",2685,"Third",25.6,27.3,26.7
6501,26.5,6,"Abu Dhabi",33.3,25.2,"Lower",0,"No",0,"No",2897,"First",34.5,33.6,33.3
6502,23.8,7,"Abu Dhabi",30.8,39.8,"Lower",0,"No",0,"No",3774,"First",32.5,31.7,29.9
6503,28.5,14,"Dubai",31.2,40.9,"Lower",0,"No",1,"Yes",3594,"Second",30.1,31.4,29.4
6504,44.9,26,"Dubai",34.6,23.8,"Lower",0,"No",0,"No",2848,"Second",36.4,36.2,31.9
6505,18.5,5,"Sharjah",25.5,43.8,"Lower",0,"No",0,"No",3350,"First",25.8,25,25.9
6506,30.5,5,"Sharjah",31.2,28,"Lower",1,"Yes",0,"No",2268,"First",28.9,29.6,33.1
6507,31.8,37,"Dubai",29.2,31.5,"Lower",0,"No",0,"No",3397,"Third",29.7,28.8,28.3
6508,44.6,7,"Dubai",35.6,40.4,"High",0,"No",0,"No",3008,"First",34.2,33.9,36.3
6509,18.4,28,"Sharjah",33.4,32.7,"Lower",0,"No",0,"No",3158,"Third",34.3,33.7,32.4
6510,30.9,30,"Dubai",33,27,"Lower",0,"No",0,"No",3351,"Third",34.6,32,33.9
6511,43.6,19,"Dubai",33,26.9,"Lower",0,"No",0,"No",3256,"Second",33.6,31.5,34.4
6512,20.2,14,"Dubai",29.4,29.1,"Lower",0,"No",0,"No",2727,"Second",28.1,28.6,29.4
6513,30.7,7,"Abu Dhabi",30,10.7,"Lower",0,"No",1,"Yes",3208,"First",31.3,32,29.6
6514,23.8,12,"Dubai",31.2,30.5,"Lower",0,"No",0,"No",2572,"First",32.2,30.4,30.9
6515,26.5,15,"Dubai",31.4,22.2,"Lower",0,"No",1,"Yes",3729,"Second",31.5,31.2,29.4
6516,40.1,27,"Sharjah",32.8,27.8,"Lower",1,"Yes",0,"No",3328,"Second",33.5,35.1,34.1
6517,29,15,"Sharjah",32.3,33.9,"Lower",0,"No",0,"No",3187,"Second",30.5,32,34.9
6518,35.2,16,"Dubai",33.7,28.4,"Lower",1,"Yes",0,"No",2707,"Second",32.9,35.7,35.2
6519,38.1,37,"Abu Dhabi",34.8,17,"Lower",0,"No",1,"Yes",3635,"Third",35.5,33,37.2
6520,27.7,9,"Abu Dhabi",35.3,40.3,"High",0,"No",0,"No",3018,"First",36.5,32.7,38.2
6521,29.5,28,"Abu Dhabi",26.7,23.7,"Lower",0,"No",0,"No",3864,"Third",28.2,26.2,26
6522,34.3,19,"Sharjah",35.7,25.9,"High",0,"No",0,"No",3404,"Second",36.4,33.2,37.2
6523,33.7,5,"Dubai",33.6,36.2,"Lower",0,"No",0,"No",4275,"First",34.9,33,33.3
6524,41.6,36,"Dubai",27.6,29,"Lower",0,"No",0,"No",2821,"Third",30.5,29.2,30.3
6525,36.6,5,"Sharjah",35.8,19.5,"High",0,"No",0,"No",2879,"First",32.4,35.3,35.2
6526,41.4,24,"Dubai",25.3,38.4,"Lower",0,"No",0,"No",2993,"Second",25.8,28.2,26
6527,25.3,11,"Dubai",34.1,36.8,"Lower",0,"No",0,"No",2419,"First",33.4,32.3,34.2
6528,38.7,26,"Abu Dhabi",32.7,44.1,"Lower",0,"No",0,"No",2852,"Second",32.6,33.3,29.4
6529,25.4,8,"Sharjah",29.6,47.2,"Lower",0,"No",0,"No",3019,"First",30.1,31.8,31.1
6530,35.6,7,"Abu Dhabi",25.2,31.8,"Lower",0,"No",0,"No",3394,"First",23.3,22.4,25.6
6531,36.9,10,"Abu Dhabi",26.5,16.4,"Lower",0,"No",0,"No",3206,"First",27.6,27.1,25.7
6532,27.6,40,"Abu Dhabi",29.9,31.6,"Lower",0,"No",0,"No",3376,"Third",28.6,30.9,29.2
6533,33.7,29,"Dubai",29.6,35.3,"Lower",0,"No",0,"No",3208,"Third",28.4,31.3,26.4
6534,44.4,34,"Dubai",27.8,39.2,"Lower",0,"No",0,"No",3673,"Third",27.8,25.2,28.7
6535,34.6,19,"Dubai",28.8,23.5,"Lower",0,"No",0,"No",3568,"Second",27.3,28,30.5
6536,23.6,15,"Sharjah",30.7,22.7,"Lower",0,"No",0,"No",3252,"Second",33.6,31,29.4
6537,44.1,28,"Dubai",31.1,25.2,"Lower",0,"No",0,"No",3043,"Third",29.3,30.8,30.9
6538,40.6,19,"Dubai",34.8,34.9,"Lower",0,"No",0,"No",3645,"Second",34.3,34,32.4
6539,35.8,27,"Dubai",28.1,25.5,"Lower",0,"No",0,"No",2991,"Second",28.3,27.7,25.4
6540,34.3,36,"Dubai",31.5,21.6,"Lower",0,"No",0,"No",4109,"Third",33.6,26.9,29.3
6541,19.1,10,"Dubai",28.6,25.1,"Lower",0,"No",0,"No",3618,"First",28.4,25.9,28.5
6542,31.8,30,"Dubai",33,17.6,"Lower",0,"No",0,"No",3797,"Third",31.8,32,33
6543,42.9,4,"Abu Dhabi",29.8,31.8,"Lower",0,"No",0,"No",3470,"First",27.6,31.6,29.6
6544,22.1,20,"Dubai",29.2,38.4,"Lower",0,"No",0,"No",3746,"Second",30,30.1,28.9
6545,18.3,10,"Sharjah",31.4,28.6,"Lower",0,"No",0,"No",2722,"First",33,34.6,34
6546,34.9,34,"Dubai",36.2,33.9,"High",0,"No",0,"No",3797,"Third",38.5,36.4,34.1
6547,33.1,20,"Abu Dhabi",33.6,24.2,"Lower",0,"No",0,"No",3131,"Second",35.2,33.2,37.1
6548,44.6,30,"Dubai",30.9,29,"Lower",0,"No",1,"Yes",2874,"Third",31.5,31.2,30.7
6549,35,28,"Dubai",32.8,27.6,"Lower",0,"No",1,"Yes",3541,"Third",32.5,30.3,33.4
6550,28.5,31,"Sharjah",36.7,17.9,"High",0,"No",0,"No",3039,"Third",35.8,36.8,36.7
6551,28.8,24,"Abu Dhabi",31.9,26.6,"Lower",1,"Yes",0,"No",2604,"Second",30.7,31.7,29.7
6552,35.5,22,"Abu Dhabi",36.3,27.7,"High",1,"Yes",1,"Yes",3229,"Second",38.4,35.2,35.7
6553,22,11,"Dubai",35.1,25.9,"High",0,"No",0,"No",2705,"First",35.4,35.1,35.2
6554,41.8,36,"Dubai",33.8,41.8,"Lower",0,"No",0,"No",2442,"Third",36.3,33.5,33.7
6555,30.3,28,"Dubai",35.5,35.3,"High",0,"No",0,"No",3131,"Third",33.7,36.4,34.1
6556,41.4,29,"Dubai",27,23,"Lower",0,"No",0,"No",4260,"Third",24.7,28,28.4
6557,31.1,40,"Abu Dhabi",35.4,20.9,"High",0,"No",0,"No",2940,"Third",32.8,35.2,35.5
6558,20.1,19,"Dubai",31,17.8,"Lower",0,"No",0,"No",2137,"Second",33.5,29.9,31.1
6559,28.4,4,"Abu Dhabi",39.1,20.2,"High",0,"No",0,"No",2657,"First",38.3,38.8,37.7
6560,18.7,39,"Abu Dhabi",33,31.2,"Lower",0,"No",0,"No",2977,"Third",31,33.2,33.7
6561,27.3,36,"Abu Dhabi",29.1,17.3,"Lower",0,"No",0,"No",3832,"Third",29.6,29.3,30.2
6562,29,25,"Dubai",35.6,34,"High",0,"No",0,"No",2831,"Second",34.7,36.9,37.7
6563,30.1,26,"Dubai",33.3,25.2,"Lower",0,"No",0,"No",3770,"Second",32,33.5,33.1
6564,32.5,18,"Dubai",36.4,27.1,"High",0,"No",0,"No",3254,"Second",33.9,37.3,35
6565,19.6,12,"Dubai",28.8,32.5,"Lower",0,"No",0,"No",3618,"First",30.5,25.9,27.6
6566,21.3,6,"Sharjah",32.6,27,"Lower",0,"No",0,"No",2745,"First",32.8,30.8,32.8
6567,42.7,21,"Dubai",29.6,30.4,"Lower",0,"No",1,"Yes",3243,"Second",29.6,29,28.5
6568,21.1,30,"Dubai",37.3,21.9,"High",0,"No",0,"No",3086,"Third",35.7,37.9,37
6569,39.1,37,"Dubai",35.3,32.5,"High",0,"No",0,"No",2813,"Third",36.2,34.1,32
6570,29.8,25,"Abu Dhabi",28.5,10.3,"Lower",0,"No",0,"No",2539,"Second",28.6,32,27.9
6571,26.4,39,"Sharjah",30.3,45.2,"Lower",0,"No",0,"No",2919,"Third",32.2,30.1,29.2
6572,36.1,23,"Abu Dhabi",33.4,37.4,"Lower",0,"No",0,"No",2965,"Second",34,33.2,36.5
6573,25.7,28,"Sharjah",34.8,27,"Lower",1,"Yes",0,"No",2245,"Third",33.6,37,35.1
6574,29.6,29,"Dubai",35.6,39.9,"High",0,"No",0,"No",3356,"Third",37.1,34.3,35.6
6575,30.8,34,"Sharjah",30.2,34.3,"Lower",0,"No",0,"No",3402,"Third",31.2,27.9,29.7
6576,27.2,34,"Abu Dhabi",28.5,42.5,"Lower",0,"No",0,"No",3511,"Third",29.1,28.1,30.4
6577,33.4,33,"Sharjah",27.8,31.7,"Lower",0,"No",0,"No",3120,"Third",27.6,28.3,28.8
6578,40.6,34,"Sharjah",36.1,17.8,"High",0,"No",0,"No",4154,"Third",38.4,34.1,39.1
6579,32.6,40,"Dubai",29.9,34.5,"Lower",0,"No",0,"No",3232,"Third",27.9,28.5,31.2
6580,19.5,24,"Sharjah",29.6,30.7,"Lower",0,"No",0,"No",3705,"Second",28.1,27.9,31.7
6581,21.7,28,"Abu Dhabi",36.6,15.5,"High",0,"No",0,"No",3271,"Third",36.3,40.3,34.9
6582,33.1,29,"Dubai",36.8,19.2,"High",0,"No",0,"No",2970,"Third",37,35.1,36.6
6583,39.1,37,"Dubai",32.1,31.5,"Lower",1,"Yes",0,"No",3094,"Third",32.2,32.1,30.1
6584,42.2,10,"Dubai",38.1,37.3,"High",0,"No",0,"No",3762,"First",38.8,36,38.3
6585,37.7,37,"Dubai",36.6,36.2,"High",0,"No",0,"No",2874,"Third",34.7,38.5,37
6586,35.6,35,"Abu Dhabi",29.4,20.3,"Lower",0,"No",0,"No",3598,"Third",30.9,30.2,27.3
6587,30.4,31,"Sharjah",32.2,31.9,"Lower",0,"No",0,"No",4159,"Third",33.8,31.9,31.6
6588,37.2,19,"Dubai",23.6,26.7,"Lower",0,"No",0,"No",3491,"Second",24.1,23.9,19.5
6589,32.1,38,"Abu Dhabi",30.3,21.5,"Lower",0,"No",1,"Yes",2930,"Third",31.6,30,26.7
6590,23.4,32,"Dubai",32.3,47.6,"Lower",1,"Yes",0,"No",3544,"Third",31.6,33.8,31.7
6591,30.9,30,"Abu Dhabi",31.8,40.3,"Lower",0,"No",0,"No",3294,"Third",30.8,34.4,34.9
6592,43.8,17,"Abu Dhabi",33.3,16.8,"Lower",0,"No",0,"No",3723,"Second",34.1,34.5,31.5
6593,34,8,"Dubai",37.7,39.5,"High",0,"No",0,"No",3218,"First",38.5,39.6,37.8
6594,44.3,21,"Abu Dhabi",30,30.3,"Lower",0,"No",0,"No",2655,"Second",30.4,27.3,30.2
6595,29.9,12,"Abu Dhabi",30.8,31.2,"Lower",0,"No",0,"No",3093,"First",31.3,31.2,30
6596,30.7,37,"Dubai",32.2,28.5,"Lower",0,"No",0,"No",3023,"Third",32.3,32.6,31.6
6597,42.3,22,"Dubai",32.3,35.8,"Lower",0,"No",0,"No",3644,"Second",32.4,32.4,30.1
6598,43.9,28,"Abu Dhabi",36.6,37.6,"High",0,"No",0,"No",3366,"Third",36.5,34.8,38.4
6599,19.7,17,"Abu Dhabi",37.4,20.4,"High",0,"No",0,"No",2262,"Second",39,36.2,36.8
6600,41.5,4,"Abu Dhabi",31.8,15.9,"Lower",0,"No",0,"No",4640,"First",30.4,32.1,33.5
6601,38.5,9,"Dubai",28.5,29.9,"Lower",0,"No",0,"No",2389,"First",27.7,28.2,29
6602,44.4,5,"Sharjah",32.3,29.6,"Lower",0,"No",1,"Yes",2615,"First",34,33.6,31.1
6603,37.1,25,"Sharjah",30.6,23.4,"Lower",0,"No",0,"No",3748,"Second",32.3,32.7,30.5
6604,26.6,36,"Abu Dhabi",35.8,14.5,"High",1,"Yes",0,"No",3175,"Third",37.3,35.8,34.7
6605,25.4,17,"Abu Dhabi",28.6,22,"Lower",0,"No",0,"No",2627,"Second",30.5,28.4,27.7
6606,33.2,22,"Dubai",32.7,37.4,"Lower",0,"No",0,"No",3220,"Second",33.2,29.7,34.8
6607,23,37,"Dubai",32,22.3,"Lower",0,"No",1,"Yes",3275,"Third",32.4,31.3,32.1
6608,18.8,14,"Abu Dhabi",30.3,17.7,"Lower",0,"No",0,"No",3151,"Second",28.7,28.6,30.3
6609,31.5,13,"Dubai",31.4,27.1,"Lower",0,"No",0,"No",3455,"First",32.4,32,30.6
6610,34.8,34,"Abu Dhabi",29.4,12.9,"Lower",0,"No",0,"No",3952,"Third",27.1,32.1,30.2
6611,35.4,20,"Dubai",29.2,28.3,"Lower",0,"No",0,"No",2859,"Second",28.2,29.6,28.5
6612,22.3,21,"Sharjah",32,16.8,"Lower",0,"No",0,"No",3027,"Second",33.8,31.2,31.9
6613,40.8,38,"Sharjah",36.8,24.5,"High",0,"No",0,"No",2374,"Third",37.6,36.9,36.2
6614,19.1,31,"Sharjah",31.3,38.7,"Lower",0,"No",1,"Yes",2502,"Third",29.3,30.7,29.5
6615,29.4,33,"Dubai",31.8,21.1,"Lower",0,"No",0,"No",3142,"Third",31.2,34.4,33.1
6616,35.9,34,"Dubai",27.2,21.5,"Lower",0,"No",0,"No",3245,"Third",26.8,29,28
6617,38.2,14,"Dubai",33.5,40.2,"Lower",0,"No",0,"No",3250,"Second",33.6,34.3,35
6618,32.3,35,"Abu Dhabi",32.5,35,"Lower",0,"No",0,"No",3700,"Third",33.2,30.5,31.8
6619,20.3,35,"Dubai",35.8,33.3,"High",0,"No",0,"No",2482,"Third",34.9,36.4,35.5
6620,27.3,29,"Abu Dhabi",36,28.5,"High",0,"No",0,"No",3076,"Third",36.9,35.8,37.7
6621,22.3,18,"Abu Dhabi",32,27.1,"Lower",0,"No",0,"No",3491,"Second",32.3,29,33.6
6622,36.2,29,"Dubai",28.4,28.9,"Lower",0,"No",0,"No",3131,"Third",28.8,25.4,29.7
6623,25.5,27,"Sharjah",36.7,26,"High",0,"No",0,"No",2131,"Second",39.6,34.8,35.1
6624,41.6,19,"Abu Dhabi",30.4,29.3,"Lower",1,"Yes",0,"No",2779,"Second",29.8,30.9,28.9
6625,28.8,8,"Dubai",26.7,25,"Lower",1,"Yes",0,"No",3638,"First",22.8,26.5,25.8
6626,42.3,21,"Abu Dhabi",28.7,34.3,"Lower",0,"No",0,"No",3322,"Second",31.4,29,25.6
6627,30.4,16,"Sharjah",30.6,34.8,"Lower",0,"No",0,"No",2801,"Second",31.3,33.5,30.4
6628,33.2,22,"Dubai",29.4,48.3,"Lower",0,"No",0,"No",3197,"Second",32.9,29.2,28.1
6629,25.1,38,"Dubai",29.4,29,"Lower",0,"No",0,"No",3736,"Third",28.3,30.4,31.9
6630,27,39,"Sharjah",29.2,31,"Lower",0,"No",0,"No",3047,"Third",28,29,28.5
6631,35.4,8,"Abu Dhabi",33.8,17.5,"Lower",1,"Yes",0,"No",3044,"First",33.2,32.2,32.6
6632,31.2,12,"Dubai",32.2,23.1,"Lower",1,"Yes",0,"No",3825,"First",32.2,32.9,31.2
6633,42.2,19,"Dubai",35.4,21.5,"High",0,"No",1,"Yes",3154,"Second",38.4,34.4,37
6634,28,8,"Abu Dhabi",27.4,38.5,"Lower",0,"No",0,"No",3166,"First",29.4,26.1,28.1
6635,24.5,10,"Sharjah",30.7,33.3,"Lower",0,"No",0,"No",3286,"First",30.8,29.8,33.3
6636,31.1,8,"Dubai",30.1,30,"Lower",0,"No",0,"No",3847,"First",31.3,28.6,30.2
6637,26.4,7,"Abu Dhabi",29.8,31.2,"Lower",0,"No",0,"No",3097,"First",29.4,26.5,29.2
6638,24.8,16,"Dubai",30.3,20.8,"Lower",0,"No",0,"No",3288,"Second",29.4,28.9,32
6639,18.8,15,"Dubai",34.2,39.2,"Lower",0,"No",0,"No",2464,"Second",32.1,35,36.8
6640,29.3,36,"Sharjah",31.8,21.1,"Lower",0,"No",0,"No",3245,"Third",33,31,34.1
6641,27.4,38,"Abu Dhabi",35.9,23.2,"High",0,"No",0,"No",3757,"Third",38.4,33.8,37.2
6642,35.7,38,"Abu Dhabi",36.9,32.6,"High",0,"No",0,"No",2617,"Third",36.8,35.3,39
6643,37.6,20,"Abu Dhabi",31.9,34.7,"Lower",0,"No",0,"No",3489,"Second",32.3,33.8,31.5
6644,38.5,27,"Dubai",30.5,26.8,"Lower",0,"No",0,"No",3594,"Second",31,31.6,29.2
6645,25,39,"Abu Dhabi",31.6,27.5,"Lower",0,"No",0,"No",2501,"Third",30,32,31.6
6646,28.2,27,"Dubai",38.8,27,"High",0,"No",0,"No",2881,"Second",40.6,38.3,37.9
6647,20.1,13,"Dubai",32.3,23.6,"Lower",0,"No",0,"No",2961,"First",34.2,34.1,28.8
6648,29.8,21,"Dubai",32.2,35.2,"Lower",0,"No",0,"No",3378,"Second",33.7,31.7,33.8
6649,20.6,28,"Dubai",26.7,41,"Lower",0,"No",0,"No",2356,"Third",26.2,28.7,25.3
6650,39.8,37,"Abu Dhabi",30.3,36.1,"Lower",0,"No",0,"No",3057,"Third",30.2,28.8,31.7
6651,37.8,14,"Sharjah",31.9,38.2,"Lower",0,"No",0,"No",3435,"Second",31,32.4,32.8
6652,33,33,"Abu Dhabi",28.9,34.5,"Lower",0,"No",0,"No",3494,"Third",31.9,29,29.5
6653,41.5,4,"Dubai",30.3,18.2,"Lower",0,"No",0,"No",3021,"First",32.2,33.8,30.3
6654,23.8,8,"Dubai",30.5,21.1,"Lower",0,"No",0,"No",3073,"First",29.2,30.2,29.9
6655,23.7,21,"Dubai",25.6,31.4,"Lower",1,"Yes",0,"No",3251,"Second",25.9,24.3,25
6656,18.5,10,"Dubai",33.2,36.6,"Lower",0,"No",0,"No",3424,"First",32.9,32.8,34.6
6657,39.6,30,"Dubai",35.5,21.3,"High",0,"No",0,"No",2794,"Third",36.6,36,36.4
6658,36.8,37,"Abu Dhabi",37.5,26.7,"High",0,"No",1,"Yes",2834,"Third",40.4,38.7,35.6
6659,24.7,16,"Dubai",30,29.5,"Lower",0,"No",0,"No",2249,"Second",31.6,32.2,31.5
6660,19.7,9,"Dubai",33,44.8,"Lower",0,"No",0,"No",2199,"First",34.8,31.8,33.5
6661,22.8,35,"Dubai",32.6,36.6,"Lower",0,"No",0,"No",3534,"Third",34.8,31.7,33.8
6662,25,23,"Abu Dhabi",32.1,46.4,"Lower",0,"No",0,"No",2853,"Second",30.1,31.7,30.3
6663,41.3,33,"Abu Dhabi",34.2,37.1,"Lower",0,"No",0,"No",2433,"Third",34.8,37.5,34.5
6664,40.6,34,"Dubai",33.8,29.5,"Lower",0,"No",0,"No",2977,"Third",33.9,33.2,32.8
6665,42.4,17,"Abu Dhabi",29.2,28.8,"Lower",0,"No",0,"No",3435,"Second",32.4,30.5,28
6666,29.8,6,"Abu Dhabi",36.3,39.7,"High",1,"Yes",0,"No",2580,"First",37.4,36.8,35.2
6667,29.6,15,"Abu Dhabi",32.1,15.1,"Lower",0,"No",0,"No",3261,"Second",31.1,30.8,31.6
6668,39.7,32,"Abu Dhabi",39.9,31,"High",0,"No",0,"No",3076,"Third",39.3,41.5,38
6669,20.4,31,"Sharjah",28.7,34.8,"Lower",0,"No",0,"No",3549,"Third",29.3,29,27.4
6670,20.1,33,"Abu Dhabi",29.5,30.5,"Lower",0,"No",0,"No",3046,"Third",29.7,29,28
6671,33.1,38,"Dubai",33.8,42.9,"Lower",0,"No",0,"No",3198,"Third",32.6,36.2,30.7
6672,32.6,37,"Sharjah",31.4,30.2,"Lower",0,"No",0,"No",3451,"Third",30,32,31.6
6673,20.6,31,"Dubai",28.4,29.5,"Lower",0,"No",0,"No",4131,"Third",27.8,26.2,27.5
6674,44.1,26,"Abu Dhabi",29.1,30.9,"Lower",0,"No",0,"No",3055,"Second",29.8,30.8,31.1
6675,33.8,19,"Abu Dhabi",32.6,38.3,"Lower",0,"No",0,"No",3795,"Second",33.6,33.4,33.5
6676,24.1,35,"Abu Dhabi",30.3,32.7,"Lower",0,"No",1,"Yes",3551,"Third",30.6,28.9,31.6
6677,41.9,26,"Sharjah",35.4,24.9,"High",0,"No",0,"No",3699,"Second",38.6,36.2,32.9
6678,23.3,40,"Dubai",29.1,31,"Lower",0,"No",0,"No",2731,"Third",28.6,29.5,29.9
6679,29.3,28,"Abu Dhabi",27.2,29,"Lower",0,"No",0,"No",3090,"Third",27.6,25.7,27.7
6680,30.6,22,"Abu Dhabi",32.6,42.9,"Lower",0,"No",0,"No",3253,"Second",34.8,34.4,30.6
6681,30,33,"Dubai",27.5,34.4,"Lower",1,"Yes",0,"No",3134,"Third",30.3,27,27.9
6682,33.7,32,"Dubai",31.2,35.2,"Lower",0,"No",0,"No",2754,"Third",28.7,33.5,29.9
6683,18.8,14,"Sharjah",32.7,39.8,"Lower",1,"Yes",0,"No",2296,"Second",33.9,32.3,27.7
6684,38.2,15,"Dubai",32.9,29.5,"Lower",0,"No",0,"No",2957,"Second",35.3,34.4,32.9
6685,25.5,39,"Dubai",37.2,17.5,"High",0,"No",0,"No",2946,"Third",36.1,35.6,37.3
6686,23.5,13,"Dubai",32.5,34.2,"Lower",0,"No",0,"No",3836,"First",33.8,33.4,32.3
6687,43,37,"Sharjah",34.9,31,"Lower",0,"No",0,"No",2757,"Third",37,34.4,37.2
6688,18.7,7,"Abu Dhabi",35.8,22.6,"High",0,"No",0,"No",2951,"First",36.2,36.3,36.2
6689,20.1,6,"Sharjah",32,22.4,"Lower",0,"No",0,"No",2831,"First",31.8,31.2,30.9
6690,25.6,38,"Dubai",29.6,38.9,"Lower",0,"No",0,"No",2940,"Third",32.3,30.7,28.3
6691,35,14,"Sharjah",33.7,30.4,"Lower",0,"No",0,"No",3056,"Second",33.5,32.1,32.9
6692,44.1,7,"Dubai",31.9,19.4,"Lower",0,"No",0,"No",3283,"First",30,31.7,31
6693,23.3,23,"Abu Dhabi",38.9,20.5,"High",0,"No",0,"No",3333,"Second",38.9,39.9,40.2
6694,36.4,5,"Sharjah",39.4,31.7,"High",1,"Yes",0,"No",2797,"First",40.9,40,41.2
6695,22.1,40,"Dubai",31.3,20.8,"Lower",0,"No",0,"No",3100,"Third",31.5,32.3,32.1
6696,22.5,29,"Sharjah",31,37,"Lower",0,"No",1,"Yes",3333,"Third",27.9,30.2,30.1
6697,43,12,"Abu Dhabi",33,31.5,"Lower",0,"No",0,"No",3804,"First",33.2,31.5,33
6698,39.7,28,"Sharjah",35.5,31.5,"High",0,"No",0,"No",3232,"Third",36.5,33.5,36.6
6699,18.4,11,"Dubai",30.5,23.3,"Lower",0,"No",0,"No",3314,"First",30.3,34.6,30.3
6700,40.3,35,"Dubai",32.1,24.5,"Lower",0,"No",0,"No",3336,"Third",34,30.6,33.5
6701,43.7,25,"Abu Dhabi",31,37.6,"Lower",0,"No",0,"No",3011,"Second",30.8,31.2,30.3
6702,28.4,31,"Abu Dhabi",32.9,41.1,"Lower",0,"No",1,"Yes",2282,"Third",33.3,35.1,32.6
6703,20.6,9,"Dubai",34.6,30.4,"Lower",0,"No",0,"No",3388,"First",35.6,34.6,33.8
6704,27.3,7,"Sharjah",31.1,17.7,"Lower",0,"No",0,"No",3447,"First",31.2,31.2,30.1
6705,19.9,10,"Dubai",34.7,36.4,"Lower",0,"No",0,"No",2982,"First",33.6,32.2,34.3
6706,38.3,35,"Abu Dhabi",35.5,21.8,"High",0,"No",0,"No",3545,"Third",34.7,34.6,37.4
6707,34.6,14,"Abu Dhabi",31.9,18.3,"Lower",0,"No",0,"No",2763,"Second",31.7,30.5,31
6708,31.3,12,"Abu Dhabi",34.2,25.9,"Lower",0,"No",0,"No",3581,"First",32.6,35.4,36
6709,32.9,17,"Dubai",31.5,33.2,"Lower",0,"No",1,"Yes",3057,"Second",30.7,30.4,28.9
6710,27.5,30,"Sharjah",29.6,45.3,"Lower",0,"No",0,"No",3191,"Third",28,29.2,28.2
6711,23,25,"Abu Dhabi",34.5,35.5,"Lower",1,"Yes",0,"No",2835,"Second",34.8,33.2,34.2
6712,22.6,6,"Dubai",32.4,30.4,"Lower",0,"No",0,"No",3216,"First",31.1,33.1,30.5
6713,20.7,40,"Dubai",26.2,28.8,"Lower",0,"No",0,"No",3791,"Third",26.7,26.7,25
6714,29.4,37,"Abu Dhabi",29,26.4,"Lower",0,"No",0,"No",3499,"Third",27.5,27.8,29.1
6715,22.2,35,"Dubai",33,22.4,"Lower",0,"No",0,"No",3345,"Third",33.6,32.1,31.8
6716,20.5,29,"Dubai",35.7,39.3,"High",0,"No",0,"No",2664,"Third",35.4,34.8,35.3
6717,41.5,8,"Abu Dhabi",24.4,37.8,"Lower",0,"No",0,"No",3198,"First",26.2,19.3,26.9
6718,28.3,35,"Dubai",31.4,23.8,"Lower",0,"No",0,"No",3709,"Third",32.5,31,30.8
6719,29.8,25,"Dubai",31.8,31.4,"Lower",0,"No",0,"No",3301,"Second",31,33,31.7
6720,24.1,17,"Dubai",34.6,19.8,"Lower",0,"No",0,"No",3370,"Second",35.1,38,32.8
6721,42.9,20,"Sharjah",33.3,27.6,"Lower",0,"No",0,"No",3252,"Second",33.3,34.5,33.6
6722,38.5,27,"Sharjah",33.2,32.2,"Lower",0,"No",0,"No",2635,"Second",32.5,34.9,36.5
6723,38.4,27,"Abu Dhabi",33,22.5,"Lower",0,"No",0,"No",3005,"Second",32.8,32.1,33.5
6724,18.1,15,"Dubai",27.6,19,"Lower",0,"No",1,"Yes",3959,"Second",26.3,28.6,27.8
6725,36.3,30,"Abu Dhabi",32.4,32.9,"Lower",0,"No",0,"No",3290,"Third",31.2,33.9,33.3
6726,42.4,18,"Dubai",31.7,44,"Lower",1,"Yes",0,"No",3351,"Second",30,32.2,31.1
6727,41.3,13,"Abu Dhabi",35.7,36.8,"High",0,"No",0,"No",2344,"First",37.1,33.2,37.3
6728,21.1,14,"Dubai",31.5,32.2,"Lower",0,"No",0,"No",3523,"Second",29.6,30.4,31.3
6729,25,14,"Abu Dhabi",27.9,17.9,"Lower",0,"No",0,"No",3876,"Second",26.9,29.3,29.4
6730,18.6,29,"Sharjah",31.3,34.9,"Lower",0,"No",0,"No",2646,"Third",28.9,31.3,32.5
6731,38.5,21,"Dubai",32.6,15.7,"Lower",0,"No",0,"No",2269,"Second",32.5,33.2,33.7
6732,27,13,"Sharjah",28.6,32.8,"Lower",0,"No",0,"No",3375,"First",28,28.1,31.9
6733,39.3,4,"Dubai",29,39.9,"Lower",0,"No",0,"No",3687,"First",28.3,26.7,30.1
6734,39.1,16,"Abu Dhabi",33.5,41.8,"Lower",0,"No",0,"No",3429,"Second",33,37.3,36
6735,24.6,17,"Dubai",30.3,43.6,"Lower",0,"No",0,"No",3332,"Second",30,28.7,30
6736,22.2,5,"Sharjah",32.3,18,"Lower",0,"No",1,"Yes",3299,"First",33.3,30.1,32.6
6737,44.7,11,"Dubai",31.1,42.7,"Lower",0,"No",0,"No",3639,"First",30.5,30.3,32.2
6738,33.3,7,"Dubai",26.9,34.7,"Lower",0,"No",0,"No",3847,"First",24.6,27.1,24.9
6739,38.7,29,"Dubai",29.9,20.8,"Lower",0,"No",0,"No",2869,"Third",30.5,28.2,30.5
6740,40.5,7,"Dubai",29.6,36.4,"Lower",0,"No",0,"No",3504,"First",31.8,29.6,29
6741,33.9,36,"Dubai",30.8,47.2,"Lower",0,"No",0,"No",2889,"Third",27.8,29.5,30.3
6742,19,17,"Dubai",31.7,32.6,"Lower",0,"No",0,"No",3297,"Second",29.7,31.6,31.9
6743,35.6,39,"Abu Dhabi",34.3,49,"Lower",0,"No",1,"Yes",3029,"Third",34.4,35.6,32.5
6744,30.5,33,"Dubai",33.5,39.4,"Lower",1,"Yes",1,"Yes",2874,"Third",33.5,31.2,32.5
6745,33.7,35,"Dubai",36.4,30.5,"High",0,"No",0,"No",3278,"Third",37.4,36.2,36.6
6746,39.7,39,"Sharjah",35.3,22.7,"High",0,"No",0,"No",3440,"Third",38.5,36.9,34.6
6747,43,37,"Sharjah",33.2,33.1,"Lower",1,"Yes",0,"No",3076,"Third",32.5,34,34.2
6748,45,11,"Sharjah",29.6,27.1,"Lower",0,"No",0,"No",3440,"First",31.2,26.3,27.7
6749,27.1,14,"Abu Dhabi",29,25.3,"Lower",0,"No",0,"No",4064,"Second",26.8,30.3,26.7
6750,33.4,38,"Abu Dhabi",26.6,36,"Lower",0,"No",1,"Yes",3011,"Third",27.7,27.7,28.5
6751,38.1,11,"Abu Dhabi",32,32,"Lower",0,"No",0,"No",2671,"First",30.9,33.3,32.9
6752,34.6,11,"Abu Dhabi",33.7,20.7,"Lower",0,"No",1,"Yes",3112,"First",32.3,34.9,31.8
6753,22.9,6,"Sharjah",27.6,33.2,"Lower",0,"No",0,"No",3276,"First",27.3,27.8,28.3
6754,31,17,"Dubai",29,24.6,"Lower",0,"No",0,"No",3599,"Second",28.6,32,28.6
6755,18.3,38,"Abu Dhabi",31.7,39.5,"Lower",0,"No",0,"No",3324,"Third",30.9,33,31.2
6756,44.3,35,"Sharjah",34,29.7,"Lower",0,"No",0,"No",2816,"Third",34,33.6,33.1
6757,20.9,6,"Dubai",29.1,26.6,"Lower",0,"No",0,"No",3416,"First",27.3,29.5,28.9
6758,26,27,"Abu Dhabi",33.1,18.4,"Lower",0,"No",0,"No",2441,"Second",32.3,35.3,32.1
6759,42.5,40,"Abu Dhabi",33.2,41.2,"Lower",0,"No",0,"No",3253,"Third",33.1,33.5,32.5
6760,20.6,22,"Dubai",33.6,25.4,"Lower",0,"No",0,"No",3216,"Second",33.1,33.4,34.6
6761,41.2,23,"Sharjah",34.2,35.5,"Lower",0,"No",0,"No",3298,"Second",33.1,33.1,32.5
6762,22.8,16,"Dubai",31.6,22.2,"Lower",0,"No",1,"Yes",3093,"Second",32.5,30.4,31.7
6763,28.9,14,"Abu Dhabi",35.5,27.5,"High",0,"No",1,"Yes",3340,"Second",30.8,36.1,34
6764,21.3,9,"Abu Dhabi",30.3,26.4,"Lower",1,"Yes",0,"No",2888,"First",31.2,29.6,28.3
6765,34.5,5,"Abu Dhabi",28.5,29.7,"Lower",0,"No",0,"No",3304,"First",29,30.7,29.3
6766,28.6,29,"Dubai",26.8,38.8,"Lower",0,"No",0,"No",2625,"Third",29.3,25.9,24.6
6767,19.7,13,"Abu Dhabi",34.1,15.7,"Lower",0,"No",0,"No",2590,"First",34.9,31.6,36.5
6768,34.7,35,"Abu Dhabi",29.7,29.1,"Lower",0,"No",0,"No",2585,"Third",29.9,26,29.8
6769,31.2,7,"Dubai",26,57.3,"Lower",0,"No",1,"Yes",3766,"First",28.6,25.8,25.4
6770,21.9,16,"Dubai",27.1,31.7,"Lower",0,"No",0,"No",3014,"Second",29,27,29.7
6771,32.6,35,"Dubai",29.1,25.5,"Lower",0,"No",0,"No",2636,"Third",31.9,28.9,28.3
6772,44.4,38,"Dubai",31.9,16.3,"Lower",0,"No",0,"No",3691,"Third",32.2,34.8,32.8
6773,23.4,29,"Dubai",33.1,24.9,"Lower",0,"No",0,"No",3680,"Third",32,32.4,32.8
6774,39.7,28,"Sharjah",29,29.3,"Lower",0,"No",0,"No",3705,"Third",29.8,29.7,28.6
6775,33.6,23,"Dubai",32,27.5,"Lower",0,"No",0,"No",3619,"Second",30.7,34,32.6
6776,43.6,14,"Dubai",35.2,26.1,"High",0,"No",1,"Yes",3553,"Second",36.3,34.4,38.6
6777,26.3,34,"Dubai",29.5,37.5,"Lower",0,"No",0,"No",2941,"Third",30,29.4,30.6
6778,26.6,13,"Sharjah",28.1,35,"Lower",0,"No",0,"No",2933,"First",26.6,27.1,31.3
6779,29.9,22,"Dubai",34.7,31,"Lower",0,"No",0,"No",3047,"Second",34.7,34.6,32.1
6780,34.3,12,"Abu Dhabi",32.4,29.5,"Lower",0,"No",1,"Yes",2178,"First",32.7,33.2,31.9
6781,24.4,23,"Dubai",33.6,35.1,"Lower",1,"Yes",0,"No",2846,"Second",30.4,32.2,33
6782,25.1,5,"Sharjah",37.5,17.6,"High",0,"No",0,"No",2762,"First",38.6,36.4,37.9
6783,32.8,32,"Abu Dhabi",32.8,29.4,"Lower",0,"No",0,"No",3526,"Third",31.2,32.1,36.5
6784,40.4,37,"Dubai",35.1,18.9,"High",0,"No",0,"No",3012,"Third",36.1,35.3,33.5
6785,41,15,"Abu Dhabi",34.3,6.3,"Lower",0,"No",0,"No",4134,"Second",33.2,34.6,34.9
6786,29.4,13,"Dubai",34.6,37.1,"Lower",0,"No",0,"No",2748,"First",34,31.8,33.8
6787,37.4,32,"Abu Dhabi",31,16.6,"Lower",0,"No",0,"No",4344,"Third",31.7,32.8,31.8
6788,43.2,25,"Abu Dhabi",33.7,16.5,"Lower",0,"No",0,"No",2824,"Second",34.4,33.2,34.6
6789,27.5,38,"Dubai",35.6,28,"High",0,"No",0,"No",2777,"Third",36,38.1,34.4
6790,32.6,39,"Sharjah",29,32.3,"Lower",0,"No",0,"No",3701,"Third",29.6,30.8,27.2
6791,34.9,9,"Sharjah",25.7,35.6,"Lower",0,"No",0,"No",3845,"First",24.6,24.5,23.9
6792,35.1,6,"Abu Dhabi",35.2,24.7,"High",0,"No",1,"Yes",2560,"First",35.9,36.2,34.8
6793,26.5,37,"Dubai",31.6,16.2,"Lower",0,"No",0,"No",4033,"Third",32.1,30.6,34.2
6794,28.5,18,"Dubai",31.6,33.5,"Lower",0,"No",0,"No",2931,"Second",32.9,31.2,30.4
6795,19.1,40,"Abu Dhabi",32.5,38.3,"Lower",0,"No",0,"No",3518,"Third",34.9,32.2,33.5
6796,38.5,13,"Dubai",32.5,27.3,"Lower",0,"No",0,"No",2693,"First",31.9,29.7,29.6
6797,18.9,10,"Dubai",32.9,28.2,"Lower",0,"No",0,"No",3497,"First",34.1,33.2,34.3
6798,43,6,"Abu Dhabi",31.4,34.8,"Lower",0,"No",0,"No",3304,"First",30.9,32.1,32
6799,19.8,12,"Dubai",27.8,18.7,"Lower",1,"Yes",0,"No",3696,"First",25.7,27.2,28.2
6800,21,16,"Dubai",33.7,24.3,"Lower",0,"No",0,"No",3391,"Second",33,32,32.6
6801,36.5,9,"Dubai",33.3,28.4,"Lower",0,"No",0,"No",3207,"First",33.5,30.8,33.1
6802,20.5,16,"Abu Dhabi",29.4,30,"Lower",0,"No",0,"No",3538,"Second",30.8,27,30.4
6803,42.3,32,"Abu Dhabi",32.6,19.6,"Lower",0,"No",0,"No",4209,"Third",32.3,33.7,32.1
6804,23.6,23,"Abu Dhabi",30.6,23.2,"Lower",0,"No",0,"No",3175,"Second",31.3,33,34.4
6805,30.5,22,"Sharjah",30.6,43.6,"Lower",0,"No",0,"No",3329,"Second",28.3,30.3,31.1
6806,25.8,6,"Dubai",32.9,39.8,"Lower",1,"Yes",0,"No",3131,"First",32.2,35.4,31.1
6807,24,29,"Dubai",36.4,19.8,"High",0,"No",0,"No",3623,"Third",38.5,39.2,36.7
6808,39.6,19,"Dubai",36.3,14,"High",0,"No",0,"No",3801,"Second",33.3,37.6,37.4
6809,40.3,25,"Abu Dhabi",28.9,37.5,"Lower",0,"No",0,"No",3031,"Second",28.7,27.6,31.9
6810,31.1,8,"Dubai",33.2,15.8,"Lower",0,"No",0,"No",2472,"First",31.9,32.9,33.9
6811,35.1,30,"Sharjah",27.4,21.5,"Lower",0,"No",0,"No",3940,"Third",27.9,29,29.2
6812,42.1,7,"Dubai",34.7,36.3,"Lower",0,"No",0,"No",3029,"First",38.1,32.3,34.4
6813,43.9,29,"Sharjah",31.6,31.1,"Lower",1,"Yes",0,"No",2974,"Third",32.5,33.2,32.5
6814,36.4,32,"Abu Dhabi",33,28.1,"Lower",0,"No",0,"No",3158,"Third",33.5,32.6,31.1
6815,36.9,33,"Sharjah",31.6,19.9,"Lower",0,"No",0,"No",3379,"Third",32.2,31.3,32.8
6816,39.4,19,"Abu Dhabi",33.5,18.1,"Lower",0,"No",0,"No",3223,"Second",35.1,32.1,34.3
6817,38,34,"Dubai",30.8,14.5,"Lower",0,"No",0,"No",3972,"Third",29.9,28.9,31.1
6818,20.6,12,"Dubai",25.8,27.4,"Lower",0,"No",0,"No",1998,"First",27,22.9,24
6819,41.4,15,"Dubai",27.2,28.4,"Lower",0,"No",0,"No",4452,"Second",26.7,27.6,27.6
6820,25.3,17,"Dubai",33.3,26.1,"Lower",0,"No",0,"No",3310,"Second",35.6,32.5,37.1
6821,39.9,36,"Dubai",36.4,39.2,"High",0,"No",0,"No",3597,"Third",37.3,33.9,37.2
6822,34.3,29,"Dubai",35.5,32.9,"High",0,"No",0,"No",3525,"Third",35.7,34.3,36.7
6823,22.2,36,"Abu Dhabi",36.7,39.1,"High",0,"No",0,"No",2628,"Third",37,36.9,37.9
6824,29.7,40,"Dubai",33.9,23.8,"Lower",0,"No",0,"No",2737,"Third",33.1,35,33
6825,42.2,5,"Abu Dhabi",37.7,28,"High",0,"No",0,"No",3222,"First",36.6,36.2,36.1
6826,28,32,"Abu Dhabi",32.1,28.6,"Lower",0,"No",0,"No",2650,"Third",31.9,31.4,33.6
6827,29.8,18,"Dubai",30.5,36.8,"Lower",0,"No",0,"No",3531,"Second",30.4,30.6,29.8
6828,18.2,20,"Sharjah",28.2,25.2,"Lower",0,"No",0,"No",3036,"Second",28.7,31.4,27.4
6829,41.6,32,"Abu Dhabi",28,36.7,"Lower",0,"No",0,"No",3018,"Third",28.1,31.1,28
6830,38.2,5,"Abu Dhabi",31.7,29.3,"Lower",0,"No",0,"No",2855,"First",29.8,32.8,33.5
6831,37.8,34,"Dubai",35.4,8.7,"High",0,"No",0,"No",3533,"Third",37.5,36.1,33.6
6832,43.6,4,"Dubai",30.9,40.7,"Lower",0,"No",0,"No",3202,"First",31.8,30.4,30.5
6833,28.8,31,"Dubai",33.5,39.7,"Lower",0,"No",0,"No",2918,"Third",33.8,33.3,34.1
6834,42.8,32,"Abu Dhabi",32.5,38.8,"Lower",0,"No",0,"No",3834,"Third",30.8,32.3,32.1
6835,35.1,36,"Abu Dhabi",32.3,38.6,"Lower",0,"No",0,"No",2588,"Third",31.8,31.2,31.7
6836,42,10,"Abu Dhabi",29.4,37.1,"Lower",0,"No",0,"No",3118,"First",28.4,27.5,30.4
6837,29.6,14,"Abu Dhabi",29.6,31.6,"Lower",0,"No",0,"No",3503,"Second",28.5,29.8,26.2
6838,18.1,28,"Sharjah",33,23.8,"Lower",0,"No",0,"No",3028,"Third",33.9,33.3,36.5
6839,41.9,13,"Abu Dhabi",32.9,36.2,"Lower",1,"Yes",0,"No",2705,"First",34.8,33.3,34.3
6840,19.9,32,"Dubai",33.5,21.8,"Lower",0,"No",0,"No",2612,"Third",31.6,33.6,33.5
6841,25.5,33,"Dubai",32.2,16.5,"Lower",0,"No",0,"No",2785,"Third",30.7,32.1,29.1
6842,35.2,13,"Abu Dhabi",35.4,47.3,"High",0,"No",0,"No",2834,"First",31.3,32.8,37
6843,38.8,30,"Dubai",30.4,44.3,"Lower",0,"No",1,"Yes",3067,"Third",29.6,32.9,29.9
6844,24.5,7,"Sharjah",32.1,31.4,"Lower",0,"No",0,"No",3336,"First",32.1,31.9,34.4
6845,18.3,33,"Abu Dhabi",35.4,25.5,"High",1,"Yes",0,"No",2756,"Third",36.5,35.1,32.3
6846,43.2,10,"Abu Dhabi",33.1,31.8,"Lower",0,"No",0,"No",3674,"First",33.1,33.3,31.3
6847,23.6,26,"Abu Dhabi",31.4,29,"Lower",0,"No",0,"No",2923,"Second",32.1,31.2,29.2
6848,20.9,5,"Dubai",30.7,30.3,"Lower",0,"No",0,"No",3249,"First",29.5,31.5,30.2
6849,28.6,5,"Dubai",32.9,39.1,"Lower",0,"No",0,"No",3154,"First",31.4,32.9,34
6850,25.3,30,"Abu Dhabi",36.8,32.4,"High",0,"No",0,"No",2000,"Third",36,35.3,37.2
6851,20.6,4,"Dubai",33.8,39.8,"Lower",0,"No",0,"No",3194,"First",34.9,33.3,35.3
6852,44.5,26,"Sharjah",33.7,42.2,"Lower",0,"No",0,"No",3321,"Second",31.8,34,32.2
6853,42.5,30,"Abu Dhabi",30.4,30.1,"Lower",0,"No",1,"Yes",3716,"Third",28.9,27.5,30
6854,32.3,16,"Dubai",32.3,24.1,"Lower",0,"No",0,"No",4069,"Second",35,33.4,31.2
6855,25.1,10,"Dubai",31.6,43.5,"Lower",0,"No",0,"No",2878,"First",30.9,34,31.2
6856,42.6,34,"Dubai",32.1,41,"Lower",0,"No",0,"No",2742,"Third",32.8,32.7,33.1
6857,19.1,35,"Abu Dhabi",33.2,25.2,"Lower",0,"No",0,"No",3250,"Third",33.6,34.5,31.2
6858,31.9,21,"Dubai",29.6,28.7,"Lower",0,"No",0,"No",3423,"Second",32,28.2,32.1
6859,24.4,15,"Abu Dhabi",32.3,40,"Lower",0,"No",0,"No",4062,"Second",34.1,31.9,31.6
6860,21.7,14,"Dubai",36.3,35.1,"High",0,"No",0,"No",2724,"Second",36.2,35.7,35.6
6861,40.7,22,"Sharjah",32,21.1,"Lower",0,"No",0,"No",2688,"Second",32.1,29.6,32.8
6862,23.1,36,"Abu Dhabi",31,12.5,"Lower",0,"No",0,"No",3455,"Third",28.8,30.6,29.7
6863,18.9,26,"Sharjah",32.3,30.8,"Lower",0,"No",1,"Yes",3029,"Second",31.5,33.8,32
6864,42.5,26,"Dubai",31.3,32,"Lower",0,"No",0,"No",3369,"Second",30.4,31.7,29.6
6865,25.7,28,"Dubai",28.6,24.8,"Lower",0,"No",0,"No",2496,"Third",29.6,29.4,29.4
6866,29.3,28,"Dubai",32,13.8,"Lower",0,"No",0,"No",3263,"Third",33.1,32.3,31.3
6867,37.1,22,"Dubai",32.4,31.9,"Lower",0,"No",0,"No",3140,"Second",32.1,33.2,34
6868,41.1,19,"Abu Dhabi",31,36.3,"Lower",0,"No",0,"No",3135,"Second",33,33.6,31.6
6869,20.4,9,"Abu Dhabi",32.5,29.6,"Lower",0,"No",0,"No",2886,"First",33.2,30.5,32.5
6870,38.1,7,"Dubai",23.8,31.8,"Lower",0,"No",0,"No",2530,"First",24.8,25.2,24.5
6871,34.4,5,"Dubai",33.6,33.8,"Lower",0,"No",0,"No",2904,"First",33.5,33.6,34.3
6872,42.6,12,"Dubai",29,37.3,"Lower",0,"No",0,"No",3684,"First",28,29,29.9
6873,34.5,22,"Dubai",32.6,30,"Lower",0,"No",0,"No",3487,"Second",32.3,32.2,33.1
6874,41.6,33,"Dubai",37.2,40.5,"High",0,"No",0,"No",2812,"Third",38.7,35.6,37.8
6875,35.2,7,"Dubai",30.7,26,"Lower",1,"Yes",1,"Yes",2245,"First",31.3,30.3,31.7
6876,37.9,27,"Sharjah",33.7,37.4,"Lower",0,"No",0,"No",2775,"Second",36.2,35.2,34
6877,42.5,32,"Sharjah",29,24.1,"Lower",0,"No",0,"No",3306,"Third",28.2,30.1,29.3
6878,24.5,23,"Dubai",35.7,20.8,"High",0,"No",0,"No",2951,"Second",35.9,38.1,35.8
6879,27.3,32,"Dubai",37.1,29,"High",0,"No",0,"No",3374,"Third",38.6,35.9,35.1
6880,24.4,7,"Dubai",32.9,24.9,"Lower",0,"No",0,"No",3008,"First",33.5,31.1,33.4
6881,27.2,31,"Dubai",27.9,21.7,"Lower",0,"No",0,"No",2619,"Third",29.9,27.6,26.7
6882,18.1,17,"Dubai",29.7,31.4,"Lower",0,"No",1,"Yes",3294,"Second",26.7,26.4,31.3
6883,24.3,15,"Abu Dhabi",34.2,18.4,"Lower",1,"Yes",0,"No",3699,"Second",34.2,35.9,32.6
6884,23.8,40,"Abu Dhabi",32.2,27.7,"Lower",0,"No",0,"No",3590,"Third",30.2,31.7,33.5
6885,42.6,19,"Dubai",37.1,29,"High",0,"No",0,"No",2931,"Second",37.7,38.5,36
6886,30.8,25,"Dubai",31.6,27.6,"Lower",0,"No",0,"No",3545,"Second",34.9,30.7,32.2
6887,24.5,5,"Sharjah",33.8,32.9,"Lower",0,"No",0,"No",3193,"First",31.8,33,34.5
6888,38,23,"Abu Dhabi",25.6,29.2,"Lower",0,"No",0,"No",3256,"Second",25.1,24.2,28.2
6889,39.1,26,"Dubai",36.2,31.5,"High",0,"No",0,"No",2219,"Second",34.7,38.3,36.3
6890,30.1,31,"Abu Dhabi",32.5,18.4,"Lower",0,"No",0,"No",3411,"Third",34.4,33.1,33.5
6891,34.3,13,"Sharjah",34.3,14.5,"Lower",1,"Yes",1,"Yes",3191,"First",35.6,32.8,34.3
6892,40.5,6,"Sharjah",28.8,23.2,"Lower",0,"No",0,"No",3208,"First",28,29,27.9
6893,32.8,14,"Abu Dhabi",33.7,31.6,"Lower",0,"No",0,"No",2668,"Second",34.3,35,33.6
6894,21,24,"Dubai",37.5,33.7,"High",0,"No",0,"No",2580,"Second",38.6,39.6,37.7
6895,44.7,15,"Dubai",32.3,40.1,"Lower",0,"No",1,"Yes",2393,"Second",30,31.5,32.3
6896,44.3,5,"Sharjah",37.2,12.3,"High",0,"No",0,"No",3546,"First",37.9,35.2,36.4
6897,36.2,32,"Sharjah",33.2,34.4,"Lower",0,"No",0,"No",3507,"Third",34.5,33.7,31.4
6898,26.5,18,"Abu Dhabi",33.6,30.4,"Lower",0,"No",0,"No",2972,"Second",34.2,32.9,36.8
6899,26.4,22,"Dubai",36.8,33.4,"High",0,"No",0,"No",2562,"Second",35.6,35.7,36.1
6900,32.3,9,"Dubai",33.5,24.9,"Lower",0,"No",0,"No",3468,"First",32.8,33.4,32.9
6901,19,30,"Dubai",34.8,36.4,"Lower",0,"No",0,"No",3413,"Third",33.2,34.5,34.7
6902,20.8,35,"Sharjah",31,42.3,"Lower",0,"No",0,"No",2905,"Third",29.2,30.5,30.5
6903,30,40,"Dubai",38.3,29.9,"High",0,"No",0,"No",2584,"Third",36.6,35.4,39
6904,43.1,21,"Sharjah",35.7,49.2,"High",1,"Yes",0,"No",2185,"Second",35.2,34.8,37.4
6905,44.6,11,"Dubai",31.1,39,"Lower",1,"Yes",0,"No",2946,"First",33.1,31.5,29.4
6906,32.8,17,"Abu Dhabi",36.9,38.9,"High",0,"No",0,"No",2738,"Second",37,36.8,34.4
6907,18.9,16,"Dubai",27.9,22.8,"Lower",0,"No",0,"No",3434,"Second",27.6,29.9,29.7
6908,19.2,13,"Abu Dhabi",29.9,22.7,"Lower",0,"No",0,"No",3682,"First",30.7,29.5,29.6
6909,42.9,33,"Sharjah",32.2,33.4,"Lower",0,"No",0,"No",2855,"Third",32.4,30.5,29.8
6910,42.3,8,"Abu Dhabi",30.2,37.4,"Lower",0,"No",0,"No",3015,"First",28.8,32.5,31
6911,38.9,28,"Dubai",28.4,30.6,"Lower",0,"No",0,"No",3938,"Third",27.8,28.9,30
6912,37.2,39,"Dubai",29,32,"Lower",0,"No",1,"Yes",3444,"Third",28.5,29.7,29.1
6913,21.3,18,"Dubai",25.2,25,"Lower",0,"No",0,"No",3163,"Second",26.8,23.7,27.4
6914,31.4,10,"Abu Dhabi",31.5,30.1,"Lower",0,"No",0,"No",2644,"First",29.6,31.8,33.3
6915,35.8,33,"Dubai",30.6,41.4,"Lower",0,"No",0,"No",3367,"Third",29.3,31.2,30.1
6916,44,22,"Dubai",32,52.3,"Lower",0,"No",1,"Yes",2644,"Second",33.7,32.9,30.6
6917,44.9,13,"Sharjah",29.6,25,"Lower",0,"No",0,"No",3637,"First",29,30.5,29.1
6918,28.5,4,"Abu Dhabi",33.2,8.7,"Lower",0,"No",0,"No",3793,"First",31.8,33,34.9
6919,35.9,31,"Abu Dhabi",33.5,35.7,"Lower",0,"No",0,"No",3318,"Third",33,31.5,33.3
6920,42.4,30,"Dubai",31.9,20.2,"Lower",0,"No",0,"No",3286,"Third",31.1,32.6,32
6921,44.6,11,"Abu Dhabi",34.5,23.5,"Lower",0,"No",0,"No",3238,"First",32.7,33.7,33.9
6922,41.3,39,"Dubai",32.3,32.6,"Lower",1,"Yes",0,"No",3472,"Third",32,32,28.9
6923,20.2,8,"Abu Dhabi",35,33.2,"High",0,"No",1,"Yes",3293,"First",33.9,33.4,35.5
6924,44,39,"Dubai",35.4,31.8,"High",0,"No",0,"No",3165,"Third",32.7,36.5,34.9
6925,29.3,32,"Dubai",34.8,49.5,"Lower",0,"No",1,"Yes",3353,"Third",36.2,34.3,33.5
6926,43,35,"Dubai",33.1,33,"Lower",0,"No",0,"No",2926,"Third",32.7,34.5,32.7
6927,28.3,12,"Dubai",30,40.7,"Lower",0,"No",1,"Yes",2166,"First",31.1,29.5,31
6928,32.7,33,"Abu Dhabi",31.1,35,"Lower",0,"No",0,"No",2998,"Third",34.9,31.2,31.8
6929,40.8,29,"Abu Dhabi",33.8,29.9,"Lower",0,"No",0,"No",3080,"Third",36.4,30.4,34.5
6930,34.6,37,"Abu Dhabi",30.1,44.6,"Lower",0,"No",0,"No",2430,"Third",28.6,30.9,31.1
6931,27.1,12,"Dubai",32.2,24.3,"Lower",0,"No",0,"No",3656,"First",35.4,33,29.9
6932,22.1,33,"Dubai",29.5,21.4,"Lower",0,"No",1,"Yes",3967,"Third",31.6,30.4,28.7
6933,42.8,35,"Dubai",38.4,43.4,"High",0,"No",0,"No",3029,"Third",38,37.8,38.6
6934,29.7,10,"Abu Dhabi",33.6,31,"Lower",0,"No",0,"No",2585,"First",35.6,32.1,33
6935,25.5,12,"Dubai",31.1,5.7,"Lower",0,"No",0,"No",3514,"First",29.4,29.7,31.5
6936,34,16,"Abu Dhabi",40.3,46,"High",0,"No",1,"Yes",2875,"Second",40,44.3,40
6937,30.8,25,"Sharjah",27.4,27.8,"Lower",0,"No",0,"No",4011,"Second",28.5,28.9,26.9
6938,38.4,8,"Dubai",35.8,29.3,"High",0,"No",0,"No",3610,"First",38.5,36.1,35.5
6939,40.8,26,"Dubai",32.2,39.6,"Lower",0,"No",0,"No",3579,"Second",33.6,31.5,31
6940,27.2,29,"Abu Dhabi",33,25.9,"Lower",0,"No",0,"No",2741,"Third",32.6,35.4,30.3
6941,43.3,13,"Dubai",30.4,37.3,"Lower",0,"No",0,"No",3475,"First",28.7,33.3,30.6
6942,40,13,"Dubai",32.7,30.1,"Lower",0,"No",0,"No",3366,"First",31.9,33.4,31.2
6943,30.5,12,"Sharjah",29.8,32,"Lower",0,"No",0,"No",3030,"First",32.1,30.5,29.3
6944,31.5,7,"Sharjah",31.6,17.6,"Lower",0,"No",0,"No",3624,"First",34,31.2,30.9
6945,19.5,21,"Dubai",30.7,45.7,"Lower",0,"No",0,"No",3011,"Second",30.8,32.3,30.4
6946,39.5,36,"Dubai",38,20.4,"High",0,"No",0,"No",3785,"Third",38.7,38.1,36.5
6947,23.4,35,"Dubai",34,27.3,"Lower",0,"No",0,"No",2714,"Third",32.3,33.6,31.1
6948,28.8,37,"Abu Dhabi",37,14.4,"High",0,"No",0,"No",3161,"Third",34.2,35.6,39.4
6949,35.7,25,"Abu Dhabi",27.6,40.1,"Lower",0,"No",0,"No",3522,"Second",27.4,26.8,28.7
6950,43.1,38,"Abu Dhabi",29.2,20.7,"Lower",0,"No",0,"No",3024,"Third",27.6,26,27.3
6951,26.2,33,"Abu Dhabi",28.8,26,"Lower",0,"No",0,"No",3176,"Third",30.1,27.8,32.4
6952,25.1,38,"Dubai",30.9,34.9,"Lower",0,"No",0,"No",2214,"Third",28.9,32,29.3
6953,44.1,4,"Abu Dhabi",33.3,24.2,"Lower",0,"No",0,"No",3002,"First",34,32.9,33.7
6954,32.8,40,"Dubai",30.2,38.9,"Lower",0,"No",0,"No",3224,"Third",29.2,29.2,27.3
6955,44.1,4,"Dubai",32.3,34.1,"Lower",0,"No",0,"No",3315,"First",33.7,33,33.1
6956,28.6,13,"Abu Dhabi",30.3,30.9,"Lower",0,"No",0,"No",2782,"First",32.8,29.5,30.1
6957,21.4,18,"Abu Dhabi",33.7,29.1,"Lower",0,"No",0,"No",2505,"Second",33.6,33.7,33.5
6958,31.7,19,"Abu Dhabi",36,30.4,"High",0,"No",0,"No",2474,"Second",37.1,36.7,34.7
6959,19.1,30,"Dubai",33.9,36,"Lower",0,"No",0,"No",3292,"Third",33.6,33.9,32.1
6960,39.8,29,"Dubai",32.5,45.5,"Lower",0,"No",0,"No",2475,"Third",31.7,32,31.4
6961,23.9,13,"Abu Dhabi",34.7,30.9,"Lower",0,"No",0,"No",2915,"First",35.4,34.4,33.1
6962,43.3,34,"Abu Dhabi",30.5,38,"Lower",0,"No",0,"No",2102,"Third",32.5,31,26.1
6963,27.7,11,"Dubai",28.7,26.6,"Lower",0,"No",0,"No",3960,"First",29,29,30.4
6964,44.9,35,"Abu Dhabi",25.5,44.5,"Lower",1,"Yes",0,"No",3110,"Third",26.6,24.6,26.3
6965,19.3,23,"Dubai",32.3,35.5,"Lower",0,"No",0,"No",3900,"Second",35.2,30.7,34.1
6966,30.2,36,"Abu Dhabi",32.4,45,"Lower",0,"No",0,"No",2713,"Third",33.1,31.4,32.2
6967,19.3,27,"Dubai",30.9,24,"Lower",0,"No",0,"No",3985,"Second",33.3,30,28.5
6968,31.4,19,"Dubai",29.3,14.9,"Lower",0,"No",0,"No",3655,"Second",28.4,26.8,34
6969,33.1,21,"Dubai",30.6,22.7,"Lower",0,"No",1,"Yes",3899,"Second",31.1,30,29.1
6970,29.7,4,"Dubai",34,45.8,"Lower",0,"No",0,"No",3606,"First",34.6,35.5,31.6
6971,21.8,6,"Dubai",31.6,26.8,"Lower",0,"No",0,"No",3846,"First",29.3,30.6,35.2
6972,29.4,15,"Dubai",27.9,29.9,"Lower",0,"No",0,"No",3224,"Second",28,30.5,26.2
6973,32.5,7,"Abu Dhabi",29.3,23.5,"Lower",0,"No",0,"No",3421,"First",27.8,30.5,29.3
6974,30.1,12,"Dubai",29.7,43.1,"Lower",0,"No",0,"No",3813,"First",30.4,28.7,30.4
6975,25.5,31,"Abu Dhabi",29.9,23.5,"Lower",0,"No",0,"No",3573,"Third",31.6,29.3,32.1
6976,35.8,7,"Dubai",34.8,47.8,"Lower",0,"No",0,"No",2872,"First",37.7,32.5,32.3
6977,35.9,5,"Dubai",29.1,41.9,"Lower",0,"No",0,"No",2815,"First",27.6,30.7,27.3
6978,43.6,12,"Dubai",29.6,37.8,"Lower",0,"No",0,"No",3635,"First",30.6,30.3,31.3
6979,37.6,6,"Dubai",30.3,20.9,"Lower",0,"No",0,"No",3431,"First",32.2,32.1,29.2
6980,28.8,28,"Dubai",29.8,20.9,"Lower",0,"No",0,"No",3025,"Third",30,26.5,29.1
6981,38.7,39,"Dubai",29,21.8,"Lower",0,"No",0,"No",2658,"Third",29.2,29.9,27.9
6982,19.4,39,"Abu Dhabi",28.2,31.6,"Lower",0,"No",0,"No",3306,"Third",28.9,26.2,28.9
6983,23,26,"Dubai",33.8,33,"Lower",0,"No",0,"No",1993,"Second",32.8,34.9,32.5
6984,23.5,17,"Sharjah",36.1,44.6,"High",0,"No",0,"No",2830,"Second",36.2,37.4,37
6985,44,5,"Sharjah",27.5,26.2,"Lower",0,"No",0,"No",4220,"First",28.4,25.8,26.4
6986,32.6,7,"Dubai",34,26.2,"Lower",0,"No",0,"No",3404,"First",33.5,33,35.5
6987,19.3,23,"Dubai",34,44.1,"Lower",0,"No",1,"Yes",3133,"Second",31.7,32.3,33.8
6988,32,39,"Abu Dhabi",37.7,24.3,"High",0,"No",0,"No",4014,"Third",38.7,36.8,39.1
6989,33.1,14,"Sharjah",33.5,20.6,"Lower",0,"No",0,"No",3411,"Second",32.9,32.7,33.4
6990,21.2,11,"Dubai",31.6,26.2,"Lower",0,"No",0,"No",2551,"First",30.9,31.3,33.4
6991,23.2,25,"Sharjah",30.7,20.9,"Lower",0,"No",0,"No",3523,"Second",31.7,29.6,31.2
6992,20.8,18,"Abu Dhabi",32.1,38,"Lower",0,"No",0,"No",3894,"Second",34.1,30.7,32.5
6993,26,15,"Abu Dhabi",32.8,42.2,"Lower",1,"Yes",0,"No",3254,"Second",33.3,32.2,33.3
6994,41.1,31,"Dubai",28.6,24.5,"Lower",0,"No",1,"Yes",3030,"Third",30.4,26.1,28.6
6995,25.6,26,"Sharjah",24.9,26,"Lower",0,"No",1,"Yes",3624,"Second",23.2,25.8,27.8
6996,40.5,23,"Dubai",34.8,23.9,"Lower",0,"No",0,"No",2834,"Second",34.6,34.5,32.2
6997,42.2,9,"Abu Dhabi",28.3,38.6,"Lower",0,"No",0,"No",2923,"First",29.1,28.4,26.9
6998,36.2,15,"Dubai",28.7,24.4,"Lower",0,"No",0,"No",2949,"Second",30.1,25.9,31.6
6999,23.1,24,"Abu Dhabi",34.1,20.6,"Lower",0,"No",0,"No",2798,"Second",35.9,34.3,32.6
7000,41.2,32,"Dubai",32.3,32.1,"Lower",0,"No",0,"No",3394,"Third",29.9,29.9,32.2
7001,37.9,16,"Abu Dhabi",34.4,24.4,"Lower",0,"No",0,"No",2767,"Second",34.7,34.9,35.9
7002,22.4,17,"Sharjah",30.1,36.7,"Lower",0,"No",0,"No",2950,"Second",28.5,31.4,31.4
7003,36.1,26,"Abu Dhabi",31,21.2,"Lower",0,"No",0,"No",3363,"Second",31.2,32.7,31.5
7004,38.1,29,"Dubai",34,25.7,"Lower",0,"No",0,"No",2989,"Third",32.7,31.8,32.6
7005,44.1,19,"Sharjah",33.6,38,"Lower",0,"No",0,"No",3993,"Second",36.1,32.7,34.6
7006,37.1,22,"Dubai",30,30.9,"Lower",0,"No",0,"No",3267,"Second",29.7,30.1,29.7
7007,39.8,40,"Abu Dhabi",33.7,36.9,"Lower",0,"No",0,"No",2437,"Third",33.8,32.5,35.5
7008,21.8,16,"Dubai",32.6,22.1,"Lower",0,"No",0,"No",2762,"Second",31.8,34.1,34.2
7009,18.4,15,"Dubai",29.6,30.4,"Lower",0,"No",0,"No",3895,"Second",27.3,28.8,32.2
7010,26.6,14,"Sharjah",33.3,24.8,"Lower",0,"No",0,"No",2991,"Second",34.5,32.3,32.7
7011,39.4,8,"Abu Dhabi",32.4,41,"Lower",0,"No",0,"No",2555,"First",31.8,32.7,31.2
7012,35.2,6,"Sharjah",38.4,19.6,"High",0,"No",0,"No",2650,"First",37.1,39.5,39.2
7013,41.8,28,"Sharjah",33.7,30,"Lower",0,"No",0,"No",3869,"Third",33.1,33.5,34.5
7014,42.3,31,"Abu Dhabi",29,43.9,"Lower",0,"No",0,"No",3563,"Third",28.1,31.9,28.3
7015,23.2,8,"Dubai",31.6,35.1,"Lower",0,"No",0,"No",3249,"First",32.9,29.3,32
7016,37.3,25,"Dubai",29,26.5,"Lower",0,"No",0,"No",3221,"Second",30.9,30.5,27.7
7017,39,19,"Sharjah",30.9,45.2,"Lower",0,"No",0,"No",2596,"Second",31.3,28.4,31.4
7018,30.8,35,"Sharjah",32.5,34.8,"Lower",0,"No",0,"No",3174,"Third",32.7,33.2,32.8
7019,18.9,4,"Dubai",29.3,51,"Lower",0,"No",0,"No",2553,"First",30.4,29.6,27.2
7020,39.2,38,"Sharjah",26,33.4,"Lower",1,"Yes",0,"No",3633,"Third",26,27.4,28.3
7021,27.3,21,"Abu Dhabi",26.8,25.8,"Lower",0,"No",1,"Yes",3409,"Second",25.9,25.8,25.1
7022,28.9,33,"Abu Dhabi",32.2,21.5,"Lower",0,"No",0,"No",3118,"Third",32.1,33.3,29.9
7023,32.3,27,"Abu Dhabi",31.7,40.1,"Lower",0,"No",0,"No",2311,"Second",31.3,31.2,32.8
7024,20.1,8,"Abu Dhabi",30.8,27.5,"Lower",0,"No",0,"No",3683,"First",27.7,33.1,30.5
7025,35.9,18,"Abu Dhabi",31.3,37.2,"Lower",0,"No",1,"Yes",3380,"Second",30.7,29.5,33
7026,22.2,18,"Abu Dhabi",32,25.9,"Lower",0,"No",0,"No",3450,"Second",30.5,32,31.5
7027,36.4,4,"Dubai",29.2,37.7,"Lower",0,"No",0,"No",2947,"First",28.1,31.3,30.2
7028,27.4,28,"Dubai",30.4,34.2,"Lower",0,"No",0,"No",3322,"Third",30.5,28,27.9
7029,40.2,5,"Dubai",33.8,26.3,"Lower",0,"No",0,"No",2856,"First",33.2,32.7,35.7
7030,23.6,20,"Dubai",23.8,30,"Lower",0,"No",0,"No",2669,"Second",22.6,22.9,23.2
7031,25.1,28,"Dubai",31,34.1,"Lower",0,"No",0,"No",2865,"Third",29.3,29.8,32.2
7032,28.8,15,"Dubai",27.8,33.1,"Lower",0,"No",0,"No",2875,"Second",27.5,28.5,29.4
7033,20.8,29,"Abu Dhabi",32.5,35.9,"Lower",0,"No",0,"No",3148,"Third",33.5,30.9,33.5
7034,40.9,29,"Dubai",35.8,32.7,"High",0,"No",1,"Yes",2723,"Third",36.2,33.5,35.4
7035,39.1,23,"Dubai",35.3,33.8,"High",0,"No",0,"No",3292,"Second",37.5,36.5,36.7
7036,35.3,37,"Abu Dhabi",29.6,33.5,"Lower",0,"No",0,"No",4046,"Third",30.5,30.8,29.7
7037,31.1,12,"Abu Dhabi",34,15.6,"Lower",0,"No",0,"No",3135,"First",35.6,30.6,33.3
7038,42.8,6,"Dubai",31.4,28.7,"Lower",0,"No",0,"No",3277,"First",30.8,31.4,32.1
7039,23.2,6,"Dubai",33.3,29.2,"Lower",0,"No",0,"No",2828,"First",33.2,34.1,33.6
7040,24,40,"Dubai",39.6,22.6,"High",0,"No",0,"No",2669,"Third",41,39.3,36.3
7041,41.1,21,"Dubai",35.1,30,"High",0,"No",0,"No",3408,"Second",35.5,35.3,34.1
7042,41.2,36,"Sharjah",32,26.8,"Lower",0,"No",0,"No",3388,"Third",31.5,31,32.2
7043,29.2,23,"Dubai",31.8,35.6,"Lower",0,"No",1,"Yes",3432,"Second",33.7,30.1,29
7044,41.7,31,"Abu Dhabi",31,28.2,"Lower",0,"No",0,"No",3316,"Third",32.3,32.2,30.7
7045,37.4,23,"Abu Dhabi",28,35.9,"Lower",0,"No",1,"Yes",2946,"Second",28.7,28,29.6
7046,42.5,17,"Dubai",29.7,24,"Lower",0,"No",0,"No",3672,"Second",33.1,31.6,27.2
7047,28.9,9,"Dubai",29.9,40.3,"Lower",1,"Yes",0,"No",3291,"First",31.5,28.7,29.4
7048,19.1,15,"Abu Dhabi",30.7,33.8,"Lower",0,"No",0,"No",2892,"Second",31.7,27.5,29.2
7049,39.9,24,"Dubai",33.8,40.9,"Lower",0,"No",1,"Yes",4065,"Second",31.6,33.6,32.4
7050,38.7,7,"Abu Dhabi",31.1,32.8,"Lower",0,"No",0,"No",2999,"First",28.9,31,29.8
7051,41.3,23,"Sharjah",33.1,25.8,"Lower",0,"No",0,"No",3018,"Second",31.1,35.8,32
7052,42.3,30,"Abu Dhabi",27.9,29.1,"Lower",0,"No",0,"No",3555,"Third",30.8,28.8,30.9
7053,25,9,"Dubai",32.2,21.6,"Lower",0,"No",0,"No",3338,"First",32.1,32.8,31.4
7054,38.2,33,"Dubai",36.3,22.5,"High",0,"No",0,"No",2568,"Third",36.3,38.5,34.6
7055,30.6,20,"Dubai",26.6,36.5,"Lower",0,"No",0,"No",2901,"Second",26.5,26.7,24.8
7056,23.6,5,"Dubai",30.4,35.9,"Lower",0,"No",0,"No",2674,"First",29.6,28.1,28.3
7057,39.7,12,"Abu Dhabi",31.9,35.6,"Lower",0,"No",0,"No",3622,"First",31.2,30.1,33.4
7058,39.5,40,"Sharjah",28,33.3,"Lower",0,"No",0,"No",3120,"Third",27.5,27.3,28.5
7059,38.5,24,"Abu Dhabi",31.6,24.2,"Lower",0,"No",0,"No",3196,"Second",34.6,30.8,30.4
7060,36.1,10,"Dubai",31.3,27,"Lower",0,"No",0,"No",3369,"First",28.6,30.2,29.8
7061,33.1,4,"Abu Dhabi",31.5,37.5,"Lower",0,"No",1,"Yes",3131,"First",27.7,31.2,29.9
7062,34.5,12,"Abu Dhabi",33.6,26,"Lower",0,"No",1,"Yes",3733,"First",33.1,34.8,33.3
7063,28.4,25,"Abu Dhabi",30.1,38.8,"Lower",0,"No",0,"No",2358,"Second",29.9,30.1,28.5
7064,27.2,16,"Abu Dhabi",32,32,"Lower",0,"No",0,"No",3352,"Second",32.3,32.8,33.5
7065,39,11,"Abu Dhabi",34.2,38.2,"Lower",0,"No",0,"No",2188,"First",33.7,32.4,32.6
7066,37.8,8,"Dubai",31.8,19.1,"Lower",0,"No",0,"No",3018,"First",32.8,30.3,33.3
7067,21.9,40,"Abu Dhabi",24.4,45.1,"Lower",0,"No",0,"No",4055,"Third",22,24.5,22.3
7068,43,33,"Dubai",35.1,20.5,"High",0,"No",0,"No",3289,"Third",34,35.8,33.3
7069,21.4,6,"Sharjah",31.2,24,"Lower",0,"No",0,"No",2855,"First",30.7,30.5,32
7070,44.8,14,"Sharjah",33.3,32.7,"Lower",0,"No",0,"No",3241,"Second",34.7,32.5,33.9
7071,19.7,21,"Abu Dhabi",31.2,29.5,"Lower",0,"No",0,"No",2448,"Second",32.3,28.5,32.3
7072,20.3,7,"Sharjah",27.6,31.4,"Lower",0,"No",0,"No",2722,"First",28.8,27.2,28.5
7073,39.3,40,"Sharjah",31.2,24.2,"Lower",0,"No",0,"No",2904,"Third",30.8,31.4,29.7
7074,24.7,10,"Sharjah",27.8,29.3,"Lower",0,"No",0,"No",3168,"First",26.8,25,28.3
7075,44.2,21,"Dubai",37.4,36.3,"High",0,"No",1,"Yes",2590,"Second",35.8,38.6,35.6
7076,40.2,6,"Abu Dhabi",29.3,19.6,"Lower",0,"No",0,"No",3367,"First",30.5,29.6,31.5
7077,35.8,14,"Sharjah",25.3,22.1,"Lower",0,"No",0,"No",4277,"Second",24.5,25.4,27.7
7078,26.8,4,"Abu Dhabi",30,25.7,"Lower",0,"No",0,"No",4061,"First",30.5,30.8,27.4
7079,42.6,6,"Sharjah",31,25.7,"Lower",1,"Yes",0,"No",2738,"First",30.9,33.7,31.2
7080,37.9,17,"Abu Dhabi",33.1,20.9,"Lower",0,"No",0,"No",3993,"Second",32.2,34.3,32.5
7081,40.5,39,"Abu Dhabi",27.8,28.4,"Lower",0,"No",0,"No",2866,"Third",26.3,28.7,28.7
7082,30.3,4,"Abu Dhabi",33,12.1,"Lower",0,"No",0,"No",3381,"First",33.1,34,32.9
7083,23.9,20,"Dubai",38.6,14.9,"High",0,"No",0,"No",2727,"Second",38.3,38.1,36.5
7084,23.8,19,"Sharjah",33.2,22.4,"Lower",0,"No",1,"Yes",3506,"Second",34.4,34.1,31.9
7085,33.1,40,"Dubai",28.7,23.7,"Lower",0,"No",0,"No",3308,"Third",28,28.6,30.9
7086,39.3,28,"Sharjah",36,24.5,"High",0,"No",0,"No",3037,"Third",35.7,37.5,36.6
7087,21.1,21,"Dubai",32.2,33.2,"Lower",0,"No",0,"No",3244,"Second",28.8,32.3,32.5
7088,22.9,21,"Dubai",41.8,27.7,"High",0,"No",1,"Yes",3414,"Second",40.9,41.3,44.7
7089,40.4,27,"Abu Dhabi",37.2,37.2,"High",0,"No",0,"No",2319,"Second",39.8,33.5,36.8
7090,26.6,34,"Dubai",33.6,30.4,"Lower",0,"No",1,"Yes",2503,"Third",33.5,32.7,31.9
7091,39.7,19,"Dubai",33.5,28.6,"Lower",1,"Yes",0,"No",3229,"Second",35.1,35,31.1
7092,30.5,29,"Abu Dhabi",35.1,30.9,"High",0,"No",0,"No",3452,"Third",36.6,34.9,33.1
7093,35.1,4,"Abu Dhabi",33.3,21.7,"Lower",0,"No",0,"No",3031,"First",34.5,34.5,32.1
7094,37.8,8,"Abu Dhabi",32.9,31.5,"Lower",0,"No",0,"No",3777,"First",32,34.8,34.2
7095,30.1,21,"Abu Dhabi",25.4,17.6,"Lower",0,"No",0,"No",3634,"Second",27.7,25.7,25.4
7096,36.7,13,"Dubai",35.4,27.8,"High",0,"No",0,"No",2866,"First",32.8,34.6,37.6
7097,36,29,"Abu Dhabi",34.3,35,"Lower",0,"No",0,"No",3529,"Third",33.4,32.9,35.5
7098,44.5,30,"Sharjah",35.3,18.4,"High",0,"No",0,"No",3778,"Third",38.3,35.1,33.6
7099,19.9,6,"Dubai",33.5,26.4,"Lower",0,"No",0,"No",2991,"First",33.2,30.8,34.1
7100,32.4,18,"Abu Dhabi",34.5,22.8,"Lower",0,"No",0,"No",3568,"Second",33.7,34,34.6
7101,34.7,28,"Dubai",28,35.6,"Lower",0,"No",0,"No",4170,"Third",26.4,28,28.4
7102,39.3,20,"Dubai",31.9,35.4,"Lower",0,"No",0,"No",3409,"Second",30.8,30.9,31.8
7103,44.6,22,"Dubai",35.4,36.7,"High",1,"Yes",0,"No",3611,"Second",35,32.5,37.5
7104,29.7,8,"Abu Dhabi",28.6,36,"Lower",0,"No",0,"No",3097,"First",26.9,28.8,30.6
7105,23.9,39,"Abu Dhabi",33,41.5,"Lower",0,"No",0,"No",3239,"Third",33.5,31.5,32.7
7106,26.1,23,"Sharjah",31.6,34,"Lower",0,"No",0,"No",2563,"Second",33.5,29.7,32.1
7107,19.5,24,"Dubai",32.6,19.8,"Lower",0,"No",0,"No",3886,"Second",31.3,35,35.8
7108,22.7,30,"Abu Dhabi",34.5,31.3,"Lower",0,"No",0,"No",3138,"Third",36.4,35.3,36.4
7109,24.3,17,"Abu Dhabi",34.9,29.8,"Lower",0,"No",0,"No",2954,"Second",35.9,33.8,34.1
7110,40.8,24,"Dubai",29.2,30.1,"Lower",0,"No",0,"No",3676,"Second",29.3,28.3,29.3
7111,41.1,7,"Dubai",33.5,45.5,"Lower",0,"No",0,"No",3288,"First",33.2,33.1,34.5
7112,42.6,16,"Dubai",33.8,34.9,"Lower",0,"No",0,"No",3270,"Second",31.5,30.7,33.1
7113,33.3,6,"Sharjah",36.3,29,"High",1,"Yes",0,"No",3474,"First",36.4,33.7,39
7114,34.4,36,"Abu Dhabi",30.4,22.2,"Lower",0,"No",0,"No",3494,"Third",31.4,32.1,31.6
7115,23,18,"Sharjah",32.5,25.2,"Lower",0,"No",1,"Yes",3047,"Second",31.1,31.7,32.5
7116,37.9,12,"Dubai",31.8,33.9,"Lower",0,"No",0,"No",2935,"First",29.8,31.3,35
7117,21.7,8,"Dubai",33.3,33.3,"Lower",0,"No",0,"No",3184,"First",36.1,31.3,31.8
7118,22.4,23,"Sharjah",36.3,25.2,"High",0,"No",0,"No",2757,"Second",33.9,36.4,37
7119,25.4,19,"Sharjah",35.7,25.2,"High",0,"No",0,"No",3365,"Second",34.7,35,33.3
7120,23.2,24,"Dubai",25.1,37.6,"Lower",0,"No",0,"No",2232,"Second",23.5,25.8,25.1
7121,42.4,32,"Abu Dhabi",36.8,28.1,"High",0,"No",0,"No",2831,"Third",38.7,38.6,38.2
7122,34,21,"Abu Dhabi",33.2,17.5,"Lower",0,"No",0,"No",3246,"Second",28.6,33.8,35.1
7123,37.4,29,"Abu Dhabi",34.3,38.4,"Lower",0,"No",0,"No",3305,"Third",37.3,34.5,32.3
7124,32.4,5,"Abu Dhabi",32,21.1,"Lower",0,"No",0,"No",3900,"First",33,31.7,31
7125,23.6,33,"Dubai",32.3,35.4,"Lower",0,"No",0,"No",3637,"Third",32.1,31.6,32.9
7126,39.6,21,"Abu Dhabi",34.6,18.9,"Lower",0,"No",0,"No",2482,"Second",34.2,35,36.4
7127,40.3,26,"Dubai",28,30.2,"Lower",0,"No",0,"No",3155,"Second",27.8,27.9,27.8
7128,33.2,27,"Dubai",29.3,28,"Lower",0,"No",0,"No",2230,"Second",26.7,30,28.3
7129,24,24,"Dubai",37,19.1,"High",0,"No",0,"No",2691,"Second",36.8,38.4,37.3
7130,24.2,37,"Sharjah",28.8,25.6,"Lower",0,"No",0,"No",2273,"Third",31.7,30.8,27.3
7131,28.2,39,"Dubai",34.7,29.2,"Lower",0,"No",0,"No",3943,"Third",34.1,35.5,34.2
7132,26.4,40,"Dubai",29.4,24.2,"Lower",0,"No",1,"Yes",4891,"Third",28.8,30.7,30.6
7133,39.3,8,"Dubai",32.8,37.1,"Lower",1,"Yes",1,"Yes",3178,"First",31.4,31.6,35.3
7134,24.7,20,"Dubai",32.8,23.5,"Lower",0,"No",0,"No",2614,"Second",34.7,35.2,31.9
7135,40.1,7,"Abu Dhabi",30.5,30.7,"Lower",0,"No",0,"No",3426,"First",30.7,32.7,29
7136,25.4,13,"Dubai",38.2,41.8,"High",0,"No",0,"No",3352,"First",40.7,37,39.5
7137,18.4,15,"Dubai",26.5,36.5,"Lower",0,"No",0,"No",4199,"Second",24.2,25.2,29.7
7138,37.1,17,"Dubai",36.7,29.1,"High",0,"No",0,"No",2336,"Second",36.8,36,36.8
7139,43.2,8,"Dubai",29.8,34.1,"Lower",0,"No",0,"No",2353,"First",30,29.5,30.2
7140,26.9,26,"Sharjah",35.7,17.6,"High",1,"Yes",0,"No",3972,"Second",37.4,35.2,37.6
7141,37.6,10,"Abu Dhabi",31,20.6,"Lower",0,"No",0,"No",4622,"First",32.2,30.2,32.3
7142,37.2,40,"Sharjah",36,32.3,"High",1,"Yes",0,"No",2965,"Third",36,35,34.7
7143,29.6,21,"Abu Dhabi",37.1,28.6,"High",0,"No",0,"No",3656,"Second",38.3,36.9,37.5
7144,42.2,24,"Dubai",28.3,17,"Lower",0,"No",0,"No",3335,"Second",28.2,29.9,26.4
7145,21.8,18,"Sharjah",29.2,20.9,"Lower",0,"No",0,"No",3944,"Second",29,30.3,31.7
7146,31.9,24,"Dubai",35.9,41.7,"High",0,"No",0,"No",3342,"Second",35.1,38,35.3
7147,27.9,7,"Dubai",34.3,35.5,"Lower",0,"No",0,"No",3945,"First",35.1,36.4,32.3
7148,36.2,13,"Dubai",32.8,34.8,"Lower",0,"No",0,"No",2361,"First",32.2,35.3,33.2
7149,28.8,23,"Dubai",30.7,25.6,"Lower",1,"Yes",0,"No",3687,"Second",30.8,27.8,32.8
7150,30.5,39,"Dubai",26.8,30.7,"Lower",0,"No",1,"Yes",3106,"Third",28,26.8,26.3
7151,22.4,19,"Dubai",29.3,28,"Lower",0,"No",0,"No",3603,"Second",28.9,26.4,32.9
7152,32,19,"Dubai",32.9,21.1,"Lower",0,"No",0,"No",3750,"Second",34.8,34.6,32.7
7153,33.6,6,"Abu Dhabi",29,34.4,"Lower",0,"No",0,"No",3939,"First",29.9,28.9,28.6
7154,29.4,16,"Dubai",30.9,15.2,"Lower",0,"No",1,"Yes",2752,"Second",29.5,33.2,32
7155,40.8,8,"Abu Dhabi",31.8,24.5,"Lower",0,"No",0,"No",3566,"First",31.7,32.5,32.2
7156,35.6,18,"Dubai",33.4,24.7,"Lower",0,"No",0,"No",3793,"Second",31.6,33.7,34.5
7157,40.6,19,"Dubai",35.2,17.3,"High",0,"No",0,"No",3411,"Second",35.8,38.5,33.4
7158,18.3,7,"Abu Dhabi",32,39.3,"Lower",0,"No",0,"No",3335,"First",32.9,34,32.9
7159,20.7,39,"Abu Dhabi",27.3,35.9,"Lower",0,"No",0,"No",3475,"Third",26.6,27.1,28.5
7160,43.7,15,"Dubai",26.7,45.3,"Lower",0,"No",0,"No",3390,"Second",24.3,25.9,28.4
7161,27.9,27,"Dubai",38.9,13.1,"High",1,"Yes",0,"No",2785,"Second",38.9,40.9,38.3
7162,30.5,33,"Dubai",30.7,36.3,"Lower",0,"No",1,"Yes",3525,"Third",31.7,29.9,30.5
7163,20.8,14,"Sharjah",29.4,25.7,"Lower",0,"No",0,"No",3553,"Second",31,30.5,29.3
7164,44.2,28,"Abu Dhabi",34,33.9,"Lower",0,"No",0,"No",2947,"Third",32.9,31.8,31.8
7165,35.4,18,"Sharjah",29,27.1,"Lower",0,"No",0,"No",3335,"Second",28.4,26.9,31.8
7166,28.7,4,"Abu Dhabi",38.2,25.4,"High",0,"No",0,"No",3214,"First",40.4,39.1,38.4
7167,32.4,32,"Dubai",30.8,25.2,"Lower",0,"No",0,"No",3798,"Third",30.4,32,33.2
7168,19.3,17,"Abu Dhabi",27.5,32.7,"Lower",0,"No",0,"No",3908,"Second",29.1,27.3,29.2
7169,42.6,10,"Dubai",30,34.7,"Lower",0,"No",0,"No",2726,"First",32.2,27.9,27.7
7170,26,8,"Sharjah",28.9,23.4,"Lower",0,"No",0,"No",3158,"First",29.2,27.7,28.3
7171,22.6,37,"Abu Dhabi",29.6,34.1,"Lower",0,"No",0,"No",2502,"Third",29.7,29,27.9
7172,29.1,10,"Dubai",30.1,31.2,"Lower",0,"No",0,"No",3573,"First",32,30.7,29
7173,19.7,20,"Dubai",32.4,30.2,"Lower",0,"No",0,"No",3373,"Second",32.4,32.2,33.6
7174,18.7,15,"Sharjah",30.9,47,"Lower",0,"No",0,"No",3363,"Second",34.1,29,30.6
7175,24.2,25,"Abu Dhabi",30.2,23.2,"Lower",1,"Yes",0,"No",3426,"Second",28.1,30.5,31.1
7176,29.3,5,"Abu Dhabi",29.8,37,"Lower",0,"No",0,"No",3242,"First",28.9,28.3,29.7
7177,39.6,22,"Sharjah",38.3,24,"High",0,"No",1,"Yes",2931,"Second",38.2,39.7,38.1
7178,32.8,35,"Sharjah",30.3,45.3,"Lower",0,"No",0,"No",2703,"Third",33.4,31.6,30.2
7179,35.8,36,"Dubai",36.6,32.2,"High",0,"No",0,"No",3211,"Third",34.3,35.7,34.1
7180,29.4,13,"Abu Dhabi",25.6,23.4,"Lower",0,"No",0,"No",3462,"First",26.4,24,23
7181,41.9,20,"Dubai",28.7,30.3,"Lower",0,"No",0,"No",3539,"Second",29.4,28.4,30.6
7182,37,23,"Abu Dhabi",29.8,35.3,"Lower",0,"No",0,"No",3993,"Second",30.4,25.8,29.9
7183,27.3,27,"Dubai",26.7,35.4,"Lower",0,"No",0,"No",3521,"Second",26.4,25.3,27.8
7184,32,17,"Abu Dhabi",32.2,38.2,"Lower",0,"No",0,"No",3228,"Second",31,31.1,29.5
7185,23.2,11,"Dubai",34,30.2,"Lower",1,"Yes",0,"No",3006,"First",32.1,32.3,34.1
7186,21.6,12,"Abu Dhabi",32.7,12.1,"Lower",0,"No",0,"No",3893,"First",33.9,32,32.5
7187,44.9,36,"Sharjah",33.6,31.3,"Lower",0,"No",0,"No",3676,"Third",34.3,34.5,35.7
7188,40.1,30,"Sharjah",30.7,35.3,"Lower",0,"No",0,"No",4051,"Third",28.3,31.6,29.5
7189,26,36,"Abu Dhabi",35.1,24.8,"High",0,"No",0,"No",2579,"Third",33.6,35.3,35
7190,42.4,14,"Dubai",27.9,36.5,"Lower",0,"No",0,"No",3040,"Second",26.8,27.4,26.7
7191,27.2,31,"Dubai",27.3,26.1,"Lower",1,"Yes",0,"No",4469,"Third",27,26.3,25.9
7192,27.8,32,"Dubai",29.7,27.1,"Lower",0,"No",0,"No",3683,"Third",30.1,30.8,30
7193,43.6,37,"Dubai",30.5,42.6,"Lower",0,"No",1,"Yes",3442,"Third",30.9,27.2,28.9
7194,18.7,30,"Abu Dhabi",26.6,28.2,"Lower",0,"No",0,"No",3818,"Third",25.4,26.6,26
7195,18.7,16,"Abu Dhabi",37.5,10.8,"High",0,"No",0,"No",3577,"Second",35.8,39.1,38.9
7196,37.1,20,"Abu Dhabi",30.3,37.6,"Lower",0,"No",0,"No",3394,"Second",34.5,31.3,28.8
7197,28.7,35,"Sharjah",32.1,24.2,"Lower",0,"No",0,"No",3501,"Third",32.5,32.1,29.5
7198,33.2,23,"Abu Dhabi",36.7,31.8,"High",0,"No",0,"No",3494,"Second",37,35.5,38.6
7199,36.8,6,"Dubai",31.3,46.4,"Lower",0,"No",0,"No",3216,"First",32,32.8,31.7
7200,31.1,31,"Dubai",30.8,36.3,"Lower",0,"No",0,"No",3190,"Third",30,30.4,29.6
7201,43.5,35,"Dubai",29.6,46.7,"Lower",0,"No",0,"No",3135,"Third",29.3,29.6,30.3
7202,39.7,13,"Dubai",33,38.2,"Lower",0,"No",0,"No",2618,"First",34.1,28.1,31.1
7203,33,19,"Abu Dhabi",32.3,43.3,"Lower",0,"No",1,"Yes",2514,"Second",32.1,32,33
7204,30.8,25,"Abu Dhabi",34.1,35.4,"Lower",0,"No",0,"No",2850,"Second",35.9,33.5,37
7205,33.8,28,"Sharjah",36.3,24.8,"High",0,"No",0,"No",3258,"Third",38.2,36.8,34.8
7206,18.8,40,"Sharjah",32.3,27.1,"Lower",0,"No",0,"No",3400,"Third",30.8,32.3,33
7207,20.2,38,"Abu Dhabi",29.5,31.1,"Lower",0,"No",0,"No",3527,"Third",28.1,30.3,28.9
7208,21,9,"Abu Dhabi",34.1,28.5,"Lower",0,"No",0,"No",3612,"First",33.2,35.1,33.2
7209,42.1,37,"Sharjah",28.8,27,"Lower",0,"No",0,"No",4092,"Third",27.7,29.4,29.7
7210,33.4,20,"Abu Dhabi",26.7,35.9,"Lower",0,"No",0,"No",2996,"Second",27.1,27.2,27.5
7211,25.3,10,"Dubai",34.1,32.2,"Lower",0,"No",0,"No",3308,"First",34.8,34,33.9
7212,22.9,16,"Dubai",38.1,42.7,"High",0,"No",0,"No",1711,"Second",36.4,37.5,38.4
7213,27.8,30,"Abu Dhabi",29.1,28.2,"Lower",0,"No",0,"No",4241,"Third",26.8,30.3,29.2
7214,34.8,22,"Dubai",32.4,20.7,"Lower",0,"No",0,"No",3908,"Second",32.5,32.4,34.3
7215,33.3,29,"Sharjah",28.7,18.4,"Lower",0,"No",0,"No",2943,"Third",27.6,27.7,31
7216,44.4,4,"Abu Dhabi",31.2,28.9,"Lower",0,"No",0,"No",3932,"First",33.3,31.9,31.1
7217,28.8,16,"Abu Dhabi",34.3,25.6,"Lower",0,"No",0,"No",2743,"Second",34.2,32.4,34.9
7218,32.6,16,"Dubai",32.5,41.1,"Lower",0,"No",0,"No",2725,"Second",34.1,34.8,35.3
7219,40.5,28,"Sharjah",30.6,45.9,"Lower",0,"No",0,"No",3055,"Third",27.7,30.9,29.5
7220,24.6,9,"Dubai",32.8,28.3,"Lower",0,"No",0,"No",2226,"First",31.9,30.9,34.8
7221,23.1,7,"Dubai",30.5,23,"Lower",0,"No",0,"No",2771,"First",28.7,29.6,31.1
7222,44.9,8,"Dubai",30.2,29,"Lower",0,"No",0,"No",4186,"First",30.9,31.3,31
7223,27.7,13,"Dubai",30,9.2,"Lower",0,"No",0,"No",3560,"First",28.1,32.3,26.9
7224,36.1,27,"Dubai",30.5,26.2,"Lower",1,"Yes",0,"No",3941,"Second",27.2,30.5,28.9
7225,44.3,40,"Dubai",31.2,27.2,"Lower",0,"No",0,"No",3712,"Third",33.5,31.2,30.2
7226,24.3,39,"Sharjah",31,21.8,"Lower",0,"No",0,"No",2731,"Third",30.8,30.7,32.4
7227,39.5,20,"Abu Dhabi",29.8,29.7,"Lower",0,"No",1,"Yes",3317,"Second",31.9,28.6,29.5
7228,21.4,4,"Abu Dhabi",33.5,34.6,"Lower",0,"No",1,"Yes",2943,"First",34.1,33.8,33.2
7229,29.1,16,"Dubai",31.9,34.4,"Lower",0,"No",1,"Yes",3366,"Second",32.4,30.3,33.3
7230,23.6,40,"Sharjah",34.8,38.6,"Lower",0,"No",0,"No",2717,"Third",32.6,35.6,34.1
7231,32.9,40,"Dubai",36,38.8,"High",0,"No",0,"No",2737,"Third",36.8,34.1,33.8
7232,34.4,4,"Sharjah",35.2,15.7,"High",0,"No",0,"No",3739,"First",34.2,37.1,37.8
7233,24.3,5,"Abu Dhabi",28.6,28.9,"Lower",0,"No",0,"No",3086,"First",29.8,30.2,28.6
7234,43.5,21,"Abu Dhabi",30,30.2,"Lower",0,"No",0,"No",3170,"Second",30.3,31.9,32.5
7235,43.6,27,"Dubai",38.2,47.3,"High",0,"No",0,"No",2942,"Second",41.9,37.5,40.2
7236,33.6,35,"Abu Dhabi",29.9,31.5,"Lower",1,"Yes",0,"No",2956,"Third",29.4,29.4,31.6
7237,28.7,10,"Dubai",32.2,32.5,"Lower",0,"No",0,"No",3649,"First",32,30.3,31.6
7238,18.4,27,"Abu Dhabi",27.8,27.9,"Lower",0,"No",1,"Yes",3207,"Second",26.2,28.5,29.1
7239,23.6,26,"Abu Dhabi",32.3,33.8,"Lower",0,"No",0,"No",3238,"Second",33.4,33.6,34.2
7240,29,24,"Sharjah",37.7,30.3,"High",0,"No",1,"Yes",2647,"Second",37,40.7,39
7241,26.6,40,"Abu Dhabi",31,21,"Lower",0,"No",0,"No",3312,"Third",30.2,32,33.4
7242,19.7,35,"Dubai",33.4,16.2,"Lower",1,"Yes",0,"No",4056,"Third",35.9,34,35.2
7243,23.5,23,"Abu Dhabi",31.9,32.6,"Lower",1,"Yes",0,"No",3317,"Second",33.7,33.2,34.3
7244,19.4,36,"Dubai",27.8,26.1,"Lower",0,"No",0,"No",3476,"Third",26.7,29.2,24.7
7245,31.1,38,"Abu Dhabi",34.3,20.7,"Lower",0,"No",0,"No",2612,"Third",34.3,32.7,32.9
7246,33.9,14,"Dubai",33.5,16.7,"Lower",0,"No",1,"Yes",2677,"Second",32.6,34,36.7
7247,26.5,34,"Abu Dhabi",36.6,24.8,"High",0,"No",0,"No",3243,"Third",36.7,36.3,38.7
7248,42.2,32,"Dubai",29.4,37.5,"Lower",0,"No",0,"No",2742,"Third",29.4,26.8,28.8
7249,39.3,22,"Abu Dhabi",34.1,18.5,"Lower",0,"No",0,"No",3253,"Second",32.8,33.7,35
7250,41.1,35,"Sharjah",31.8,14,"Lower",0,"No",0,"No",2954,"Third",31.1,31.9,31.7
7251,32.8,9,"Abu Dhabi",28.4,33.1,"Lower",0,"No",0,"No",3668,"First",29.7,25.6,27.6
7252,44.2,29,"Dubai",34.3,21.5,"Lower",0,"No",0,"No",2983,"Third",32.4,34.6,32
7253,21.1,17,"Dubai",29.8,34.5,"Lower",0,"No",0,"No",3463,"Second",33.1,31.5,31.3
7254,44,31,"Dubai",30,31.3,"Lower",0,"No",0,"No",3251,"Third",30.4,30.5,32
7255,43.1,25,"Sharjah",27.7,37.4,"Lower",0,"No",0,"No",3271,"Second",26.8,28.4,27.9
7256,40,11,"Sharjah",27.5,9.9,"Lower",0,"No",0,"No",3828,"First",27.3,26,27.1
7257,40.3,39,"Dubai",35.1,24.7,"High",0,"No",0,"No",2373,"Third",34.2,35.8,33.2
7258,25.3,39,"Dubai",34.2,32.7,"Lower",0,"No",0,"No",3241,"Third",35.2,34.3,34.9
7259,34.1,15,"Dubai",31.4,21.3,"Lower",0,"No",0,"No",3415,"Second",33.1,32.8,34.4
7260,28.1,14,"Dubai",30.7,39.1,"Lower",0,"No",1,"Yes",3536,"Second",33.7,31.6,29.9
7261,36.7,31,"Dubai",31,21.4,"Lower",0,"No",1,"Yes",3378,"Third",32.4,29.4,31.7
7262,41.2,39,"Dubai",34.4,35.2,"Lower",1,"Yes",0,"No",3449,"Third",34.1,34.5,34
7263,41.5,13,"Dubai",29.3,17,"Lower",0,"No",0,"No",2877,"First",25.8,30.4,31.7
7264,28.5,14,"Dubai",31.2,35.1,"Lower",0,"No",0,"No",2873,"Second",30.3,34.4,32.2
7265,35.9,29,"Dubai",34.9,17.7,"Lower",0,"No",0,"No",2626,"Third",34,33.3,35.4
7266,41.7,17,"Dubai",32.8,30.2,"Lower",0,"No",0,"No",2760,"Second",31.5,31.8,34.3
7267,41.6,37,"Dubai",35.6,32.5,"High",0,"No",0,"No",3127,"Third",34.2,35.8,32.7
7268,27.9,33,"Dubai",26.5,29.6,"Lower",0,"No",1,"Yes",3114,"Third",27.1,24.9,28.7
7269,38.9,19,"Abu Dhabi",35.6,26.6,"High",0,"No",0,"No",3782,"Second",33.5,34.4,35.6
7270,37.9,25,"Abu Dhabi",23.3,23.4,"Lower",0,"No",0,"No",3688,"Second",21,21.6,24.4
7271,30.2,25,"Dubai",29.2,38.8,"Lower",0,"No",0,"No",3294,"Second",26.4,28.6,29.2
7272,41.2,22,"Dubai",26.1,31.4,"Lower",0,"No",0,"No",4105,"Second",23.3,24.9,28.1
7273,41.9,32,"Dubai",27.5,23.4,"Lower",0,"No",0,"No",3861,"Third",26.9,26.6,27.2
7274,19.9,20,"Dubai",32.4,32.5,"Lower",0,"No",0,"No",3130,"Second",32.6,34.1,32.9
7275,19,5,"Dubai",36.1,30.1,"High",0,"No",0,"No",2650,"First",35,35.3,37.7
7276,25.9,18,"Abu Dhabi",27.8,31.8,"Lower",0,"No",0,"No",3694,"Second",29.2,30,25.3
7277,32.3,10,"Sharjah",32.7,43.5,"Lower",0,"No",0,"No",2841,"First",33.8,30.8,31.5
7278,33,14,"Abu Dhabi",32.3,34.7,"Lower",0,"No",1,"Yes",2819,"Second",35,35.8,33.9
7279,27,17,"Sharjah",29.7,28.9,"Lower",0,"No",0,"No",3435,"Second",30.7,28.9,30.2
7280,27.6,39,"Abu Dhabi",32.3,21.5,"Lower",0,"No",0,"No",3758,"Third",32.7,33.4,31.2
7281,38.8,16,"Sharjah",37.1,19.3,"High",0,"No",0,"No",2828,"Second",37.5,32.9,39.7
7282,32.8,6,"Abu Dhabi",31.9,30.3,"Lower",0,"No",1,"Yes",2732,"First",34,32.9,34.1
7283,33.5,32,"Sharjah",33.6,9.1,"Lower",0,"No",0,"No",2696,"Third",35.8,33.8,34.7
7284,30.8,38,"Sharjah",29,18,"Lower",0,"No",0,"No",3109,"Third",29.8,30.1,27.4
7285,42.1,35,"Abu Dhabi",36.3,13.2,"High",0,"No",0,"No",3022,"Third",34.9,38.2,35.3
7286,30.4,29,"Sharjah",34.4,36,"Lower",0,"No",0,"No",3329,"Third",34.6,33.9,34.7
7287,32.7,25,"Abu Dhabi",31.7,36.3,"Lower",1,"Yes",0,"No",3022,"Second",30.3,29.5,30
7288,44.9,16,"Dubai",30.2,19.8,"Lower",0,"No",0,"No",3602,"Second",26.4,27.2,28.8
7289,35,8,"Dubai",34.2,28.5,"Lower",0,"No",0,"No",2830,"First",34.3,33.5,34.2
7290,43.9,34,"Dubai",30.8,40.9,"Lower",0,"No",0,"No",3292,"Third",29.3,29.9,31
7291,37.4,16,"Dubai",32.1,21.4,"Lower",0,"No",1,"Yes",3486,"Second",31.3,34.7,31.6
7292,36.7,35,"Dubai",33.4,44.3,"Lower",0,"No",0,"No",3284,"Third",35,32.2,32.8
7293,43.1,32,"Dubai",26.8,24.1,"Lower",0,"No",1,"Yes",3079,"Third",24.5,29.2,28.5
7294,27.3,10,"Abu Dhabi",33.9,19.1,"Lower",0,"No",0,"No",3907,"First",36.2,36.5,35.5
7295,25.8,34,"Sharjah",33.6,24,"Lower",0,"No",0,"No",3371,"Third",35.5,33.2,34.3
7296,25.8,24,"Abu Dhabi",28.6,33.1,"Lower",0,"No",1,"Yes",3207,"Second",30.5,27.1,26.9
7297,44,11,"Abu Dhabi",31.3,27.9,"Lower",0,"No",0,"No",3639,"First",31.3,32.6,30.7
7298,37.2,26,"Sharjah",36.2,34.1,"High",0,"No",0,"No",2790,"Second",34.9,36.8,36.5
7299,24.8,24,"Sharjah",35.1,28.3,"High",0,"No",0,"No",3390,"Second",32.7,39.4,35.5
7300,18.6,25,"Abu Dhabi",33.6,20.9,"Lower",0,"No",0,"No",2920,"Second",35.3,34.1,32.2
7301,21.7,17,"Dubai",32.2,24.6,"Lower",0,"No",0,"No",3159,"Second",30.6,32.2,33.5
7302,43.5,19,"Sharjah",30.7,36.1,"Lower",0,"No",0,"No",3499,"Second",32.9,30.8,30.1
7303,41.9,31,"Abu Dhabi",36.8,36.8,"High",0,"No",0,"No",3074,"Third",37.3,39,39.4
7304,26.9,10,"Dubai",34.5,28.8,"Lower",0,"No",0,"No",2239,"First",35.4,34.8,37.5
7305,36.4,31,"Abu Dhabi",42.7,25.9,"High",0,"No",0,"No",3283,"Third",43.3,42.5,43.8
7306,43.7,32,"Abu Dhabi",34.4,23.2,"Lower",0,"No",0,"No",3406,"Third",36.2,35,35.7
7307,26.6,24,"Dubai",28.3,31.6,"Lower",0,"No",0,"No",3391,"Second",27.5,28.4,30.3
7308,30.6,29,"Dubai",37.3,36,"High",0,"No",0,"No",3295,"Third",39.8,37.5,39.2
7309,42.5,35,"Dubai",34.4,30,"Lower",0,"No",0,"No",3688,"Third",35.6,32.9,34.7
7310,35.2,24,"Sharjah",34.3,40.2,"Lower",0,"No",0,"No",2626,"Second",35.4,32.2,35.3
7311,37.4,17,"Dubai",33.3,44.2,"Lower",0,"No",0,"No",2366,"Second",34.6,33.9,31.6
7312,23.9,16,"Sharjah",28.6,23.1,"Lower",0,"No",0,"No",3101,"Second",31.2,30.9,26.5
7313,23.7,21,"Dubai",26,28.3,"Lower",0,"No",0,"No",3231,"Second",27.6,25.7,27.2
7314,26.2,20,"Abu Dhabi",33.4,32.8,"Lower",0,"No",0,"No",2756,"Second",33.3,34.4,34.3
7315,34.7,35,"Dubai",36.2,27,"High",0,"No",0,"No",3021,"Third",34.3,34.3,36.9
7316,22.3,17,"Dubai",34.8,29,"Lower",0,"No",0,"No",3742,"Second",37.9,36.2,34.4
7317,31,24,"Abu Dhabi",32.5,26.8,"Lower",0,"No",0,"No",2458,"Second",33.7,32,32.1
7318,21.9,37,"Abu Dhabi",30.6,28.8,"Lower",0,"No",0,"No",2783,"Third",31.9,31.4,29.8
7319,21.9,39,"Sharjah",26.2,38.4,"Lower",0,"No",0,"No",2384,"Third",26.3,26.7,24.6
7320,44.9,23,"Abu Dhabi",26.9,19.5,"Lower",0,"No",0,"No",3000,"Second",27.8,27.5,26.3
7321,37.8,14,"Abu Dhabi",35.3,19.2,"High",0,"No",0,"No",2827,"Second",35.4,34.2,35.1
7322,43.2,20,"Dubai",33.5,32.2,"Lower",0,"No",0,"No",3907,"Second",35.2,34.3,35.1
7323,34.3,9,"Dubai",31.1,17.8,"Lower",0,"No",0,"No",3251,"First",31.1,28.7,30.5
7324,23.2,4,"Dubai",31,26.9,"Lower",0,"No",0,"No",2923,"First",32.5,30.5,31.1
7325,34,15,"Abu Dhabi",29.8,28.5,"Lower",0,"No",0,"No",3307,"Second",31.9,30.8,28.7
7326,38.1,19,"Abu Dhabi",34.2,32.1,"Lower",0,"No",1,"Yes",2555,"Second",33.8,35.4,34.5
7327,24.3,9,"Sharjah",29.6,24.9,"Lower",0,"No",0,"No",3523,"First",29.5,29.2,29.7
7328,38.2,35,"Abu Dhabi",34.8,17.3,"Lower",0,"No",0,"No",3249,"Third",34.8,33.8,35
7329,31,6,"Dubai",29.8,31,"Lower",0,"No",0,"No",3866,"First",29.5,30.1,32.1
7330,22.4,7,"Abu Dhabi",35.2,35.5,"High",0,"No",0,"No",3286,"First",34.1,34.7,32.9
7331,27.5,6,"Sharjah",32.5,24,"Lower",0,"No",0,"No",2626,"First",32.9,33.3,32.2
7332,27.1,19,"Sharjah",34.7,25.3,"Lower",0,"No",0,"No",3453,"Second",33.1,36.4,35.1
7333,22.7,15,"Sharjah",31.7,38.2,"Lower",0,"No",0,"No",3529,"Second",32.8,28.4,30.4
7334,20.4,17,"Abu Dhabi",28.4,35.8,"Lower",0,"No",0,"No",3983,"Second",32.6,27.2,30.3
7335,30,18,"Dubai",35,22.5,"High",0,"No",0,"No",2961,"Second",35.3,34.9,32.1
7336,24,10,"Abu Dhabi",31.8,22.2,"Lower",0,"No",0,"No",3158,"First",31.9,32.7,30.3
7337,20.5,34,"Dubai",27.1,38.8,"Lower",0,"No",0,"No",3016,"Third",25.4,27.2,27.6
7338,23.3,10,"Sharjah",26.6,10,"Lower",0,"No",0,"No",3757,"First",25.8,26.3,24.6
7339,32.3,8,"Sharjah",31.6,27.4,"Lower",0,"No",0,"No",3908,"First",33,32.3,31.3
7340,39.6,27,"Dubai",36.9,29.8,"High",0,"No",0,"No",3035,"Second",37.5,39.9,38.5
7341,19.3,31,"Abu Dhabi",31.4,37.4,"Lower",0,"No",0,"No",3467,"Third",32.5,29.2,32.6
7342,42,31,"Sharjah",35.4,27.7,"High",0,"No",0,"No",3542,"Third",34.1,35.8,33.9
7343,30.9,31,"Sharjah",32.7,22.4,"Lower",0,"No",1,"Yes",3380,"Third",31.9,34.2,34.7
7344,39.4,22,"Abu Dhabi",34.5,23.9,"Lower",0,"No",0,"No",3522,"Second",32.9,36.5,34.8
7345,32.1,23,"Abu Dhabi",30.5,26.3,"Lower",0,"No",0,"No",3455,"Second",31.3,28.1,29.7
7346,35.1,5,"Abu Dhabi",28.9,34.4,"Lower",0,"No",0,"No",3074,"First",26,27.7,30
7347,18.1,30,"Dubai",28.1,18.1,"Lower",1,"Yes",0,"No",4105,"Third",28.5,28.8,28.3
7348,30.7,38,"Dubai",38.2,38.2,"High",0,"No",0,"No",2964,"Third",37.6,35.3,38.9
7349,44.4,37,"Dubai",24.6,28.5,"Lower",1,"Yes",0,"No",3003,"Third",24.7,22.8,23.5
7350,42.2,39,"Abu Dhabi",36.2,39.2,"High",1,"Yes",0,"No",3112,"Third",35.4,34.2,37.9
7351,36.4,8,"Abu Dhabi",32.5,22.2,"Lower",0,"No",0,"No",3248,"First",31,31,33.2
7352,28.5,29,"Abu Dhabi",32.8,21.2,"Lower",0,"No",0,"No",3126,"Third",34.4,35.9,34.4
7353,23.9,19,"Abu Dhabi",26.8,44.4,"Lower",0,"No",0,"No",3467,"Second",27.2,29,28.3
7354,44.1,21,"Abu Dhabi",32.4,31.8,"Lower",0,"No",0,"No",3515,"Second",31.8,33.2,30.5
7355,44.1,29,"Abu Dhabi",37.7,33.4,"High",0,"No",0,"No",3343,"Third",38,37.9,39.4
7356,24.4,26,"Sharjah",28.5,33.4,"Lower",0,"No",0,"No",3602,"Second",30.2,26.7,28.1
7357,43.3,40,"Sharjah",29.7,18.1,"Lower",0,"No",0,"No",3574,"Third",33.1,30.4,28.3
7358,32,38,"Dubai",37.9,34.7,"High",0,"No",0,"No",2573,"Third",38.4,37.3,39
7359,19.2,28,"Dubai",29,26.6,"Lower",0,"No",0,"No",2977,"Third",26.9,28.8,30.4
7360,36.7,12,"Dubai",32.7,29.7,"Lower",0,"No",0,"No",3519,"First",35,34.7,34
7361,31.1,18,"Abu Dhabi",30.2,26.9,"Lower",0,"No",1,"Yes",3459,"Second",30.3,29.4,29.5
7362,22.4,29,"Dubai",28.7,14,"Lower",0,"No",1,"Yes",3534,"Third",30.8,30.3,32.9
7363,23.3,15,"Abu Dhabi",32.9,27.8,"Lower",0,"No",0,"No",3245,"Second",35,29.4,33.3
7364,34.7,13,"Abu Dhabi",31.8,24.9,"Lower",0,"No",0,"No",3523,"First",30.1,32,33.4
7365,37.4,16,"Abu Dhabi",31.1,16.1,"Lower",0,"No",0,"No",3503,"Second",30.5,32.1,29.1
7366,33.2,23,"Dubai",33.2,33.3,"Lower",0,"No",0,"No",2651,"Second",32.7,32.5,30.7
7367,18.7,31,"Sharjah",30.4,17.5,"Lower",0,"No",0,"No",3840,"Third",30,31.4,30.1
7368,25.7,14,"Dubai",31.2,33,"Lower",0,"No",0,"No",4045,"Second",31,33.2,31.4
7369,43.4,37,"Dubai",29.6,29.2,"Lower",0,"No",0,"No",3564,"Third",31.8,31.5,32.9
7370,25.5,6,"Abu Dhabi",31.7,30.6,"Lower",0,"No",0,"No",3147,"First",31,29.1,34.2
7371,20.8,20,"Dubai",31.2,39.7,"Lower",0,"No",1,"Yes",2615,"Second",30.6,29.5,29.2
7372,20,20,"Sharjah",33.6,29.8,"Lower",0,"No",0,"No",3732,"Second",30.6,30.4,34.7
7373,27,40,"Dubai",35.2,24,"High",0,"No",0,"No",2885,"Third",36.4,35,33.8
7374,32.2,32,"Sharjah",38.7,22.3,"High",0,"No",1,"Yes",2741,"Third",39.6,40.3,39
7375,35.9,23,"Abu Dhabi",32.2,32,"Lower",1,"Yes",0,"No",2497,"Second",31.7,34,31.9
7376,27.9,20,"Dubai",26.4,17.9,"Lower",0,"No",0,"No",3200,"Second",26.9,27.6,27.7
7377,42.4,40,"Dubai",34.5,38.8,"Lower",0,"No",0,"No",2732,"Third",33.2,35.7,33
7378,42.5,10,"Sharjah",32.2,22.8,"Lower",0,"No",0,"No",2371,"First",34.5,33.3,32.9
7379,27.5,23,"Dubai",29.5,29.9,"Lower",0,"No",0,"No",3701,"Second",28.7,30.2,29
7380,29.8,27,"Dubai",33.7,38.7,"Lower",0,"No",0,"No",3496,"Second",36.9,34.6,33.8
7381,28.9,23,"Dubai",29.8,34.8,"Lower",0,"No",1,"Yes",2949,"Second",31.5,29.8,28.5
7382,33.9,22,"Dubai",34.3,45.7,"Lower",0,"No",0,"No",3511,"Second",31.9,35.4,36.2
7383,42.2,22,"Dubai",30.1,20.3,"Lower",1,"Yes",0,"No",3076,"Second",28.2,30,27.7
7384,42.4,23,"Dubai",30.4,41,"Lower",0,"No",0,"No",3550,"Second",32.5,29.3,31
7385,44.1,20,"Abu Dhabi",34.3,33.7,"Lower",1,"Yes",0,"No",2818,"Second",34,32.7,35.4
7386,37.7,19,"Abu Dhabi",35.5,12.7,"High",0,"No",0,"No",3152,"Second",38,37.1,38.4
7387,39.8,16,"Sharjah",36.3,33.3,"High",1,"Yes",1,"Yes",4263,"Second",34.4,33.1,37.9
7388,42.8,5,"Dubai",33.6,31.5,"Lower",0,"No",0,"No",3154,"First",34.4,31.7,32.1
7389,32.6,26,"Dubai",30.5,31,"Lower",0,"No",0,"No",2865,"Second",32,28.2,30.6
7390,30.3,15,"Sharjah",27.8,42.2,"Lower",0,"No",0,"No",2867,"Second",24.5,27.8,26.7
7391,32.9,9,"Dubai",36.8,35,"High",0,"No",0,"No",2633,"First",38.5,38.1,37
7392,44.1,17,"Abu Dhabi",31.8,33,"Lower",0,"No",0,"No",3236,"Second",32,32.3,31
7393,24.4,35,"Dubai",26.1,39.2,"Lower",0,"No",0,"No",2613,"Third",26.9,26.9,26.8
7394,22.6,35,"Dubai",28.4,35.5,"Lower",1,"Yes",0,"No",3043,"Third",27.3,31.8,27.3
7395,19.8,25,"Abu Dhabi",30.9,35.9,"Lower",0,"No",0,"No",3752,"Second",29.3,30.6,33.5
7396,22.6,35,"Abu Dhabi",36.6,26.3,"High",0,"No",0,"No",3575,"Third",35.2,37.8,37.2
7397,42.9,27,"Abu Dhabi",32.1,36,"Lower",0,"No",1,"Yes",4115,"Second",33.6,32.4,31.5
7398,26.6,38,"Sharjah",35.4,37,"High",0,"No",0,"No",2655,"Third",37,32.4,34.4
7399,31.6,20,"Dubai",28.9,44.2,"Lower",0,"No",0,"No",3015,"Second",28.2,26.8,30.3
7400,38.6,22,"Dubai",34.4,35.2,"Lower",0,"No",0,"No",3558,"Second",33.9,36,34.7
7401,42,4,"Sharjah",31.9,29.9,"Lower",0,"No",0,"No",3340,"First",33.7,32,32.4
7402,38.3,15,"Dubai",32.2,35.3,"Lower",0,"No",0,"No",3165,"Second",35,32.9,31.8
7403,44.4,9,"Abu Dhabi",31.3,39.1,"Lower",0,"No",0,"No",3708,"First",28.6,31,31.3
7404,43.5,9,"Abu Dhabi",31.8,23,"Lower",0,"No",0,"No",2723,"First",30,31.2,32.8
7405,31.7,29,"Abu Dhabi",31.2,14.1,"Lower",0,"No",0,"No",4095,"Third",33.3,31,31.9
7406,39.1,33,"Dubai",30.4,30.9,"Lower",0,"No",0,"No",2588,"Third",30.1,33.7,29.7
7407,36.8,14,"Abu Dhabi",28.1,29.8,"Lower",0,"No",0,"No",3318,"Second",26.1,28,30.7
7408,31.8,22,"Abu Dhabi",32.8,28.8,"Lower",0,"No",0,"No",3410,"Second",33.4,33.1,34.2
7409,22.4,29,"Sharjah",29.6,21,"Lower",0,"No",0,"No",3301,"Third",30.3,32.3,31.3
7410,35.7,14,"Dubai",36.6,25.2,"High",0,"No",0,"No",3206,"Second",36.3,37.3,35.5
7411,36.2,32,"Abu Dhabi",34,36.1,"Lower",0,"No",1,"Yes",3309,"Third",34.1,30.9,33.3
7412,35.5,19,"Dubai",30.7,41.3,"Lower",0,"No",0,"No",2574,"Second",32.8,28.6,32.5
7413,27.1,32,"Sharjah",34.4,29,"Lower",0,"No",0,"No",2900,"Third",35.7,33.7,36.6
7414,20.9,15,"Abu Dhabi",32,32.1,"Lower",0,"No",0,"No",2863,"Second",34.7,33.8,31.2
7415,22.6,36,"Abu Dhabi",30.7,39.9,"Lower",0,"No",0,"No",2455,"Third",30.7,32.6,29.9
7416,36.9,17,"Dubai",42.2,46,"High",1,"Yes",0,"No",2725,"Second",41.5,41.8,44.1
7417,30.6,34,"Sharjah",24.9,32.1,"Lower",0,"No",0,"No",3442,"Third",25.5,25.3,24.7
7418,33.8,4,"Abu Dhabi",37.3,22.6,"High",0,"No",0,"No",3168,"First",35.9,36.1,37.3
7419,21.7,21,"Dubai",31.7,32.2,"Lower",0,"No",1,"Yes",2625,"Second",31.9,29.7,31.2
7420,33,8,"Sharjah",30.9,26.1,"Lower",0,"No",0,"No",2873,"First",31.7,31.5,29.7
7421,34.6,33,"Dubai",32,26.5,"Lower",0,"No",0,"No",3376,"Third",31.6,30.8,32
7422,36.6,15,"Dubai",30,35.8,"Lower",0,"No",0,"No",3288,"Second",28,29.4,30.7
7423,33.1,32,"Abu Dhabi",37.8,34.3,"High",0,"No",0,"No",3174,"Third",38.7,37.7,40.3
7424,30.2,37,"Dubai",30.4,24.1,"Lower",0,"No",0,"No",3807,"Third",32.1,28.2,28.8
7425,38.8,8,"Abu Dhabi",33.7,30.4,"Lower",0,"No",1,"Yes",2965,"First",31.3,33.1,34
7426,22,16,"Abu Dhabi",28,35.2,"Lower",0,"No",0,"No",2586,"Second",29,26.3,29.7
7427,35.6,38,"Sharjah",30.1,29.1,"Lower",1,"Yes",0,"No",3632,"Third",30.6,32,32.4
7428,44.1,13,"Dubai",35.7,35.4,"High",0,"No",0,"No",2515,"First",34.6,37.1,33.7
7429,20.7,40,"Abu Dhabi",28.7,27.8,"Lower",0,"No",0,"No",3370,"Third",29.4,28.2,29.9
7430,27.1,28,"Dubai",28,31.4,"Lower",0,"No",0,"No",3363,"Third",27.2,28.9,28
7431,18.3,14,"Sharjah",31.9,32.9,"Lower",0,"No",0,"No",3225,"Second",30.6,30.8,31.5
7432,28.2,40,"Dubai",30,30.7,"Lower",0,"No",0,"No",2677,"Third",30.2,28.6,29.4
7433,41.2,31,"Abu Dhabi",34.2,12.8,"Lower",1,"Yes",0,"No",3331,"Third",35,34.8,36
7434,28.9,27,"Dubai",34.5,42.2,"Lower",0,"No",0,"No",1682,"Second",32.3,35.1,33
7435,39.5,33,"Sharjah",31.1,41,"Lower",0,"No",0,"No",3949,"Third",31,31.4,33.4
7436,25.5,7,"Abu Dhabi",31.4,35.9,"Lower",0,"No",0,"No",2759,"First",31.9,33.6,31.7
7437,36.5,5,"Dubai",35.3,27,"High",0,"No",0,"No",2986,"First",34.6,33.8,34.2
7438,32.2,37,"Abu Dhabi",28.4,16.8,"Lower",0,"No",1,"Yes",3346,"Third",30.1,31.5,28.2
7439,21.6,5,"Dubai",31.9,30.2,"Lower",0,"No",0,"No",3678,"First",30.2,30.6,31.7
7440,40.4,25,"Sharjah",38.8,26.7,"High",0,"No",0,"No",2768,"Second",41.5,39.4,40.6
7441,23,10,"Sharjah",30.2,24.6,"Lower",0,"No",0,"No",3079,"First",28,29.5,30.8
7442,38.1,28,"Dubai",36.5,31.6,"High",0,"No",0,"No",3242,"Third",36.8,36.5,37.6
7443,24.3,18,"Abu Dhabi",30.3,32.9,"Lower",0,"No",0,"No",3104,"Second",29.7,29.4,31.7
7444,26.6,7,"Abu Dhabi",31.9,43.1,"Lower",0,"No",0,"No",3115,"First",31.5,33.3,31.9
7445,32.4,35,"Dubai",28.8,27.5,"Lower",0,"No",0,"No",4142,"Third",31.2,29.1,29
7446,32.9,6,"Dubai",31.7,23.3,"Lower",0,"No",0,"No",3799,"First",32.2,30.8,31.5
7447,43.2,10,"Abu Dhabi",31.8,34.9,"Lower",0,"No",0,"No",3508,"First",32.4,35,34.5
7448,18.5,15,"Sharjah",29,21.6,"Lower",0,"No",0,"No",3267,"Second",29.3,27.4,31.1
7449,43.3,36,"Abu Dhabi",26.9,29.1,"Lower",0,"No",0,"No",2914,"Third",25.7,24.8,25.8
7450,30.1,19,"Dubai",30.9,26.7,"Lower",0,"No",0,"No",3025,"Second",27.7,32.4,30.1
7451,35.1,31,"Abu Dhabi",37.7,28,"High",0,"No",0,"No",3618,"Third",36.8,37.6,38.6
7452,31.1,21,"Abu Dhabi",28.7,33.8,"Lower",0,"No",0,"No",3028,"Second",28.3,28.3,28.2
7453,22.1,14,"Dubai",24,32,"Lower",0,"No",0,"No",3798,"Second",24.6,23.8,19.9
7454,42.6,25,"Abu Dhabi",28.5,33.8,"Lower",0,"No",0,"No",3215,"Second",27.2,30.4,27.6
7455,40.2,28,"Sharjah",29.9,18.8,"Lower",0,"No",0,"No",4213,"Third",27,30.8,27.2
7456,40.4,8,"Abu Dhabi",34,36.2,"Lower",0,"No",0,"No",3229,"First",31.9,35.1,33.4
7457,28.7,23,"Sharjah",32.6,37.3,"Lower",1,"Yes",0,"No",2872,"Second",32.4,32.3,33.6
7458,30.2,36,"Dubai",33.9,28.4,"Lower",1,"Yes",0,"No",3244,"Third",35,31.2,34.6
7459,20.4,39,"Abu Dhabi",26.8,22.7,"Lower",1,"Yes",0,"No",3492,"Third",28.8,25.7,27
7460,24.8,23,"Sharjah",35.5,32.1,"High",1,"Yes",0,"No",2606,"Second",34.4,35.4,33.3
7461,22.5,9,"Dubai",31.6,33.8,"Lower",0,"No",0,"No",3230,"First",31.9,31.9,31.2
7462,41.6,30,"Dubai",27.8,25.1,"Lower",0,"No",0,"No",2978,"Third",27.4,28.9,29.4
7463,25.1,28,"Abu Dhabi",28.9,21.2,"Lower",0,"No",1,"Yes",3565,"Third",29.6,27.7,26.4
7464,34.7,39,"Abu Dhabi",29.2,26.1,"Lower",0,"No",0,"No",3281,"Third",30,30.9,30
7465,28.1,28,"Sharjah",38.7,42.2,"High",1,"Yes",1,"Yes",2719,"Third",40.5,38.5,38.6
7466,19.7,18,"Abu Dhabi",36.3,27.9,"High",0,"No",1,"Yes",2979,"Second",36.5,34.9,37.7
7467,42.6,18,"Abu Dhabi",31.4,40.1,"Lower",0,"No",0,"No",2754,"Second",29.6,29.3,29.3
7468,27.1,37,"Dubai",33.6,30.9,"Lower",0,"No",0,"No",3060,"Third",34.8,34.3,33.8
7469,39.3,40,"Sharjah",28,23.1,"Lower",0,"No",1,"Yes",3249,"Third",24.5,27.6,28.9
7470,41.7,24,"Sharjah",31.1,27.7,"Lower",0,"No",0,"No",3136,"Second",29.3,31,32.6
7471,29.3,13,"Abu Dhabi",29.6,21.6,"Lower",0,"No",0,"No",3126,"First",27.8,29.7,31.9
7472,22.7,32,"Dubai",30.5,28,"Lower",1,"Yes",0,"No",3114,"Third",30.4,31.3,30.4
7473,43.9,35,"Abu Dhabi",31.9,38.6,"Lower",0,"No",0,"No",2707,"Third",28.6,32.9,32.4
7474,18.3,13,"Abu Dhabi",31.9,24.1,"Lower",0,"No",1,"Yes",2849,"First",33.1,31,30.8
7475,43.4,20,"Abu Dhabi",32.7,29.3,"Lower",0,"No",0,"No",3039,"Second",32,32.6,34.8
7476,30.6,30,"Sharjah",31.5,25.2,"Lower",0,"No",0,"No",2820,"Third",31.8,33.3,32.3
7477,31.5,6,"Dubai",28.4,24.5,"Lower",0,"No",0,"No",2292,"First",27.4,28.5,27.1
7478,23.4,22,"Dubai",28.1,20.5,"Lower",0,"No",0,"No",2537,"Second",29.1,27.3,28.3
7479,28.7,11,"Dubai",28.4,35.1,"Lower",0,"No",0,"No",3353,"First",28.7,27.3,27.8
7480,44,33,"Dubai",29.2,28.6,"Lower",1,"Yes",0,"No",2940,"Third",29.6,29.7,28.8
7481,41.4,17,"Dubai",33.1,17.2,"Lower",0,"No",0,"No",3000,"Second",32.4,33.9,34.4
7482,37.8,10,"Abu Dhabi",39.9,46,"High",0,"No",0,"No",2609,"First",39.5,38.6,40.6
7483,45,14,"Sharjah",27.1,23.4,"Lower",0,"No",0,"No",3678,"Second",24.7,26.5,27.2
7484,29.4,27,"Abu Dhabi",33.7,26.4,"Lower",0,"No",0,"No",2974,"Second",34.5,31.9,32
7485,18.2,13,"Abu Dhabi",32.2,35.3,"Lower",0,"No",0,"No",2871,"First",31.6,33.3,32.6
7486,19.5,39,"Dubai",33.2,39.4,"Lower",0,"No",1,"Yes",3434,"Third",33.6,33.7,34.4
7487,25.8,16,"Abu Dhabi",30.4,28.4,"Lower",0,"No",0,"No",3078,"Second",31.4,31.8,28.2
7488,33.7,36,"Dubai",33.4,32.4,"Lower",0,"No",0,"No",2714,"Third",32.2,35.2,32.2
7489,26.7,16,"Dubai",35.3,25.6,"High",0,"No",0,"No",3797,"Second",34.7,35.4,35
7490,28.7,20,"Dubai",31.9,33.7,"Lower",0,"No",0,"No",3496,"Second",32.7,33,33.7
7491,43.5,29,"Dubai",34.5,35.8,"Lower",0,"No",0,"No",3361,"Third",36.2,33.8,34.1
7492,42.6,11,"Sharjah",28.9,22.2,"Lower",0,"No",1,"Yes",3178,"First",32,30.6,29.7
7493,43.2,16,"Abu Dhabi",31.5,25.1,"Lower",0,"No",0,"No",3590,"Second",29.3,29.5,32.3
7494,44.3,21,"Sharjah",31.9,32.1,"Lower",0,"No",0,"No",3464,"Second",31.3,30.8,32.1
7495,31.8,4,"Dubai",32.9,31.4,"Lower",0,"No",0,"No",2683,"First",32.1,32.9,33.2
7496,33.3,7,"Dubai",30.2,18.9,"Lower",0,"No",1,"Yes",3663,"First",29.8,28.7,29.1
7497,25,5,"Abu Dhabi",31.2,42.1,"Lower",0,"No",0,"No",2956,"First",31,33.1,30.8
7498,29,13,"Dubai",29.2,36.1,"Lower",0,"No",0,"No",2390,"First",27.8,28,25.6
7499,26.9,6,"Abu Dhabi",33.3,29.1,"Lower",0,"No",0,"No",3197,"First",32.9,35.5,34.1
7500,40.6,7,"Dubai",29.6,14.2,"Lower",1,"Yes",0,"No",3801,"First",29.8,28.2,29.5
7501,36.5,4,"Sharjah",30.5,22,"Lower",0,"No",0,"No",3466,"First",31.1,30.9,31.7
7502,25,17,"Sharjah",30.4,29.4,"Lower",0,"No",0,"No",2603,"Second",29.2,33.7,29.3
7503,36.9,9,"Dubai",36.3,23.1,"High",0,"No",1,"Yes",2848,"First",36.2,38.1,35.1
7504,43.6,17,"Sharjah",31.6,20.6,"Lower",0,"No",1,"Yes",3554,"Second",32.3,33.1,30.8
7505,20.3,8,"Dubai",34.7,41.3,"Lower",0,"No",0,"No",2457,"First",34.5,29.7,33.3
7506,20.7,16,"Dubai",29.9,23.2,"Lower",0,"No",0,"No",2441,"Second",26.8,27.2,29.5
7507,32.8,7,"Abu Dhabi",29.1,35.3,"Lower",0,"No",0,"No",3153,"First",30,28.4,30.6
7508,39.9,23,"Abu Dhabi",33.4,45.5,"Lower",0,"No",0,"No",3653,"Second",32.5,33.7,32.9
7509,35.9,22,"Dubai",28.1,20.2,"Lower",0,"No",0,"No",3755,"Second",27.3,27.8,27.1
7510,23.2,5,"Abu Dhabi",35.1,27.3,"High",0,"No",0,"No",2545,"First",34.3,35.8,35.5
7511,30,32,"Sharjah",34.8,25.5,"Lower",0,"No",0,"No",2523,"Third",34.1,34.7,34.4
7512,33.5,11,"Sharjah",29.5,32.8,"Lower",0,"No",1,"Yes",3076,"First",28.4,29.7,28.7
7513,36.6,12,"Sharjah",32.8,8.6,"Lower",0,"No",0,"No",2994,"First",35,31.3,33.8
7514,32.4,12,"Dubai",28,37.5,"Lower",0,"No",0,"No",3286,"First",31.1,26.6,25.2
7515,22.4,38,"Abu Dhabi",32.7,28.5,"Lower",0,"No",0,"No",3735,"Third",33.7,30.2,32.5
7516,42.5,12,"Abu Dhabi",34.8,31.5,"Lower",0,"No",0,"No",3370,"First",37,34.4,34.9
7517,27.2,24,"Dubai",32.4,37.8,"Lower",0,"No",0,"No",3819,"Second",33.3,32.7,33
7518,43.8,14,"Sharjah",32.5,24,"Lower",0,"No",0,"No",3059,"Second",31.7,33.4,30.9
7519,44.8,34,"Abu Dhabi",33.9,36.7,"Lower",0,"No",0,"No",2902,"Third",35.4,34.6,30
7520,39.9,31,"Abu Dhabi",32.1,28.5,"Lower",0,"No",0,"No",3184,"Third",33.8,32.7,32.8
7521,39.1,10,"Dubai",30.4,20.8,"Lower",0,"No",0,"No",2902,"First",34.2,29.7,32
7522,31.2,14,"Abu Dhabi",32.8,29.8,"Lower",0,"No",1,"Yes",3664,"Second",32.6,33.7,33.1
7523,31.2,36,"Sharjah",30.5,32.5,"Lower",0,"No",1,"Yes",3820,"Third",32.1,30.7,29.6
7524,31.9,26,"Dubai",30.9,41.7,"Lower",0,"No",0,"No",2989,"Second",33.3,30.2,28.7
7525,41.8,34,"Dubai",39.4,24.9,"High",0,"No",1,"Yes",3507,"Third",40.9,38.9,40
7526,26.3,38,"Abu Dhabi",28.9,26.8,"Lower",0,"No",0,"No",3526,"Third",28,29.2,30.1
7527,35.3,28,"Dubai",28.4,31.4,"Lower",0,"No",0,"No",3300,"Third",26.3,27.8,28.7
7528,28.3,4,"Dubai",34.7,33.6,"Lower",0,"No",0,"No",2929,"First",35,35.1,35.1
7529,36.4,28,"Dubai",37.1,31.9,"High",0,"No",0,"No",3652,"Third",36.6,40.9,36.6
7530,23.4,22,"Dubai",34.2,31.4,"Lower",0,"No",0,"No",2734,"Second",34.7,35.7,31.5
7531,44.4,32,"Dubai",31.5,24.5,"Lower",0,"No",0,"No",3158,"Third",32.1,28.5,30.4
7532,21,23,"Abu Dhabi",34.2,30.2,"Lower",0,"No",0,"No",3255,"Second",33.2,34.1,29.2
7533,19.4,37,"Abu Dhabi",33.3,24.4,"Lower",1,"Yes",0,"No",3192,"Third",32.3,32.8,32.7
7534,25.9,6,"Dubai",30.3,36.3,"Lower",0,"No",0,"No",3882,"First",28,26.3,31.6
7535,39.4,26,"Abu Dhabi",32.4,25.1,"Lower",0,"No",0,"No",2934,"Second",33.4,30.7,30.9
7536,44,14,"Abu Dhabi",30.4,28.3,"Lower",0,"No",1,"Yes",2762,"Second",32.7,31.5,30
7537,20.7,7,"Sharjah",34.2,15.3,"Lower",0,"No",0,"No",2705,"First",33.6,34.9,36.1
7538,21.9,23,"Dubai",31.7,22.7,"Lower",0,"No",0,"No",3775,"Second",33.3,32.5,34.7
7539,19.8,17,"Abu Dhabi",28.3,28.3,"Lower",0,"No",0,"No",2277,"Second",29.4,28.7,27.6
7540,26.8,13,"Abu Dhabi",33.4,18,"Lower",0,"No",0,"No",2539,"First",32.4,33.6,34
7541,19.1,17,"Abu Dhabi",26.5,27.3,"Lower",0,"No",0,"No",3763,"Second",29.9,25.7,24.3
7542,30.5,32,"Abu Dhabi",35.3,37.2,"High",0,"No",0,"No",3510,"Third",35.5,34.7,36.4
7543,28.3,25,"Abu Dhabi",33.5,24,"Lower",0,"No",0,"No",3015,"Second",32.8,33,34
7544,21.3,23,"Abu Dhabi",32.3,21.2,"Lower",0,"No",1,"Yes",3319,"Second",31.3,32.5,31.6
7545,25.4,36,"Sharjah",32.3,17.5,"Lower",1,"Yes",0,"No",2913,"Third",29.4,32.1,32.3
7546,37.4,28,"Dubai",28.1,33.6,"Lower",0,"No",0,"No",3443,"Third",27.4,29,26.6
7547,40.9,25,"Dubai",34.3,19.8,"Lower",0,"No",0,"No",4138,"Second",35.1,36.8,36.2
7548,32.9,27,"Dubai",30.2,32.9,"Lower",1,"Yes",0,"No",3756,"Second",31,30.1,29.7
7549,42.1,29,"Abu Dhabi",26.9,36.2,"Lower",0,"No",0,"No",3568,"Third",24.7,27.9,28.5
7550,26.9,37,"Abu Dhabi",33,36.1,"Lower",0,"No",0,"No",3085,"Third",32.7,32.1,34.5
7551,22.9,23,"Sharjah",28.2,39.2,"Lower",0,"No",0,"No",3272,"Second",28.9,27.8,26.1
7552,19.2,12,"Abu Dhabi",31.4,22.2,"Lower",0,"No",0,"No",3530,"First",30.8,30.9,31.3
7553,30.5,13,"Dubai",34,43.8,"Lower",0,"No",0,"No",3635,"First",34.2,30.8,37.2
7554,41.3,16,"Dubai",31.5,34.8,"Lower",0,"No",0,"No",3089,"Second",32.5,31.4,31.1
7555,18.1,10,"Abu Dhabi",31.2,26.9,"Lower",0,"No",1,"Yes",3523,"First",30.8,31.5,32.3
7556,21.1,4,"Abu Dhabi",28.2,33.4,"Lower",0,"No",0,"No",3683,"First",29.6,27.4,28.8
7557,21.8,17,"Abu Dhabi",36.9,24.2,"High",0,"No",0,"No",3870,"Second",39.5,33.4,36.1
7558,33.6,31,"Abu Dhabi",32.3,25.3,"Lower",0,"No",0,"No",2588,"Third",33.2,32.5,32.7
7559,43.7,12,"Abu Dhabi",37.6,32.6,"High",0,"No",0,"No",3691,"First",37.6,37.2,35.6
7560,28,9,"Abu Dhabi",34.7,32.6,"Lower",0,"No",0,"No",2927,"First",34.7,33.2,35.8
7561,35.5,14,"Abu Dhabi",28.3,32.9,"Lower",0,"No",0,"No",3170,"Second",29,26.1,27.8
7562,43.6,40,"Abu Dhabi",25.9,30.6,"Lower",0,"No",0,"No",3386,"Third",25.2,24.5,24.4
7563,29.8,26,"Abu Dhabi",26.9,35.5,"Lower",0,"No",0,"No",3055,"Second",28.8,27.6,27.9
7564,25.5,7,"Dubai",34.9,20.4,"Lower",0,"No",0,"No",2884,"First",33.3,36.6,33.8
7565,25.7,40,"Dubai",33.4,35.9,"Lower",0,"No",0,"No",2551,"Third",34,34,32.8
7566,41.8,39,"Dubai",33.5,27.3,"Lower",0,"No",0,"No",3384,"Third",37.3,30.5,32.4
7567,22.4,23,"Sharjah",32.6,22.8,"Lower",0,"No",0,"No",3045,"Second",33.6,33.8,33
7568,40.4,17,"Dubai",32,19.5,"Lower",0,"No",0,"No",4343,"Second",30.9,30.8,30.5
7569,24.5,21,"Sharjah",32.2,28.8,"Lower",0,"No",0,"No",3124,"Second",31.6,33.5,33.1
7570,26.7,20,"Dubai",30.4,36.7,"Lower",0,"No",0,"No",2907,"Second",31.9,31.8,30.5
7571,38,28,"Dubai",35.5,11.5,"High",0,"No",0,"No",3387,"Third",36.6,35.4,36.8
7572,43.2,18,"Abu Dhabi",38.9,31.3,"High",0,"No",0,"No",2862,"Second",38,37.6,37.4
7573,34.9,10,"Abu Dhabi",30.5,32.2,"Lower",0,"No",0,"No",3417,"First",29.6,29.3,31.4
7574,30.5,29,"Sharjah",36.1,29.6,"High",0,"No",0,"No",2697,"Third",37.6,36.1,36.2
7575,44.6,27,"Sharjah",27.4,37.7,"Lower",0,"No",0,"No",3515,"Second",31.3,26.3,26.6
7576,20.6,5,"Abu Dhabi",32.4,27.1,"Lower",0,"No",0,"No",3115,"First",30.6,31.6,33.7
7577,30.9,39,"Dubai",37.5,25.7,"High",0,"No",0,"No",2831,"Third",34.7,37.4,37.6
7578,24.2,32,"Dubai",35.5,34.2,"High",0,"No",0,"No",3434,"Third",32.2,35,35.4
7579,36.3,11,"Abu Dhabi",32.7,26.4,"Lower",0,"No",0,"No",3111,"First",33.9,34.4,32.8
7580,41.9,38,"Dubai",33.9,20.9,"Lower",0,"No",0,"No",3299,"Third",37.2,35.4,31.9
7581,24.7,28,"Dubai",28.4,27.3,"Lower",0,"No",0,"No",3086,"Third",27.3,29.1,26
7582,24.1,22,"Dubai",29.4,42.5,"Lower",0,"No",0,"No",2823,"Second",28.5,31.6,29.3
7583,28.6,24,"Sharjah",33.6,32.8,"Lower",0,"No",0,"No",3028,"Second",37,35.5,30.5
7584,25.3,31,"Dubai",36.5,26.5,"High",0,"No",0,"No",2819,"Third",34.9,35.2,37.8
7585,37.1,28,"Dubai",30.3,29.5,"Lower",0,"No",0,"No",2524,"Third",28.8,28.5,32.8
7586,40.5,29,"Dubai",34.7,42.2,"Lower",0,"No",0,"No",2636,"Third",33.9,34.4,35.6
7587,41.9,11,"Abu Dhabi",29.2,20.2,"Lower",0,"No",0,"No",3876,"First",31.4,27.6,30.9
7588,30.3,38,"Abu Dhabi",28.5,37.1,"Lower",0,"No",0,"No",2806,"Third",28.8,28.5,29.8
7589,44.3,5,"Sharjah",36.7,34.4,"High",0,"No",1,"Yes",2889,"First",36.3,35.2,38.7
7590,22.4,11,"Dubai",32.3,23.7,"Lower",0,"No",0,"No",3468,"First",31.9,29.6,32.1
7591,27.9,22,"Dubai",35.5,35.9,"High",0,"No",0,"No",3501,"Second",34.4,35.1,35
7592,32.1,23,"Sharjah",35,37.6,"High",0,"No",0,"No",3405,"Second",36.8,37,36.6
7593,22,26,"Dubai",33.6,45.2,"Lower",0,"No",0,"No",2836,"Second",34.2,36.3,34.4
7594,21.1,40,"Sharjah",32.9,21.9,"Lower",0,"No",0,"No",3214,"Third",29.5,33,31.5
7595,26.9,37,"Dubai",25,27.1,"Lower",0,"No",0,"No",4218,"Third",23.9,25.1,24.7
7596,20.2,4,"Abu Dhabi",29.9,36.9,"Lower",0,"No",0,"No",3807,"First",28.9,28.8,30.8
7597,41.9,24,"Abu Dhabi",29.4,39.5,"Lower",0,"No",0,"No",3386,"Second",29.1,27.8,30.2
7598,39.1,20,"Abu Dhabi",40.5,35.8,"High",0,"No",0,"No",3388,"Second",39.1,41.7,42.4
7599,38.7,19,"Dubai",34,30,"Lower",0,"No",0,"No",3063,"Second",34.4,32.9,34.3
7600,36.5,27,"Abu Dhabi",34.6,29.3,"Lower",1,"Yes",1,"Yes",3217,"Second",33.7,35.6,33.3
7601,31.8,12,"Dubai",30.1,30.2,"Lower",0,"No",0,"No",3864,"First",32.2,28.3,29.8
7602,33.4,29,"Dubai",32.9,40.6,"Lower",1,"Yes",0,"No",2512,"Third",33.1,34.8,32.1
7603,42.2,37,"Sharjah",36.1,35.4,"High",0,"No",0,"No",3142,"Third",34.6,36.7,39.1
7604,18.7,7,"Dubai",35.7,28.5,"High",0,"No",0,"No",2551,"First",34.6,35,35.8
7605,32,30,"Abu Dhabi",27.4,18.3,"Lower",0,"No",0,"No",4203,"Third",28.9,26.2,27.6
7606,26,37,"Sharjah",29.5,24,"Lower",0,"No",0,"No",3715,"Third",30.2,29.2,29
7607,44.2,4,"Dubai",34.3,29.1,"Lower",0,"No",0,"No",3231,"First",33.1,33.9,33.5
7608,43.2,20,"Dubai",33.9,38.4,"Lower",0,"No",1,"Yes",3373,"Second",33.2,32.8,34.8
7609,21.2,6,"Dubai",34.1,26.8,"Lower",0,"No",0,"No",3087,"First",32.7,33.4,34
7610,27.7,19,"Dubai",32.6,26.6,"Lower",0,"No",0,"No",2897,"Second",32,32,34.3
7611,29.9,30,"Dubai",32.1,33.2,"Lower",0,"No",0,"No",2758,"Third",30.8,33.1,32.2
7612,26,4,"Dubai",32.7,21.5,"Lower",0,"No",0,"No",3698,"First",31.1,33.1,31.9
7613,34.8,25,"Sharjah",28.8,16.2,"Lower",0,"No",0,"No",4011,"Second",29.8,29.3,29.8
7614,33.1,29,"Sharjah",34.4,26.3,"Lower",0,"No",0,"No",2385,"Third",33.5,35.5,31.7
7615,37.5,37,"Dubai",31.3,35,"Lower",0,"No",0,"No",2843,"Third",32.9,29,30.7
7616,28.5,23,"Dubai",28.1,30,"Lower",0,"No",0,"No",2653,"Second",30.6,29.9,29.7
7617,43.5,23,"Sharjah",31.6,28.3,"Lower",0,"No",0,"No",2922,"Second",32.2,31.9,33
7618,40.9,10,"Abu Dhabi",35.3,42.6,"High",0,"No",0,"No",2435,"First",36,37.2,34.8
7619,29,7,"Abu Dhabi",31,31.4,"Lower",0,"No",1,"Yes",3788,"First",29.8,33.1,30.8
7620,20,26,"Abu Dhabi",33,23.7,"Lower",0,"No",0,"No",2365,"Second",31.5,30,32.1
7621,34.7,34,"Sharjah",30.5,19.7,"Lower",0,"No",0,"No",3381,"Third",31.9,31.9,30.3
7622,36,26,"Sharjah",30.5,28,"Lower",0,"No",0,"No",2563,"Second",31.9,30,32.8
7623,39.8,8,"Abu Dhabi",34.2,42.7,"Lower",0,"No",0,"No",2603,"First",34.4,35.9,35.5
7624,40,6,"Dubai",30.3,32.4,"Lower",0,"No",0,"No",2544,"First",29.4,29.9,29.4
7625,23,14,"Dubai",31.4,27.2,"Lower",0,"No",0,"No",3719,"Second",29.7,30.7,29.4
7626,25.9,26,"Abu Dhabi",31.9,34.1,"Lower",0,"No",0,"No",2698,"Second",33.7,32.2,32.8
7627,20.7,32,"Abu Dhabi",28.5,30.6,"Lower",0,"No",0,"No",3769,"Third",29.1,30.1,25.5
7628,24.3,25,"Dubai",35.9,49.1,"High",0,"No",0,"No",3059,"Second",35,33.3,37.9
7629,20.4,37,"Abu Dhabi",30.4,33.7,"Lower",0,"No",0,"No",2728,"Third",29.4,32.4,29.1
7630,18.5,20,"Abu Dhabi",30.8,30.3,"Lower",0,"No",0,"No",2898,"Second",30.6,31.4,30.7
7631,37.6,4,"Sharjah",31.7,36.6,"Lower",0,"No",0,"No",3029,"First",29.8,35.3,34.1
7632,29.4,26,"Dubai",35.8,31.7,"High",0,"No",0,"No",3119,"Second",38.9,34.8,36.3
7633,26.1,31,"Abu Dhabi",32.7,17.2,"Lower",0,"No",1,"Yes",2720,"Third",31.5,32.2,31.9
7634,20.1,20,"Dubai",35.9,40.7,"High",0,"No",1,"Yes",3353,"Second",35.8,37.3,38
7635,27.1,21,"Dubai",33.5,16.7,"Lower",0,"No",0,"No",3066,"Second",30.6,35.8,35.2
7636,25.1,8,"Dubai",33.2,35.8,"Lower",0,"No",0,"No",2542,"First",33.4,33.5,31.8
7637,24.3,31,"Sharjah",30.8,20.8,"Lower",0,"No",0,"No",2475,"Third",31.6,30.3,32.3
7638,21.8,6,"Sharjah",32.1,29.7,"Lower",0,"No",0,"No",2895,"First",31.2,32.4,32.8
7639,37.6,25,"Abu Dhabi",29.8,21.5,"Lower",0,"No",0,"No",2862,"Second",27.8,29.1,30.6
7640,20.1,6,"Dubai",25.9,36.4,"Lower",0,"No",0,"No",3645,"First",29.4,26.5,27
7641,29.4,35,"Sharjah",32.1,21.8,"Lower",0,"No",0,"No",3722,"Third",32.1,32.2,31
7642,22.2,20,"Dubai",28.5,18.1,"Lower",0,"No",0,"No",3283,"Second",27.1,28.5,27.4
7643,24.4,35,"Dubai",28,21,"Lower",0,"No",0,"No",3698,"Third",28,25.6,26.4
7644,28.6,12,"Sharjah",26.8,19.6,"Lower",0,"No",0,"No",3754,"First",26.8,29.7,26.3
7645,42.4,7,"Dubai",33.2,36.5,"Lower",0,"No",0,"No",4011,"First",34.9,32.8,31.7
7646,41.1,16,"Dubai",33.2,48.5,"Lower",1,"Yes",0,"No",2068,"Second",33.5,33.5,34.2
7647,33.3,26,"Sharjah",34.5,39.3,"Lower",1,"Yes",0,"No",2680,"Second",37.3,33.5,31.5
7648,37.7,36,"Sharjah",29.7,28.5,"Lower",0,"No",0,"No",2945,"Third",30.8,29.4,30
7649,30.4,12,"Abu Dhabi",32.3,46.3,"Lower",0,"No",0,"No",3381,"First",32.2,34.4,32.9
7650,21,4,"Abu Dhabi",30.6,23.1,"Lower",0,"No",0,"No",3799,"First",28.2,30.3,31.7
7651,25.1,27,"Dubai",38,33,"High",0,"No",0,"No",2499,"Second",39.9,40.9,39.1
7652,30.8,5,"Abu Dhabi",33.9,18.5,"Lower",0,"No",0,"No",3515,"First",32.4,34.7,35
7653,44.9,39,"Abu Dhabi",30.4,29.7,"Lower",0,"No",0,"No",3718,"Third",28.7,32.2,29.5
7654,34.7,9,"Dubai",33.7,19.2,"Lower",0,"No",0,"No",2800,"First",34.2,36.9,36
7655,30.7,21,"Dubai",32.8,19,"Lower",0,"No",0,"No",3445,"Second",33.1,34.7,33.1
7656,39.5,26,"Dubai",29.8,23.1,"Lower",0,"No",0,"No",3830,"Second",30.2,29.5,31.6
7657,38.6,34,"Abu Dhabi",31.1,20.1,"Lower",0,"No",0,"No",3112,"Third",32.3,32.7,29.4
7658,43.2,21,"Dubai",29.9,37.2,"Lower",0,"No",0,"No",2762,"Second",30.9,27,29.5
7659,31,12,"Dubai",35.2,28.5,"High",1,"Yes",0,"No",1708,"First",34.4,35,34.6
7660,33.7,32,"Dubai",32.1,22.8,"Lower",1,"Yes",0,"No",2101,"Third",29.7,32.4,32.5
7661,23.1,13,"Sharjah",37,38.2,"High",0,"No",1,"Yes",3055,"First",40,38.5,41.1
7662,21.3,19,"Dubai",31.6,29.1,"Lower",0,"No",0,"No",3525,"Second",30.2,32.5,31
7663,23.3,23,"Dubai",31.2,28.3,"Lower",0,"No",1,"Yes",3702,"Second",30,27.3,31.7
7664,24.2,7,"Sharjah",34.2,17.9,"Lower",0,"No",0,"No",2980,"First",33.2,34,35.1
7665,42.3,27,"Abu Dhabi",26.9,11.1,"Lower",0,"No",0,"No",3379,"Second",24.7,31.3,27.1
7666,39,15,"Abu Dhabi",28.2,27.1,"Lower",0,"No",0,"No",3622,"Second",29.1,28,29.3
7667,27.3,24,"Dubai",28.6,21.4,"Lower",0,"No",0,"No",3258,"Second",28.3,31.3,29.7
7668,40.6,9,"Sharjah",36.7,23.2,"High",0,"No",0,"No",2336,"First",34.3,36,37.7
7669,20.1,6,"Dubai",27.2,14.8,"Lower",0,"No",0,"No",3306,"First",25.8,24.2,27.3
7670,21.9,20,"Dubai",32.1,21.1,"Lower",0,"No",0,"No",2594,"Second",32.2,31.8,32.2
7671,31.9,11,"Abu Dhabi",35.3,29.4,"High",0,"No",1,"Yes",3401,"First",34.8,37.6,35.9
7672,27.6,27,"Sharjah",31.2,26.9,"Lower",0,"No",1,"Yes",3886,"Second",31.3,32.5,34
7673,33.6,31,"Dubai",32.6,31.3,"Lower",0,"No",0,"No",2569,"Third",31.8,35.3,34.7
7674,37.8,28,"Abu Dhabi",30.4,28.5,"Lower",0,"No",0,"No",3542,"Third",30.9,30.2,31
7675,22.7,18,"Dubai",35.8,19,"High",0,"No",0,"No",3073,"Second",35.5,34.2,35.7
7676,42.7,11,"Dubai",27.3,16.3,"Lower",0,"No",0,"No",4025,"First",30.4,26.3,28.8
7677,42.6,9,"Dubai",32.7,36.5,"Lower",0,"No",0,"No",2863,"First",31.6,33.6,31
7678,24.6,19,"Sharjah",30.1,26.8,"Lower",0,"No",0,"No",2763,"Second",32.7,30.4,32.9
7679,43.6,38,"Abu Dhabi",32,32,"Lower",0,"No",0,"No",3266,"Third",33.6,28.8,33.1
7680,23.2,6,"Dubai",31.5,30.4,"Lower",0,"No",0,"No",3434,"First",33.1,28.6,31
7681,39.4,7,"Abu Dhabi",37,24.4,"High",0,"No",0,"No",3652,"First",37.4,34.9,35.8
7682,29.3,32,"Abu Dhabi",32.4,24.2,"Lower",0,"No",0,"No",3437,"Third",32.6,31.9,32.7
7683,41.1,6,"Abu Dhabi",23.3,17.7,"Lower",0,"No",0,"No",3163,"First",24.4,24.2,22.8
7684,28.5,20,"Dubai",30.9,19.8,"Lower",0,"No",0,"No",3685,"Second",33.5,30.7,29.1
7685,20.9,8,"Abu Dhabi",32.7,32.1,"Lower",0,"No",0,"No",3198,"First",33.6,32.3,30.7
7686,23.6,24,"Dubai",31.3,31.8,"Lower",1,"Yes",0,"No",2943,"Second",31.7,31.7,30
7687,31.3,9,"Dubai",31.5,35.9,"Lower",0,"No",1,"Yes",3397,"First",30.7,30.2,32.7
7688,35.3,29,"Dubai",26.1,18.5,"Lower",0,"No",0,"No",2846,"Third",25.3,26.5,26.6
7689,44.5,13,"Dubai",31.7,16.9,"Lower",0,"No",0,"No",3675,"First",28.5,31.9,30.6
7690,37.3,32,"Dubai",35.8,25.5,"High",1,"Yes",0,"No",3220,"Third",36.7,34.4,36.7
7691,21.1,16,"Abu Dhabi",33.2,33.7,"Lower",0,"No",1,"Yes",2624,"Second",32.8,33,34.2
7692,35.9,33,"Sharjah",29.1,17.7,"Lower",0,"No",0,"No",2674,"Third",30.4,28.6,28.2
7693,33.8,30,"Dubai",36.7,30.1,"High",0,"No",0,"No",3002,"Third",37.6,36.7,37.6
7694,36.8,16,"Abu Dhabi",33.6,23.7,"Lower",0,"No",0,"No",2915,"Second",32,33.9,34.3
7695,22.4,32,"Sharjah",29.6,40.5,"Lower",0,"No",0,"No",3501,"Third",31.3,31.6,31
7696,39.1,5,"Dubai",36,28.1,"High",0,"No",0,"No",2713,"First",34.4,36.8,38.1
7697,37,28,"Dubai",31.6,35.3,"Lower",0,"No",0,"No",3364,"Third",32.7,32.4,32.9
7698,41.5,6,"Sharjah",29,31.7,"Lower",1,"Yes",0,"No",3862,"First",27.7,31,28.8
7699,43.1,5,"Abu Dhabi",32.8,45.7,"Lower",0,"No",0,"No",3650,"First",30.6,33.1,33.8
7700,24.4,35,"Abu Dhabi",31.7,25.4,"Lower",0,"No",0,"No",2491,"Third",32.9,32.6,31.9
7701,26,38,"Sharjah",33.8,32.6,"Lower",0,"No",0,"No",2457,"Third",36.5,35.6,34.7
7702,30,16,"Dubai",27.5,40.5,"Lower",0,"No",0,"No",4114,"Second",29.3,25,27.1
7703,36.4,31,"Abu Dhabi",34.5,25.8,"Lower",0,"No",0,"No",2413,"Third",33.8,36.5,34.8
7704,37.6,20,"Abu Dhabi",31.3,26.6,"Lower",0,"No",1,"Yes",3168,"Second",34,31,29.7
7705,19.8,9,"Sharjah",30.3,26.4,"Lower",0,"No",1,"Yes",3130,"First",32.5,32.3,30.4
7706,25.9,36,"Abu Dhabi",35.4,24,"High",0,"No",0,"No",3299,"Third",35.4,36.9,37.8
7707,25.5,32,"Abu Dhabi",32.4,21.2,"Lower",0,"No",0,"No",2490,"Third",31.1,30.8,33.9
7708,30.4,7,"Dubai",34,37.1,"Lower",0,"No",0,"No",2899,"First",35.7,34,31.6
7709,38.1,11,"Dubai",30.8,30.7,"Lower",0,"No",0,"No",3417,"First",29.5,30,31.5
7710,34.8,6,"Dubai",25.6,24,"Lower",0,"No",0,"No",4130,"First",27.3,26.2,26.1
7711,38.4,36,"Abu Dhabi",36.2,31.7,"High",0,"No",0,"No",3179,"Third",37.1,35.9,38.8
7712,42.8,19,"Dubai",34.7,34.3,"Lower",1,"Yes",0,"No",2600,"Second",33.8,33,33.5
7713,18.6,37,"Abu Dhabi",34.7,24.2,"Lower",0,"No",0,"No",2396,"Third",34.9,37,37.7
7714,42.1,34,"Abu Dhabi",35.7,15.7,"High",0,"No",0,"No",3450,"Third",36.8,37.6,36.3
7715,30.8,8,"Dubai",35.2,19.8,"High",0,"No",0,"No",3353,"First",36.6,37,34.8
7716,25.4,22,"Dubai",30.8,28.2,"Lower",0,"No",0,"No",3705,"Second",31.1,29.2,30.8
7717,24.2,27,"Abu Dhabi",36.2,29.2,"High",0,"No",0,"No",2924,"Second",35.3,35.1,37.8
7718,37.4,30,"Sharjah",30.6,29.2,"Lower",0,"No",0,"No",2610,"Third",33.7,31,33.6
7719,34.9,34,"Abu Dhabi",30.2,34.6,"Lower",0,"No",0,"No",3672,"Third",27.5,28.3,30.9
7720,41.1,22,"Abu Dhabi",36.2,50.9,"High",0,"No",0,"No",2579,"Second",34.8,37.4,35.2
7721,19.9,32,"Abu Dhabi",29.2,18,"Lower",0,"No",0,"No",3228,"Third",30,29,30.5
7722,22.9,13,"Abu Dhabi",36.8,20.7,"High",0,"No",0,"No",3124,"First",36.7,36.7,36.8
7723,23.3,18,"Dubai",32.7,22,"Lower",0,"No",0,"No",3097,"Second",32.5,33.3,30.6
7724,37.3,16,"Dubai",33.4,27.6,"Lower",0,"No",0,"No",2802,"Second",33.7,35.9,34.4
7725,34.3,15,"Abu Dhabi",31.5,25.1,"Lower",0,"No",0,"No",3346,"Second",34.2,30.9,28.8
7726,18.1,16,"Dubai",30.7,30.3,"Lower",0,"No",0,"No",3155,"Second",32.2,33.1,30.1
7727,25.4,40,"Abu Dhabi",29.9,37.6,"Lower",0,"No",0,"No",3508,"Third",31.3,29.5,28.8
7728,21.1,31,"Dubai",26.9,37.1,"Lower",0,"No",0,"No",3787,"Third",27.9,27,26.9
7729,20.1,6,"Dubai",28.5,21.4,"Lower",0,"No",1,"Yes",3793,"First",26.4,29,27.1
7730,34.9,11,"Abu Dhabi",34.3,28.8,"Lower",0,"No",0,"No",3135,"First",30.9,35.8,35.1
7731,28.6,5,"Sharjah",29.6,6.6,"Lower",0,"No",0,"No",3840,"First",28.8,29,30.5
7732,40.6,33,"Dubai",31.9,31,"Lower",0,"No",0,"No",3648,"Third",31.9,30.5,30.2
7733,39.9,28,"Dubai",31.4,34.8,"Lower",0,"No",0,"No",2466,"Third",30.3,31.4,30.9
7734,19.6,31,"Dubai",31.1,28,"Lower",0,"No",0,"No",2713,"Third",30.7,30.2,32
7735,27.3,24,"Dubai",29.9,35.9,"Lower",1,"Yes",0,"No",2853,"Second",31.2,29.3,28.3
7736,24.8,18,"Dubai",25.3,20,"Lower",0,"No",0,"No",3485,"Second",25,23,27.7
7737,38.4,32,"Dubai",24.9,15.2,"Lower",0,"No",0,"No",4005,"Third",25.3,24.6,24
7738,45,26,"Abu Dhabi",31.9,26.6,"Lower",0,"No",0,"No",3004,"Second",31.9,31.2,30.6
7739,30.6,33,"Abu Dhabi",29,25,"Lower",0,"No",0,"No",3789,"Third",30.8,29.4,29.8
7740,19.2,14,"Sharjah",30.5,23.5,"Lower",0,"No",0,"No",3771,"Second",31.2,31.5,32.1
7741,34,33,"Dubai",30.5,38.2,"Lower",0,"No",0,"No",3133,"Third",30.9,32.4,27.1
7742,42.3,18,"Dubai",32.5,28.6,"Lower",0,"No",0,"No",3241,"Second",32.2,35.4,32.5
7743,42.3,26,"Abu Dhabi",32.5,34.6,"Lower",0,"No",0,"No",2862,"Second",36,31.8,32
7744,35.1,11,"Abu Dhabi",33.6,37.5,"Lower",0,"No",0,"No",2200,"First",32.3,33.7,33.5
7745,38.6,7,"Dubai",30.5,33.2,"Lower",0,"No",0,"No",2407,"First",28.9,29.6,31.8
7746,39.8,31,"Sharjah",35.2,42.2,"High",0,"No",0,"No",2824,"Third",35.2,35.1,35.1
7747,29.5,39,"Abu Dhabi",29.2,23.2,"Lower",0,"No",1,"Yes",3069,"Third",26.9,31.2,30.7
7748,44.9,37,"Dubai",32.4,37.5,"Lower",1,"Yes",0,"No",2923,"Third",34.7,33.2,29.7
7749,22.5,16,"Sharjah",35.2,25.9,"High",0,"No",1,"Yes",2741,"Second",36.3,36,36.2
7750,34.7,16,"Dubai",36.2,22,"High",0,"No",0,"No",2174,"Second",33.3,36.6,40.5
7751,37.5,8,"Sharjah",31.8,42.2,"Lower",0,"No",0,"No",2716,"First",30.1,33.2,32.4
7752,33.4,31,"Dubai",30.3,27.9,"Lower",0,"No",0,"No",3599,"Third",29.3,31.7,28.3
7753,37.4,34,"Dubai",34.1,33.5,"Lower",0,"No",0,"No",3530,"Third",33.8,35.6,35.6
7754,31.8,36,"Sharjah",32.3,23.7,"Lower",0,"No",0,"No",3849,"Third",30.1,34.1,31.1
7755,36.1,13,"Dubai",31,36.9,"Lower",0,"No",0,"No",2634,"First",29.7,29.6,31
7756,35.1,38,"Abu Dhabi",34.4,33.7,"Lower",0,"No",0,"No",3303,"Third",35.2,33.7,36.4
7757,24.2,30,"Dubai",31.2,20.2,"Lower",0,"No",0,"No",3545,"Third",34,30.9,31
7758,35.4,24,"Sharjah",30.8,33.4,"Lower",0,"No",0,"No",3416,"Second",28.6,30.7,30.9
7759,36.8,39,"Dubai",36.2,19,"High",0,"No",0,"No",3547,"Third",34.7,35.8,35.9
7760,25.8,40,"Abu Dhabi",29.5,29.7,"Lower",0,"No",0,"No",3802,"Third",28.8,28.8,27.3
7761,40.3,38,"Dubai",33.5,27.3,"Lower",0,"No",0,"No",3290,"Third",34,37.1,32.1
7762,27.5,36,"Abu Dhabi",27.6,38,"Lower",0,"No",0,"No",3830,"Third",26.8,29.5,27.8
7763,24.8,4,"Dubai",31.9,36.5,"Lower",0,"No",0,"No",2948,"First",33.1,30.5,31.1
7764,25.5,30,"Dubai",34,22.9,"Lower",0,"No",0,"No",3611,"Third",36,34.2,35.8
7765,42.7,40,"Dubai",33.8,30.9,"Lower",0,"No",0,"No",3227,"Third",35.8,34.2,34.8
7766,26.8,15,"Abu Dhabi",33.1,31.3,"Lower",0,"No",0,"No",2742,"Second",31.5,31.5,31.6
7767,36.2,5,"Dubai",35.8,31.2,"High",0,"No",0,"No",3256,"First",34.9,34.5,35.9
7768,24.2,5,"Dubai",33.7,25.6,"Lower",0,"No",0,"No",2551,"First",32.5,33.6,32.7
7769,26.2,9,"Dubai",31.1,34.8,"Lower",0,"No",0,"No",2880,"First",27.3,34.3,32
7770,41.5,38,"Dubai",34,16.5,"Lower",0,"No",0,"No",3117,"Third",35.9,37.4,33.3
7771,27.3,33,"Sharjah",30,23.6,"Lower",0,"No",0,"No",2468,"Third",29.3,27.4,29.7
7772,43.8,33,"Abu Dhabi",37.4,42.1,"High",0,"No",0,"No",2985,"Third",39.4,39.2,37.8
7773,31.3,37,"Abu Dhabi",33.3,30.1,"Lower",0,"No",0,"No",2837,"Third",35.7,32,32.8
7774,30.3,23,"Sharjah",34.6,31.4,"Lower",1,"Yes",0,"No",2764,"Second",36.4,34.4,35.5
7775,39.4,27,"Abu Dhabi",31.4,29.5,"Lower",0,"No",0,"No",3996,"Second",32.6,30.6,31.5
7776,20.7,23,"Sharjah",31.6,25.2,"Lower",0,"No",0,"No",2221,"Second",33.1,33.8,33.4
7777,36.1,22,"Abu Dhabi",26.8,24,"Lower",0,"No",0,"No",3821,"Second",28.2,26.6,27.4
7778,23.4,14,"Abu Dhabi",29.3,21.7,"Lower",0,"No",0,"No",4049,"Second",32.2,28.8,29.8
7779,43.3,7,"Dubai",33.9,36,"Lower",0,"No",0,"No",3234,"First",34.4,35.4,34.3
7780,31.5,9,"Dubai",33.7,25,"Lower",0,"No",0,"No",2862,"First",33.1,32.2,33.8
7781,37,38,"Abu Dhabi",36,36.9,"High",0,"No",0,"No",3792,"Third",35.1,36.2,36.7
7782,18.6,21,"Sharjah",34.2,44.2,"Lower",0,"No",0,"No",3162,"Second",37.7,31.8,30.9
7783,20.4,35,"Sharjah",28.3,30.2,"Lower",0,"No",0,"No",3738,"Third",26.6,29.7,28.8
7784,22.2,35,"Abu Dhabi",27,27.6,"Lower",0,"No",0,"No",3715,"Third",25,29.3,26.7
7785,22.6,37,"Sharjah",28,21.8,"Lower",0,"No",0,"No",3119,"Third",30.5,28.7,27.8
7786,18.3,15,"Abu Dhabi",32.6,21.3,"Lower",0,"No",0,"No",3284,"Second",34.7,31.2,33.2
7787,43.7,40,"Sharjah",32.7,34.1,"Lower",0,"No",0,"No",2936,"Third",33,32.5,33.4
7788,38.5,18,"Abu Dhabi",32.7,27,"Lower",0,"No",0,"No",2891,"Second",31.7,30.8,30.4
7789,36.7,4,"Sharjah",38.3,39.3,"High",0,"No",0,"No",2618,"First",37.6,38.5,41.5
7790,44.7,36,"Sharjah",33.5,26.4,"Lower",0,"No",0,"No",2799,"Third",37.2,32.7,34.9
7791,42.9,19,"Dubai",36.1,44.8,"High",0,"No",0,"No",2804,"Second",33.4,36.3,36.9
7792,30.9,14,"Dubai",28.5,33.8,"Lower",0,"No",0,"No",3818,"Second",29.1,27.6,28.8
7793,35.6,4,"Sharjah",28.9,15.6,"Lower",0,"No",0,"No",3188,"First",30.7,31,28.2
7794,34.4,21,"Sharjah",34.7,34.4,"Lower",0,"No",0,"No",3237,"Second",34.9,36.3,37.6
7795,25.6,28,"Dubai",31,27.7,"Lower",0,"No",0,"No",3959,"Third",30,30.5,29.6
7796,29.7,14,"Dubai",34.4,32.8,"Lower",0,"No",0,"No",3078,"Second",33.6,37.1,33.7
7797,25.8,31,"Sharjah",29.5,22.8,"Lower",0,"No",0,"No",4312,"Third",29.5,28.4,28.7
7798,20.6,23,"Abu Dhabi",30.6,30.1,"Lower",0,"No",0,"No",2705,"Second",30,30.3,31
7799,29.4,4,"Sharjah",34.8,38.3,"Lower",0,"No",0,"No",3645,"First",35.9,34.4,35.5
7800,42.3,40,"Dubai",27.2,17.4,"Lower",0,"No",1,"Yes",3051,"Third",29.3,26.3,28.1
7801,21.3,35,"Abu Dhabi",31,25.4,"Lower",0,"No",0,"No",2719,"Third",32.3,31.2,29.4
7802,37.6,26,"Sharjah",30.9,36,"Lower",0,"No",0,"No",3334,"Second",33.4,31.4,29.6
7803,40.8,19,"Dubai",32.4,39.5,"Lower",1,"Yes",0,"No",2212,"Second",31.1,35.7,32.6
7804,24,32,"Dubai",27,34.5,"Lower",0,"No",0,"No",3511,"Third",26.5,26.9,28
7805,23.3,4,"Abu Dhabi",28.7,25.5,"Lower",0,"No",0,"No",4018,"First",25.4,29.3,26.5
7806,40.9,5,"Abu Dhabi",29.9,15,"Lower",0,"No",0,"No",3846,"First",32.3,32,30.1
7807,41.6,32,"Sharjah",35.1,22.9,"High",0,"No",0,"No",3447,"Third",34.3,35.9,37.9
7808,38.2,6,"Sharjah",29,23.2,"Lower",0,"No",0,"No",3800,"First",27.7,30.6,27.7
7809,43.4,38,"Dubai",27.7,22.2,"Lower",0,"No",0,"No",3424,"Third",29.7,28.2,25.7
7810,32.7,19,"Abu Dhabi",22.6,28.8,"Lower",0,"No",0,"No",4090,"Second",21,24.7,22
7811,38,10,"Dubai",31.4,35,"Lower",0,"No",1,"Yes",3511,"First",29.3,32.2,32.2
7812,22.9,35,"Dubai",33.4,29.9,"Lower",1,"Yes",0,"No",2704,"Third",33.5,34.5,35.7
7813,26.6,20,"Abu Dhabi",37.2,38.9,"High",0,"No",0,"No",3361,"Second",36.7,36.8,37.2
7814,33.4,9,"Dubai",31.2,14.7,"Lower",0,"No",0,"No",3074,"First",32.8,28.8,32.2
7815,18.1,32,"Abu Dhabi",31.3,34.5,"Lower",0,"No",0,"No",3320,"Third",30.7,31.8,32.9
7816,25.6,31,"Abu Dhabi",34.5,18.9,"Lower",0,"No",0,"No",3552,"Third",31.8,35,36.6
7817,30.4,7,"Dubai",33.3,24.2,"Lower",0,"No",0,"No",3449,"First",35.7,34.3,33.9
7818,31.4,23,"Abu Dhabi",33.3,30.2,"Lower",0,"No",0,"No",3035,"Second",31.7,34.8,34.4
7819,37,7,"Sharjah",32.4,9.9,"Lower",0,"No",0,"No",4342,"First",33.3,34.1,30.9
7820,25.3,17,"Abu Dhabi",34.9,24,"Lower",0,"No",0,"No",3402,"Second",34.1,36,35.3
7821,40.4,5,"Abu Dhabi",33.1,32.3,"Lower",0,"No",1,"Yes",2751,"First",34.3,32.1,36.1
7822,25.8,19,"Sharjah",26.2,26.1,"Lower",0,"No",0,"No",3028,"Second",26.6,23.8,28.3
7823,42.4,21,"Dubai",32.2,27.4,"Lower",1,"Yes",1,"Yes",2947,"Second",30.3,33.7,30.6
7824,20.2,10,"Dubai",31.8,38.2,"Lower",0,"No",0,"No",2214,"First",32.5,34.1,31.7
7825,42.6,24,"Abu Dhabi",32.7,35.3,"Lower",0,"No",1,"Yes",3352,"Second",35.5,31.9,33.1
7826,25.1,28,"Dubai",34.4,27.5,"Lower",0,"No",0,"No",3111,"Third",36.9,33.8,36.4
7827,42,7,"Abu Dhabi",32.1,33.7,"Lower",0,"No",0,"No",2632,"First",32,32.6,33.5
7828,29.1,38,"Dubai",31.5,28.8,"Lower",0,"No",0,"No",3213,"Third",34.2,33.8,33.4
7829,34.8,30,"Sharjah",32.5,30.9,"Lower",0,"No",0,"No",3394,"Third",34.5,33.9,32.9
7830,36.1,10,"Abu Dhabi",28.2,25.1,"Lower",0,"No",0,"No",3136,"First",27.5,28.6,27.7
7831,42.1,6,"Sharjah",31.1,25.2,"Lower",0,"No",0,"No",3525,"First",30.9,30.7,31.2
7832,24.2,17,"Dubai",42.9,46.6,"High",0,"No",0,"No",2703,"Second",44,41.8,40.8
7833,23.5,37,"Abu Dhabi",30.5,29,"Lower",0,"No",0,"No",3313,"Third",29.9,29.7,31.5
7834,38.6,8,"Dubai",32,20.9,"Lower",0,"No",0,"No",3670,"First",33.9,33.6,33.5
7835,32.6,32,"Dubai",30.7,23.1,"Lower",0,"No",0,"No",3929,"Third",28.5,28.9,30.7
7836,18.4,6,"Dubai",28.2,23.4,"Lower",0,"No",0,"No",3632,"First",29,29.3,29.2
7837,36,28,"Abu Dhabi",28.6,21.5,"Lower",0,"No",0,"No",3357,"Third",31.2,28.4,28.4
7838,26.1,22,"Abu Dhabi",34.7,27.4,"Lower",0,"No",0,"No",2693,"Second",37.2,35.5,34.6
7839,37.1,28,"Abu Dhabi",34.5,23.7,"Lower",0,"No",0,"No",2397,"Third",35.7,36.4,34.6
7840,40.8,30,"Abu Dhabi",29.1,41.4,"Lower",0,"No",0,"No",2339,"Third",27.8,28,30.3
7841,29.3,17,"Dubai",30.3,38.5,"Lower",0,"No",0,"No",2713,"Second",30.7,33.8,30.7
7842,39.1,27,"Abu Dhabi",31.7,40,"Lower",0,"No",0,"No",3373,"Second",31.1,32.6,31.3
7843,40.1,16,"Dubai",27.8,36.9,"Lower",0,"No",0,"No",3690,"Second",27.2,27.9,27
7844,42.1,37,"Abu Dhabi",36.1,28.6,"High",0,"No",0,"No",2591,"Third",34.1,33.6,37.3
7845,33.6,8,"Abu Dhabi",27.4,46.5,"Lower",0,"No",0,"No",2388,"First",28.7,28.4,25.5
7846,33.1,31,"Abu Dhabi",35.1,22.2,"High",1,"Yes",0,"No",3404,"Third",36.7,36.1,32.9
7847,25.1,19,"Abu Dhabi",32,14.3,"Lower",0,"No",0,"No",3065,"Second",30.8,29.8,30.6
7848,33.7,12,"Sharjah",30.3,27.1,"Lower",1,"Yes",0,"No",2614,"First",28.8,29.2,30.4
7849,44.1,35,"Abu Dhabi",27.7,44.6,"Lower",0,"No",0,"No",3031,"Third",27.2,28.4,26.5
7850,28.9,20,"Dubai",32.1,18.8,"Lower",0,"No",0,"No",2968,"Second",34.8,32.2,31.6
7851,27.4,5,"Dubai",27.8,33.2,"Lower",0,"No",0,"No",4004,"First",27.9,27.2,28.9
7852,24.4,17,"Sharjah",31.6,21,"Lower",0,"No",0,"No",3853,"Second",31.6,32.1,32.3
7853,28.9,21,"Abu Dhabi",32.3,45,"Lower",0,"No",0,"No",3099,"Second",32.1,30.7,30.6
7854,20.8,22,"Sharjah",30.2,41.8,"Lower",0,"No",0,"No",3510,"Second",26,32.5,28.8
7855,39.4,4,"Sharjah",29.6,40.9,"Lower",0,"No",0,"No",3160,"First",29.8,28.4,30.4
7856,32.2,8,"Abu Dhabi",37.7,18.4,"High",0,"No",0,"No",2879,"First",37.5,38.8,36.3
7857,29.5,33,"Abu Dhabi",36.2,37.2,"High",1,"Yes",1,"Yes",2990,"Third",38.3,36.4,34.4
7858,23.8,19,"Dubai",35.5,24.7,"High",0,"No",0,"No",2860,"Second",33.3,33.8,34.7
7859,24.9,31,"Dubai",35.4,37.7,"High",0,"No",0,"No",3565,"Third",34.9,35.6,36.3
7860,23.7,15,"Abu Dhabi",28.8,28.9,"Lower",0,"No",0,"No",3290,"Second",28.8,29.1,31.2
7861,44.6,34,"Sharjah",29.4,43.7,"Lower",0,"No",0,"No",3755,"Third",30.8,30.3,28.8
7862,24.9,37,"Dubai",28.4,31.4,"Lower",0,"No",0,"No",3451,"Third",27.3,28.4,30
7863,39,32,"Abu Dhabi",31.3,29.6,"Lower",0,"No",0,"No",2787,"Third",29,29.8,30.4
7864,20,11,"Abu Dhabi",33.8,30.2,"Lower",0,"No",0,"No",3043,"First",32.1,33.8,33.7
7865,23.9,12,"Sharjah",33.8,32.1,"Lower",0,"No",0,"No",3441,"First",34.2,33.5,35
7866,43.1,32,"Abu Dhabi",37,23,"High",0,"No",0,"No",2813,"Third",37.5,40.2,36
7867,26.4,38,"Dubai",27.1,12.2,"Lower",0,"No",0,"No",3385,"Third",27.8,28.3,28.4
7868,37.4,20,"Abu Dhabi",31.1,24.4,"Lower",0,"No",0,"No",2976,"Second",28.7,29.8,32.5
7869,34.7,5,"Dubai",30.2,36.8,"Lower",0,"No",0,"No",3295,"First",29.6,28.6,30.9
7870,31,31,"Dubai",32.8,25.1,"Lower",0,"No",0,"No",3350,"Third",33.1,32.8,31.4
7871,35.5,16,"Sharjah",30.8,16.1,"Lower",0,"No",0,"No",3260,"Second",31.2,30.6,33.6
7872,23.3,10,"Sharjah",36.3,29.4,"High",0,"No",0,"No",3601,"First",38.2,35.9,36.3
7873,25.2,5,"Dubai",35.7,48.4,"High",0,"No",0,"No",2682,"First",35.9,35.4,32
7874,22,7,"Dubai",32.1,23.8,"Lower",1,"Yes",0,"No",2797,"First",33.6,30.8,30.8
7875,34.7,28,"Abu Dhabi",34.9,36.8,"Lower",0,"No",0,"No",2726,"Third",36.2,36.6,36.5
7876,27.7,36,"Dubai",31.6,33,"Lower",0,"No",0,"No",3501,"Third",29.9,32.3,29.4
7877,19.3,23,"Sharjah",31.1,25.8,"Lower",0,"No",0,"No",2547,"Second",31.8,32.5,31.1
7878,31.8,29,"Dubai",33.6,23.9,"Lower",0,"No",0,"No",2388,"Third",34.2,31.5,34
7879,28.2,33,"Abu Dhabi",37.3,32.9,"High",0,"No",0,"No",2696,"Third",37.8,39.6,36.5
7880,33.4,30,"Dubai",34.5,25,"Lower",0,"No",0,"No",2898,"Third",34.7,32.2,32.9
7881,23.1,24,"Dubai",29,37.8,"Lower",0,"No",0,"No",2296,"Second",29.2,30.4,27.7
7882,44.8,17,"Sharjah",31.9,39.1,"Lower",0,"No",0,"No",2202,"Second",33.6,31.1,32.5
7883,26.7,18,"Abu Dhabi",31.5,34.3,"Lower",0,"No",0,"No",2541,"Second",32.1,34.2,32.6
7884,21.7,19,"Sharjah",26.1,25.1,"Lower",0,"No",0,"No",3391,"Second",27.1,26.2,26.3
7885,36.5,20,"Sharjah",33.5,42.4,"Lower",0,"No",0,"No",2167,"Second",31.9,32.9,31.2
7886,27,9,"Sharjah",31.1,42.9,"Lower",0,"No",0,"No",2892,"First",30.7,31.7,33.2
7887,43.4,23,"Abu Dhabi",29.7,21.2,"Lower",0,"No",0,"No",2945,"Second",30.4,31.8,28.9
7888,29,25,"Abu Dhabi",28.2,30.7,"Lower",0,"No",0,"No",3517,"Second",29.3,30.2,28.2
7889,35.3,15,"Abu Dhabi",28.5,26.9,"Lower",0,"No",0,"No",2634,"Second",26.6,29,25.2
7890,39.3,10,"Abu Dhabi",29.6,34.6,"Lower",0,"No",0,"No",2981,"First",28.4,28.4,28.3
7891,36.2,18,"Dubai",32,40.3,"Lower",0,"No",0,"No",2806,"Second",31.1,32,31.4
7892,35.2,6,"Abu Dhabi",28.6,21.7,"Lower",0,"No",0,"No",3831,"First",28.4,28.3,29.6
7893,25,6,"Sharjah",31,22.9,"Lower",1,"Yes",0,"No",3374,"First",31.8,32,32.8
7894,33.4,28,"Dubai",30.8,36.5,"Lower",0,"No",0,"No",3207,"Third",31.9,30.6,30.7
7895,38.9,23,"Dubai",31.8,22.7,"Lower",0,"No",0,"No",3498,"Second",32,30.8,32.9
7896,26.9,26,"Dubai",29.5,28.7,"Lower",0,"No",0,"No",3331,"Second",30.8,30.2,29.5
7897,37.5,17,"Abu Dhabi",32.3,12.5,"Lower",0,"No",0,"No",2614,"Second",32.1,31.2,31
7898,25.9,8,"Abu Dhabi",32.4,15.9,"Lower",0,"No",0,"No",3589,"First",32.3,32.1,33.2
7899,39.3,40,"Abu Dhabi",31.5,45.1,"Lower",0,"No",0,"No",2802,"Third",32.2,32.1,31.4
7900,35.1,17,"Sharjah",30,29.1,"Lower",0,"No",0,"No",3578,"Second",29.8,34.2,30.2
7901,20.4,11,"Abu Dhabi",28.9,28.5,"Lower",0,"No",1,"Yes",3317,"First",26.6,30.1,28.3
7902,35.6,9,"Dubai",37.6,35.6,"High",0,"No",0,"No",2634,"First",36.7,36.4,38.3
7903,28.7,12,"Dubai",29.8,32.8,"Lower",1,"Yes",0,"No",2691,"First",30.4,29.4,30.2
7904,42.7,4,"Dubai",28.4,19.6,"Lower",0,"No",0,"No",3342,"First",27.4,27.3,28.9
7905,26.4,21,"Abu Dhabi",31.5,17.4,"Lower",0,"No",0,"No",3530,"Second",34.1,34,32.4
7906,23.6,28,"Abu Dhabi",27.5,19.1,"Lower",0,"No",0,"No",2993,"Third",30.2,26.9,26.8
7907,19,30,"Abu Dhabi",36,29.3,"High",0,"No",0,"No",2282,"Third",35,36.9,38.3
7908,22.5,30,"Dubai",31.4,38.3,"Lower",0,"No",0,"No",3778,"Third",31.7,30.1,33.5
7909,31.1,10,"Sharjah",31.5,35.6,"Lower",0,"No",0,"No",3497,"First",32.8,31.9,30.6
7910,18.9,5,"Dubai",38.8,27,"High",0,"No",0,"No",3404,"First",40.5,38.4,38.4
7911,23.9,15,"Sharjah",31.8,30.6,"Lower",1,"Yes",1,"Yes",3912,"Second",29.9,33.1,33.3
7912,42.3,11,"Dubai",36.3,34,"High",0,"No",0,"No",3086,"First",39.4,37.2,36.9
7913,23.2,24,"Abu Dhabi",36,38,"High",0,"No",0,"No",2623,"Second",34.2,36,35
7914,20.2,6,"Abu Dhabi",30.9,37.3,"Lower",0,"No",0,"No",2855,"First",30,31.9,29.6
7915,27.3,33,"Dubai",34.2,31.1,"Lower",1,"Yes",1,"Yes",3071,"Third",34.9,34.1,30.6
7916,41,40,"Dubai",32.1,15.9,"Lower",0,"No",0,"No",3973,"Third",32.7,32,31.9
7917,32.3,23,"Dubai",33.2,36.1,"Lower",0,"No",0,"No",3186,"Second",35.9,32.8,31.1
7918,42.4,21,"Dubai",29.7,43.5,"Lower",0,"No",0,"No",3546,"Second",28.2,31.9,30
7919,21,28,"Dubai",28.2,19.2,"Lower",0,"No",0,"No",3115,"Third",28.9,26.8,26.9
7920,37.1,12,"Sharjah",31.4,28.5,"Lower",0,"No",0,"No",2464,"First",30,31.6,32.2
7921,36.9,29,"Sharjah",28.3,23,"Lower",0,"No",0,"No",3189,"Third",27.3,31.5,27.7
7922,35.5,13,"Abu Dhabi",34.1,31.7,"Lower",0,"No",0,"No",4256,"First",34.1,33.3,36.7
7923,30.3,13,"Abu Dhabi",27.1,21.1,"Lower",0,"No",0,"No",2543,"First",24.1,27.2,27
7924,38.2,34,"Abu Dhabi",33.5,40,"Lower",0,"No",0,"No",2890,"Third",34.7,35.5,33.5
7925,43.5,34,"Dubai",31,36.3,"Lower",0,"No",0,"No",3195,"Third",30.1,34.1,32
7926,39.5,35,"Abu Dhabi",33.4,31.7,"Lower",0,"No",0,"No",3264,"Third",34.1,33.1,35.4
7927,33.1,34,"Dubai",32.3,34.4,"Lower",0,"No",0,"No",2908,"Third",30.7,31.1,33.7
7928,44.1,15,"Sharjah",35.2,34.7,"High",1,"Yes",0,"No",3579,"Second",36.6,34.7,35.6
7929,18.7,32,"Abu Dhabi",34.7,36.7,"Lower",1,"Yes",0,"No",3059,"Third",35.8,33.5,36.2
7930,43.6,39,"Sharjah",33.1,27.2,"Lower",0,"No",0,"No",3428,"Third",33.5,33.2,33.2
7931,33.3,22,"Sharjah",32.7,36.7,"Lower",0,"No",0,"No",3419,"Second",32.8,31.6,32.6
7932,19,14,"Abu Dhabi",26.3,32.4,"Lower",0,"No",0,"No",2701,"Second",25.8,24,25.2
7933,27,4,"Abu Dhabi",33.2,36.6,"Lower",1,"Yes",0,"No",2716,"First",37.6,32.4,31.9
7934,40.4,27,"Dubai",30.4,30.6,"Lower",0,"No",0,"No",3432,"Second",30.9,30,31.4
7935,19,28,"Abu Dhabi",30.9,34.6,"Lower",0,"No",0,"No",2816,"Third",32.6,30.8,30.5
7936,41.1,19,"Sharjah",33.5,33.3,"Lower",0,"No",0,"No",3840,"Second",35.3,33.7,35.1
7937,40,23,"Dubai",32.5,17.4,"Lower",0,"No",0,"No",3136,"Second",33.3,32.9,30.9
7938,20.5,29,"Abu Dhabi",34.1,40.7,"Lower",0,"No",0,"No",3206,"Third",34.6,33.4,33.6
7939,27.2,23,"Abu Dhabi",31,27,"Lower",0,"No",0,"No",3230,"Second",27.9,30.4,32.5
7940,42.4,27,"Dubai",33.6,24,"Lower",0,"No",0,"No",2850,"Second",32.3,31.7,31.1
7941,19.4,39,"Abu Dhabi",30.4,39.2,"Lower",0,"No",0,"No",2796,"Third",28.9,27.5,29.8
7942,43.6,5,"Abu Dhabi",35.3,39.9,"High",0,"No",0,"No",2514,"First",33.2,34.8,34.9
7943,35.1,14,"Abu Dhabi",30.9,32.1,"Lower",0,"No",0,"No",3319,"Second",31.9,32,30.2
7944,42.3,29,"Dubai",34.4,31.9,"Lower",0,"No",0,"No",2587,"Third",33.9,33.1,38
7945,36.6,9,"Dubai",32.4,17.7,"Lower",0,"No",0,"No",2906,"First",30.5,33.2,30.9
7946,26.6,22,"Abu Dhabi",30.3,22.9,"Lower",0,"No",0,"No",3450,"Second",32.6,28.4,31.2
7947,27,36,"Abu Dhabi",29.4,47.4,"Lower",0,"No",0,"No",2963,"Third",27.2,27.2,27.3
7948,31,35,"Dubai",28.6,20,"Lower",0,"No",1,"Yes",3744,"Third",26.7,27.1,28
7949,40.9,28,"Abu Dhabi",35.6,26.7,"High",0,"No",1,"Yes",2918,"Third",35.3,33.8,36.5
7950,37.9,23,"Dubai",32.9,23.8,"Lower",0,"No",0,"No",3532,"Second",32.2,31.8,34.2
7951,27.5,35,"Abu Dhabi",31.3,31.8,"Lower",1,"Yes",0,"No",3431,"Third",33.7,31.8,31.6
7952,24.5,36,"Sharjah",31.7,31.2,"Lower",0,"No",0,"No",2939,"Third",30.7,35,32.4
7953,27.2,33,"Dubai",36.9,26.4,"High",0,"No",0,"No",3437,"Third",35.5,36.5,36.4
7954,33.8,14,"Abu Dhabi",33.8,28.6,"Lower",0,"No",0,"No",3069,"Second",32,32.8,33
7955,36.4,7,"Abu Dhabi",33.8,28.8,"Lower",0,"No",0,"No",3300,"First",31.1,34.4,34.3
7956,36,11,"Dubai",30.9,37.4,"Lower",0,"No",0,"No",3384,"First",31.7,32.4,31.1
7957,37,16,"Dubai",26.5,25.9,"Lower",0,"No",0,"No",3432,"Second",25.5,29.2,26.9
7958,20.8,35,"Sharjah",29.8,34.5,"Lower",0,"No",0,"No",3380,"Third",30.3,30.8,28
7959,44.7,10,"Sharjah",32.2,38.8,"Lower",0,"No",0,"No",3533,"First",32.3,31.8,33
7960,38.8,12,"Dubai",34.9,25.5,"Lower",0,"No",1,"Yes",3726,"First",33.7,35,35.1
7961,25.3,6,"Abu Dhabi",29.3,22.9,"Lower",0,"No",0,"No",3740,"First",31.8,29.8,30.2
7962,32.1,28,"Dubai",32.8,21.7,"Lower",0,"No",0,"No",3215,"Third",32.4,31.3,32.5
7963,33.7,30,"Abu Dhabi",30.7,34.4,"Lower",0,"No",0,"No",3579,"Third",30.7,32.8,32
7964,32.2,6,"Dubai",30.7,22.7,"Lower",0,"No",1,"Yes",3550,"First",30.9,31.8,29.9
7965,36.9,23,"Sharjah",30.6,17.2,"Lower",0,"No",0,"No",3281,"Second",30.7,29.1,28.9
7966,36.1,7,"Abu Dhabi",32.2,29,"Lower",0,"No",0,"No",2590,"First",32.5,34.3,31.4
7967,21,10,"Dubai",33.1,23.8,"Lower",0,"No",0,"No",2794,"First",34,32.5,33.4
7968,36.5,6,"Sharjah",32.9,24.3,"Lower",0,"No",0,"No",3143,"First",32.4,33.5,32.9
7969,18.7,17,"Abu Dhabi",25.7,27.1,"Lower",0,"No",0,"No",3196,"Second",25.4,27.4,27
7970,43.6,6,"Abu Dhabi",34.4,17.1,"Lower",0,"No",0,"No",3363,"First",34.8,34,34.2
7971,26.2,39,"Abu Dhabi",33.6,26.4,"Lower",0,"No",0,"No",3919,"Third",37.3,34.6,33.8
7972,40.4,17,"Dubai",30.8,31.2,"Lower",0,"No",0,"No",3489,"Second",31.3,29.5,29.2
7973,44.8,21,"Abu Dhabi",32.9,34.5,"Lower",0,"No",1,"Yes",3943,"Second",32.3,32.7,33.1
7974,33,5,"Abu Dhabi",33.4,35.8,"Lower",0,"No",0,"No",2999,"First",32.7,32.6,32.3
7975,26,9,"Dubai",32.1,27.2,"Lower",0,"No",0,"No",3507,"First",31.9,31.9,32
7976,34.9,39,"Sharjah",34.5,34.9,"Lower",1,"Yes",0,"No",3447,"Third",33.2,35.7,36.3
7977,32.6,9,"Sharjah",34.2,23.1,"Lower",0,"No",0,"No",3027,"First",32.4,32.3,34.8
7978,35.4,7,"Dubai",35.5,29.2,"High",0,"No",0,"No",2968,"First",36.8,35.7,33.9
7979,40.6,40,"Abu Dhabi",32.7,32.4,"Lower",0,"No",0,"No",2865,"Third",31.4,31.4,32.6
7980,44.8,8,"Abu Dhabi",26.9,33.5,"Lower",0,"No",0,"No",2860,"First",26.7,26.2,24.5
7981,33.1,32,"Sharjah",32.8,24.9,"Lower",0,"No",0,"No",2685,"Third",32.9,30.7,34.9
7982,40.5,36,"Dubai",29.3,35.2,"Lower",0,"No",0,"No",3113,"Third",29.6,26.5,31.6
7983,39.9,19,"Dubai",34.1,22.1,"Lower",0,"No",0,"No",2801,"Second",33.7,36.4,35.1
7984,29.7,25,"Abu Dhabi",31.2,36.5,"Lower",0,"No",0,"No",3760,"Second",29.9,32.6,31.1
7985,24.9,40,"Abu Dhabi",31.4,35.4,"Lower",0,"No",0,"No",3182,"Third",30.6,31.3,31.1
7986,25.9,9,"Dubai",27.8,30.4,"Lower",0,"No",0,"No",2455,"First",29.1,27.2,25.4
7987,37.1,23,"Abu Dhabi",29.4,30.6,"Lower",0,"No",0,"No",3350,"Second",29.5,29.8,28.8
7988,31.4,5,"Dubai",34.3,28.2,"Lower",0,"No",0,"No",2874,"First",37.1,34.4,36
7989,20.9,14,"Abu Dhabi",31.2,36,"Lower",0,"No",0,"No",3345,"Second",32.7,29.3,32.5
7990,37.2,26,"Dubai",32.9,30.3,"Lower",0,"No",0,"No",2942,"Second",33.7,31.9,32.1
7991,39.8,15,"Dubai",33.4,26.2,"Lower",0,"No",0,"No",2726,"Second",32.5,32.8,31.7
7992,37.1,24,"Dubai",27.4,32.2,"Lower",0,"No",0,"No",3794,"Second",27.4,27.5,26.1
7993,23,23,"Abu Dhabi",35.2,28.4,"High",0,"No",0,"No",3727,"Second",33.8,33.4,35.9
7994,19.4,29,"Dubai",32.2,28.3,"Lower",0,"No",0,"No",3144,"Third",31.1,31.9,31
7995,37.3,25,"Dubai",32.9,32,"Lower",0,"No",1,"Yes",3385,"Second",33.4,33.2,35.5
7996,39.3,29,"Abu Dhabi",31.2,33.9,"Lower",1,"Yes",0,"No",3636,"Third",31.4,32.9,29
7997,37.9,24,"Sharjah",29.8,12.5,"Lower",0,"No",0,"No",2586,"Second",28.3,31,29.9
7998,26.4,27,"Sharjah",32.3,27.5,"Lower",0,"No",1,"Yes",2986,"Second",33.4,34.2,31.8
7999,26.6,31,"Dubai",30.7,21.5,"Lower",0,"No",1,"Yes",3392,"Third",32.9,32.8,32.5
8000,38.1,39,"Sharjah",31,24.4,"Lower",0,"No",0,"No",3454,"Third",30.7,30.4,30.3
8001,42.1,6,"Abu Dhabi",28.9,24,"Lower",0,"No",0,"No",3369,"First",28.7,28.1,28
8002,22.2,7,"Sharjah",36.5,34.2,"High",0,"No",0,"No",2278,"First",35.1,38.5,37
8003,28.1,15,"Dubai",37.4,25.3,"High",0,"No",0,"No",1859,"Second",36.7,35.6,39.2
8004,29.3,28,"Sharjah",38.2,32.8,"High",0,"No",0,"No",2577,"Third",38.3,37.8,38.7
8005,44.1,30,"Abu Dhabi",30.7,30.8,"Lower",0,"No",0,"No",2919,"Third",29.6,32.9,30.2
8006,21,19,"Sharjah",27.8,41.8,"Lower",0,"No",0,"No",3119,"Second",29.3,28.5,27.8
8007,19.5,16,"Dubai",31.3,32.1,"Lower",0,"No",0,"No",2877,"Second",29.3,30.7,29.4
8008,44.5,20,"Abu Dhabi",37.7,21.8,"High",0,"No",0,"No",2950,"Second",37.2,39.3,39.4
8009,23.9,12,"Abu Dhabi",25.5,31.2,"Lower",0,"No",0,"No",3121,"First",22.7,23,25.2
8010,26.2,32,"Dubai",32.1,34,"Lower",0,"No",0,"No",2513,"Third",35,31,35.2
8011,36.9,18,"Dubai",31.1,31.2,"Lower",0,"No",0,"No",3448,"Second",31.2,32.2,31.1
8012,33.9,30,"Dubai",32.4,29.1,"Lower",0,"No",0,"No",2844,"Third",32.1,33.1,32.6
8013,38.6,33,"Dubai",29.4,39.2,"Lower",0,"No",0,"No",2172,"Third",32.3,28.1,27.7
8014,42,31,"Dubai",30.8,36.5,"Lower",0,"No",0,"No",4012,"Third",33.2,31.2,31.2
8015,35.1,35,"Dubai",33.3,36.3,"Lower",0,"No",0,"No",2721,"Third",35.1,35.2,36.1
8016,30.5,37,"Abu Dhabi",27.9,20.8,"Lower",0,"No",0,"No",3494,"Third",26.6,27.2,28.3
8017,37.8,26,"Dubai",30,27.7,"Lower",0,"No",0,"No",3450,"Second",29.4,30.1,31.2
8018,23.3,38,"Dubai",35,34.9,"High",0,"No",0,"No",3687,"Third",36.6,35.5,37.1
8019,39.5,28,"Dubai",34.5,33.9,"Lower",0,"No",0,"No",3536,"Third",33.5,36.8,31.2
8020,24.5,31,"Abu Dhabi",30.9,29.1,"Lower",1,"Yes",0,"No",3129,"Third",30.6,31.2,29.2
8021,19.3,21,"Abu Dhabi",31.7,12.1,"Lower",0,"No",0,"No",3778,"Second",29.6,30.2,29.5
8022,35.1,11,"Abu Dhabi",32,33.6,"Lower",0,"No",0,"No",3154,"First",30.6,31.3,30.9
8023,44,37,"Dubai",31.9,26.5,"Lower",0,"No",0,"No",2977,"Third",31,32,31.1
8024,26.4,21,"Dubai",34.4,33.5,"Lower",0,"No",0,"No",3286,"Second",34.6,34.5,32.9
8025,26,14,"Abu Dhabi",26.6,31,"Lower",0,"No",0,"No",3157,"Second",27.5,26.9,26.3
8026,26.7,8,"Abu Dhabi",36.7,33.9,"High",0,"No",1,"Yes",2768,"First",36.7,38.8,36.1
8027,37.6,8,"Dubai",39.8,18.8,"High",0,"No",0,"No",2804,"First",39.1,38.1,38.4
8028,28.2,36,"Abu Dhabi",27.1,23.3,"Lower",0,"No",1,"Yes",3332,"Third",25.3,27.5,27
8029,26.7,37,"Abu Dhabi",28.3,29,"Lower",0,"No",0,"No",2980,"Third",27.8,29.9,27.8
8030,42.3,36,"Abu Dhabi",30.8,23.4,"Lower",0,"No",0,"No",2258,"Third",31.5,32.5,31.2
8031,40.3,29,"Dubai",33.6,40.8,"Lower",0,"No",0,"No",2849,"Third",34.8,34,33.1
8032,42.9,12,"Dubai",32.7,33.5,"Lower",0,"No",0,"No",3057,"First",33.3,33.6,31.3
8033,27.5,30,"Dubai",30.9,27.7,"Lower",0,"No",0,"No",3140,"Third",30.2,30.3,29.1
8034,29.5,32,"Dubai",35.8,33.3,"High",0,"No",0,"No",2275,"Third",38.1,36.2,31.2
8035,30.5,18,"Abu Dhabi",32.6,36.4,"Lower",0,"No",0,"No",3521,"Second",30.9,32.2,31.8
8036,22.1,20,"Abu Dhabi",34.7,24.4,"Lower",0,"No",0,"No",3090,"Second",35.9,35.5,34.9
8037,39.1,9,"Sharjah",34,35,"Lower",0,"No",1,"Yes",3186,"First",35.4,32.8,34.9
8038,39.1,38,"Sharjah",32.9,30.2,"Lower",0,"No",0,"No",4410,"Third",30.5,33.1,32.2
8039,44.6,19,"Abu Dhabi",31.7,40.8,"Lower",1,"Yes",0,"No",2397,"Second",33.3,31.3,32.1
8040,19,16,"Dubai",27.5,30.5,"Lower",0,"No",0,"No",3800,"Second",29.1,23.8,27.2
8041,27.6,22,"Abu Dhabi",31.3,43.1,"Lower",0,"No",0,"No",3919,"Second",28.8,31,30.8
8042,35.6,34,"Dubai",32.1,25.9,"Lower",0,"No",0,"No",3421,"Third",30.6,32.8,32.7
8043,39.9,22,"Sharjah",33.7,17.6,"Lower",0,"No",0,"No",2803,"Second",34.1,33.6,34.8
8044,31.9,36,"Abu Dhabi",32.8,28,"Lower",0,"No",0,"No",3037,"Third",34.3,33,34.2
8045,23,12,"Dubai",27.8,20.6,"Lower",0,"No",0,"No",3323,"First",27.2,28.4,27.7
8046,43.3,38,"Abu Dhabi",33.2,15.9,"Lower",0,"No",0,"No",2912,"Third",33.7,33.7,36.2
8047,39,7,"Abu Dhabi",34.5,31.5,"Lower",0,"No",0,"No",3390,"First",33.3,34.2,36.6
8048,20.2,39,"Abu Dhabi",28.5,28.5,"Lower",0,"No",0,"No",3263,"Third",27.6,28.9,26.4
8049,25.9,14,"Abu Dhabi",34.5,36.4,"Lower",0,"No",0,"No",2920,"Second",34.5,33.2,34
8050,28.2,32,"Abu Dhabi",24.9,27.5,"Lower",0,"No",0,"No",3229,"Third",22.5,24.5,23.3
8051,40.3,30,"Abu Dhabi",31.4,27.1,"Lower",0,"No",0,"No",3410,"Third",32,34.2,32.8
8052,21.4,24,"Dubai",32.8,26.6,"Lower",0,"No",0,"No",2958,"Second",32.9,34.2,34.2
8053,38.3,8,"Dubai",31.1,30.2,"Lower",0,"No",0,"No",3809,"First",32,33.6,32.8
8054,37.3,33,"Abu Dhabi",35,27.9,"High",0,"No",0,"No",3571,"Third",36,34.6,34.5
8055,41.3,9,"Dubai",27.9,36.1,"Lower",0,"No",0,"No",3058,"First",29.4,30.1,26.8
8056,30.2,4,"Dubai",33.1,21.2,"Lower",0,"No",0,"No",3752,"First",31.6,34,32.6
8057,28.1,40,"Dubai",31.3,46.3,"Lower",0,"No",1,"Yes",2907,"Third",33.5,31.5,32.3
8058,26.5,23,"Abu Dhabi",26.9,34.7,"Lower",0,"No",1,"Yes",3675,"Second",24.7,26.1,26.5
8059,29.4,32,"Sharjah",28.4,31.5,"Lower",0,"No",0,"No",2328,"Third",25.5,32.9,26.7
8060,25.4,35,"Dubai",31.2,26.6,"Lower",0,"No",0,"No",3155,"Third",30.8,32.1,32.6
8061,26.2,38,"Dubai",35.6,45.4,"High",0,"No",0,"No",2479,"Third",36.8,36.4,36.5
8062,37.2,4,"Dubai",33.3,19.8,"Lower",1,"Yes",0,"No",2820,"First",33.7,34.8,33
8063,23.2,39,"Dubai",31.6,32.6,"Lower",0,"No",0,"No",2945,"Third",31.2,30.7,30.2
8064,41.8,16,"Dubai",25.6,40.3,"Lower",0,"No",1,"Yes",3091,"Second",22.6,27.1,24.5
8065,22.3,39,"Abu Dhabi",35.4,30.4,"High",0,"No",0,"No",2492,"Third",37.5,32.7,35.5
8066,35.1,11,"Sharjah",33.6,26.3,"Lower",0,"No",0,"No",3311,"First",32.7,34.5,33
8067,22,33,"Sharjah",32.6,24.5,"Lower",0,"No",0,"No",2958,"Third",33.5,31.9,32.4
8068,18.6,30,"Abu Dhabi",41.1,27.4,"High",0,"No",0,"No",3523,"Third",41,42.1,39.2
8069,40.9,19,"Dubai",32.4,30.8,"Lower",0,"No",0,"No",2398,"Second",32.7,31.1,34.3
8070,37.3,5,"Dubai",35.6,36.6,"High",0,"No",0,"No",2665,"First",38,34.2,33.5
8071,19.4,19,"Abu Dhabi",31.3,30.2,"Lower",0,"No",0,"No",3686,"Second",32,30.9,33.1
8072,42.9,35,"Abu Dhabi",30.2,34.8,"Lower",0,"No",0,"No",2913,"Third",27,32.6,31.3
8073,22.6,28,"Abu Dhabi",35.7,23.2,"High",0,"No",0,"No",2524,"Third",37.4,35.9,34.7
8074,39.2,18,"Dubai",30.3,33.1,"Lower",0,"No",0,"No",2610,"Second",31.6,31.5,30.5
8075,27.9,16,"Abu Dhabi",33.3,25.6,"Lower",0,"No",0,"No",2939,"Second",32.1,32.6,33.3
8076,24.9,38,"Sharjah",27.8,13.8,"Lower",0,"No",0,"No",3281,"Third",26.9,29.3,24.3
8077,39,15,"Dubai",31.6,41.6,"Lower",0,"No",0,"No",3575,"Second",32.6,32.6,32.2
8078,20.7,32,"Abu Dhabi",32.2,21,"Lower",0,"No",0,"No",3164,"Third",32.6,31.9,32.5
8079,18.9,24,"Dubai",30.5,35,"Lower",1,"Yes",0,"No",3683,"Second",29.5,28.4,31.2
8080,20,5,"Abu Dhabi",30.5,32.8,"Lower",0,"No",1,"Yes",3029,"First",31.5,28.9,30.9
8081,39.7,5,"Dubai",29.8,42.5,"Lower",0,"No",0,"No",3456,"First",30.9,28.2,29.8
8082,42.1,11,"Abu Dhabi",37.6,30,"High",0,"No",0,"No",3438,"First",37.1,36.9,36
8083,29.5,22,"Dubai",26.8,29,"Lower",0,"No",0,"No",3768,"Second",29,23.7,25.8
8084,30.8,14,"Abu Dhabi",35,46.1,"High",0,"No",1,"Yes",2771,"Second",31.8,33.6,32.5
8085,34.5,37,"Dubai",34,35.2,"Lower",0,"No",0,"No",3295,"Third",33.1,33.1,35.5
8086,27.3,23,"Dubai",33.7,44.5,"Lower",0,"No",0,"No",2672,"Second",34.4,33,32.8
8087,25.4,11,"Abu Dhabi",34.4,32.4,"Lower",0,"No",0,"No",3781,"First",32.9,34.5,34.7
8088,37.4,24,"Dubai",32.7,19.1,"Lower",0,"No",0,"No",3648,"Second",32.8,32.5,33.9
8089,28.1,18,"Dubai",39,31.8,"High",0,"No",0,"No",3007,"Second",38.1,37.2,36.7
8090,28.1,34,"Dubai",29.4,17.8,"Lower",0,"No",0,"No",4008,"Third",29,29.7,29.7
8091,37.5,13,"Dubai",35.7,36.2,"High",0,"No",1,"Yes",2845,"First",34.6,35.1,36
8092,34.4,12,"Dubai",34.3,24.7,"Lower",0,"No",0,"No",3159,"First",32.4,34,33.6
8093,34.8,36,"Sharjah",34.5,28.8,"Lower",0,"No",0,"No",2475,"Third",34.9,35.4,34.8
8094,44.7,36,"Sharjah",28.4,33.6,"Lower",0,"No",0,"No",3540,"Third",25.2,28.1,27.1
8095,27.2,30,"Sharjah",30.9,42.4,"Lower",0,"No",0,"No",2940,"Third",29.9,32.2,29
8096,29.8,5,"Dubai",26.4,34.4,"Lower",0,"No",0,"No",2591,"First",27,27.6,25.3
8097,20.5,6,"Sharjah",33.1,20,"Lower",0,"No",0,"No",2873,"First",33.6,33.9,32.6
8098,18.1,40,"Abu Dhabi",32.8,33.1,"Lower",1,"Yes",0,"No",3336,"Third",31.8,29.2,32.8
8099,40.3,15,"Dubai",30.1,15.6,"Lower",0,"No",0,"No",3223,"Second",32.9,29.8,26.6
8100,31,25,"Dubai",30.5,24.4,"Lower",0,"No",0,"No",2860,"Second",30.3,30.1,31.2
8101,34.4,20,"Abu Dhabi",30.1,24.5,"Lower",0,"No",1,"Yes",2564,"Second",30.3,31,31.1
8102,21.7,5,"Abu Dhabi",33.3,30.4,"Lower",0,"No",0,"No",3693,"First",34.8,33.5,34.6
8103,18.3,10,"Dubai",29.1,48.9,"Lower",0,"No",0,"No",3300,"First",30,30.5,29.6
8104,42.6,7,"Abu Dhabi",28.2,42.7,"Lower",1,"Yes",0,"No",3581,"First",29.3,29.1,27.6
8105,19,23,"Abu Dhabi",34,33.7,"Lower",0,"No",0,"No",3281,"Second",33.8,32.5,34.1
8106,19.3,18,"Dubai",33.1,24.4,"Lower",0,"No",0,"No",3572,"Second",34.3,32.4,32.9
8107,23.4,34,"Sharjah",39.6,25.6,"High",0,"No",0,"No",3651,"Third",40.5,40.5,38.1
8108,42.3,12,"Dubai",33.5,43.6,"Lower",0,"No",0,"No",2840,"First",34.2,33.5,34.4
8109,31.2,37,"Dubai",28.5,36.7,"Lower",0,"No",0,"No",3741,"Third",29.7,30.5,27.8
8110,22.3,13,"Abu Dhabi",28.7,29.5,"Lower",0,"No",0,"No",2908,"First",28.5,29.2,29.5
8111,19.1,30,"Abu Dhabi",33,22.4,"Lower",0,"No",0,"No",3625,"Third",32.3,32.8,32.8
8112,34.2,7,"Abu Dhabi",34.6,30.7,"Lower",0,"No",1,"Yes",2261,"First",33.3,33.9,35.8
8113,33.4,18,"Dubai",32.5,30.4,"Lower",0,"No",0,"No",3180,"Second",32.1,33.2,33.3
8114,33,29,"Abu Dhabi",34,25.4,"Lower",0,"No",0,"No",2597,"Third",35.6,34.2,31.2
8115,33.3,9,"Dubai",30.1,21.8,"Lower",0,"No",0,"No",3386,"First",30.1,30.7,28.1
8116,27.8,33,"Dubai",35,32.2,"High",1,"Yes",0,"No",3147,"Third",36,38.8,34
8117,39.8,16,"Dubai",31.1,26.4,"Lower",0,"No",0,"No",4108,"Second",30.2,33.8,31
8118,29.1,26,"Dubai",30.2,44.6,"Lower",0,"No",0,"No",3957,"Second",28.4,29.4,31
8119,37.3,15,"Sharjah",30.5,37.9,"Lower",0,"No",0,"No",3136,"Second",32,30.6,29.7
8120,44.3,18,"Sharjah",33.7,36.6,"Lower",0,"No",0,"No",2120,"Second",32.7,33.5,34.3
8121,35.4,38,"Dubai",33.9,42.6,"Lower",0,"No",1,"Yes",3148,"Third",37.1,34.1,34.1
8122,37.9,35,"Dubai",34.6,42.1,"Lower",1,"Yes",0,"No",1889,"Third",35.4,37.1,33.1
8123,34.8,24,"Dubai",32.4,9.6,"Lower",0,"No",0,"No",3854,"Second",33,33.2,33.4
8124,42.1,6,"Sharjah",36,33.9,"High",0,"No",0,"No",2910,"First",38.4,33,37.2
8125,43.3,28,"Abu Dhabi",26.9,24.4,"Lower",0,"No",0,"No",3909,"Third",27.2,28,26
8126,25.5,18,"Abu Dhabi",33.8,22.9,"Lower",0,"No",0,"No",3269,"Second",32.3,37.4,34.1
8127,36.7,15,"Abu Dhabi",34.3,33.9,"Lower",0,"No",0,"No",3952,"Second",35.2,34.7,33.4
8128,28.3,11,"Abu Dhabi",30.3,37.7,"Lower",0,"No",0,"No",3885,"First",29.1,29.8,27.6
8129,36,24,"Dubai",32.7,27.2,"Lower",0,"No",0,"No",2039,"Second",33.5,31.1,31.4
8130,20,17,"Abu Dhabi",31.4,34.3,"Lower",0,"No",1,"Yes",2498,"Second",32.1,31.1,32.5
8131,18.9,30,"Abu Dhabi",30.8,41.6,"Lower",0,"No",0,"No",2746,"Third",31.4,32.3,31
8132,35,11,"Abu Dhabi",31,36.1,"Lower",0,"No",0,"No",3178,"First",30.8,30.7,30.7
8133,38.1,29,"Abu Dhabi",33.9,35.7,"Lower",0,"No",1,"Yes",3581,"Third",32.8,32.4,34.6
8134,33.1,14,"Dubai",31.5,33,"Lower",0,"No",0,"No",3549,"Second",32.1,35,31.7
8135,27.5,12,"Dubai",32.1,30.5,"Lower",0,"No",0,"No",3430,"First",34.3,32,32.1
8136,22.6,35,"Abu Dhabi",25.9,16.5,"Lower",0,"No",0,"No",2833,"Third",26,26.9,26
8137,25.8,10,"Dubai",33.6,31.7,"Lower",0,"No",0,"No",2598,"First",33.2,32.1,34
8138,28.6,19,"Sharjah",29.4,25.6,"Lower",0,"No",0,"No",3837,"Second",29.9,28.2,27.2
8139,22.9,5,"Abu Dhabi",32.2,29.9,"Lower",0,"No",0,"No",2735,"First",34.5,31,34.6
8140,20.8,39,"Dubai",21.7,33.8,"Lower",0,"No",0,"No",3437,"Third",23,23.1,21.1
8141,34.8,40,"Dubai",30.4,25.9,"Lower",0,"No",0,"No",4017,"Third",31.2,29.4,30.9
8142,29.3,35,"Sharjah",31.5,38.5,"Lower",0,"No",1,"Yes",3264,"Third",31.3,31.2,29.8
8143,44.1,7,"Dubai",29.3,33.2,"Lower",0,"No",0,"No",3818,"First",30.1,27.8,33
8144,39,12,"Sharjah",28.5,19.6,"Lower",0,"No",0,"No",3580,"First",26.9,27.4,28.7
8145,39.9,29,"Abu Dhabi",34.8,29.9,"Lower",0,"No",0,"No",3491,"Third",37.8,36.1,34.8
8146,30.7,8,"Sharjah",32.3,28.1,"Lower",0,"No",0,"No",3117,"First",32,34.3,33.5
8147,29.7,6,"Abu Dhabi",31.4,20.7,"Lower",0,"No",0,"No",3051,"First",31.2,31.4,32.4
8148,33.3,11,"Sharjah",27.9,24.3,"Lower",0,"No",0,"No",3859,"First",30.1,26.7,32.7
8149,38.5,17,"Abu Dhabi",32.1,19.6,"Lower",0,"No",1,"Yes",3520,"Second",30.4,33.1,33.3
8150,27.1,17,"Abu Dhabi",26.8,30.4,"Lower",0,"No",0,"No",3633,"Second",29.7,28,25.8
8151,34.7,5,"Abu Dhabi",32.4,26.3,"Lower",0,"No",0,"No",4394,"First",32.8,31.1,32.5
8152,41.3,7,"Abu Dhabi",31.3,27.8,"Lower",0,"No",0,"No",4421,"First",32,32.4,31.4
8153,35.2,18,"Sharjah",33.1,16.2,"Lower",0,"No",0,"No",3530,"Second",33.3,36.8,32.8
8154,32.1,15,"Dubai",29,27.1,"Lower",0,"No",0,"No",3133,"Second",28.4,29.1,30.4
8155,20.7,9,"Sharjah",34.9,42.5,"Lower",0,"No",1,"Yes",2906,"First",34.9,35.5,31.6
8156,39.5,31,"Dubai",33.9,49.5,"Lower",0,"No",0,"No",2951,"Third",33.3,34.2,32.4
8157,28.4,4,"Dubai",32.9,22.5,"Lower",0,"No",0,"No",3332,"First",32,32.3,35.4
8158,24.6,8,"Sharjah",37.5,33,"High",0,"No",0,"No",3209,"First",38,35.7,38.9
8159,40.7,9,"Dubai",23.2,39.3,"Lower",0,"No",0,"No",2903,"First",26,24.2,22.5
8160,43.8,23,"Abu Dhabi",27.7,41.8,"Lower",0,"No",0,"No",2978,"Second",26.5,28.4,31.3
8161,44.5,6,"Abu Dhabi",28.3,31.8,"Lower",0,"No",0,"No",3217,"First",31.3,25.8,29.9
8162,20.9,16,"Abu Dhabi",30.6,37.5,"Lower",0,"No",0,"No",2991,"Second",31.8,31.6,27.6
8163,22.8,16,"Sharjah",29.2,11.7,"Lower",0,"No",0,"No",4093,"Second",29.3,29,30.3
8164,34.7,21,"Abu Dhabi",29.1,32.3,"Lower",1,"Yes",0,"No",2793,"Second",28.7,30.2,28.2
8165,33.5,35,"Sharjah",27.4,23.9,"Lower",0,"No",0,"No",3170,"Third",26.3,28.2,27.2
8166,24.3,17,"Abu Dhabi",30.9,27,"Lower",0,"No",0,"No",3163,"Second",30.6,31.4,31.3
8167,30.9,25,"Abu Dhabi",36.9,27.7,"High",0,"No",0,"No",3371,"Second",37.3,38,37.7
8168,30,14,"Abu Dhabi",31.9,25.8,"Lower",0,"No",0,"No",3655,"Second",31.2,28.6,34.6
8169,42.7,31,"Dubai",32.6,24.5,"Lower",0,"No",0,"No",3748,"Third",31.1,32.3,34
8170,42.9,36,"Sharjah",34.5,24.3,"Lower",0,"No",0,"No",3436,"Third",32.4,35.8,35.3
8171,29.7,31,"Sharjah",32.8,17,"Lower",0,"No",0,"No",2605,"Third",32.6,33.3,33.9
8172,31.8,17,"Sharjah",32.1,43.4,"Lower",0,"No",0,"No",2916,"Second",30.8,31.3,32.2
8173,26.2,29,"Abu Dhabi",29.5,41.1,"Lower",0,"No",0,"No",2907,"Third",29.3,30.4,28
8174,30.8,34,"Abu Dhabi",28.8,38.2,"Lower",0,"No",0,"No",2335,"Third",27.3,27.9,28.2
8175,27.6,9,"Dubai",34.8,16.5,"Lower",0,"No",0,"No",2828,"First",35.4,34.8,31.2
8176,35.9,27,"Abu Dhabi",35.5,29.5,"High",0,"No",0,"No",3318,"Second",36.2,36.7,34.7
8177,18.2,25,"Sharjah",30.8,15.3,"Lower",0,"No",0,"No",3753,"Second",33.8,28.6,33.4
8178,39.2,29,"Dubai",25.9,37.5,"Lower",0,"No",0,"No",3075,"Third",25.6,24.9,24
8179,42.4,20,"Sharjah",27.9,30.1,"Lower",0,"No",0,"No",3646,"Second",28.9,26,26.4
8180,22,38,"Dubai",35,23.4,"High",0,"No",0,"No",3009,"Third",33,35.6,34.5
8181,42.8,33,"Abu Dhabi",37.7,27.6,"High",0,"No",0,"No",2472,"Third",36,36.8,37.3
8182,26.3,22,"Dubai",28.3,24.1,"Lower",0,"No",0,"No",4128,"Second",30.4,29,27.6
8183,23.7,4,"Dubai",38.2,23.3,"High",0,"No",0,"No",2744,"First",38.5,37.3,37.3
8184,44.8,38,"Dubai",34.3,34.8,"Lower",0,"No",0,"No",2579,"Third",33.3,35.2,36
8185,40.8,20,"Dubai",34,31.2,"Lower",0,"No",0,"No",2839,"Second",34.7,33.1,32.6
8186,24.4,6,"Dubai",28,31.8,"Lower",0,"No",0,"No",3678,"First",27.2,28.7,29.5
8187,40.1,36,"Dubai",32.6,32.8,"Lower",0,"No",0,"No",3373,"Third",32.6,32.6,34.6
8188,41.2,11,"Sharjah",27.7,28.9,"Lower",0,"No",0,"No",3585,"First",27.6,26.8,29
8189,19.6,24,"Dubai",31.5,29.7,"Lower",0,"No",0,"No",2817,"Second",31.9,31.9,28.9
8190,25,40,"Abu Dhabi",27.6,25.7,"Lower",0,"No",0,"No",3585,"Third",28.2,26.8,26.3
8191,18.5,16,"Dubai",29.6,22.8,"Lower",0,"No",0,"No",4026,"Second",30.8,29.8,29.3
8192,40.5,4,"Dubai",32.5,40.5,"Lower",0,"No",0,"No",3367,"First",31.4,33.8,32.7
8193,37,13,"Sharjah",31.8,28.4,"Lower",0,"No",0,"No",2649,"First",31.4,29.6,33.6
8194,34.6,29,"Abu Dhabi",30.5,28.8,"Lower",1,"Yes",0,"No",3284,"Third",31.9,31.1,27.5
8195,19.9,21,"Dubai",25.5,21.1,"Lower",0,"No",0,"No",3684,"Second",24.9,25,25.6
8196,27.9,10,"Dubai",30.7,40.8,"Lower",1,"Yes",0,"No",2677,"First",31.5,30.2,33
8197,37,15,"Abu Dhabi",28.1,24.9,"Lower",0,"No",0,"No",2443,"Second",28,27.5,27
8198,40,9,"Dubai",34.8,19.5,"Lower",0,"No",0,"No",3432,"First",33,34.7,36.4
8199,22.9,18,"Sharjah",27.4,25.4,"Lower",0,"No",0,"No",4039,"Second",27.5,26.6,30.3
8200,21.2,40,"Dubai",32.4,28.5,"Lower",0,"No",0,"No",4063,"Third",35.1,31.8,32.4
8201,20.7,4,"Abu Dhabi",30.2,29.3,"Lower",0,"No",0,"No",3284,"First",29.4,29.5,29.9
8202,35.1,39,"Sharjah",29.6,35.1,"Lower",1,"Yes",0,"No",3187,"Third",29.3,31.4,30.2
8203,42.5,31,"Sharjah",34,29.5,"Lower",0,"No",0,"No",2745,"Third",33.2,31.9,33
8204,28.6,16,"Abu Dhabi",32.8,25.9,"Lower",0,"No",0,"No",3364,"Second",34,33.4,31.7
8205,34.2,29,"Abu Dhabi",34.7,24.9,"Lower",0,"No",0,"No",3297,"Third",34.9,34.6,33.5
8206,24.3,36,"Sharjah",28.7,29.6,"Lower",0,"No",0,"No",3247,"Third",29.3,29.1,29.1
8207,27,13,"Abu Dhabi",34.2,24.9,"Lower",0,"No",0,"No",3402,"First",37,32.7,35.2
8208,19.5,28,"Dubai",27.4,32.6,"Lower",0,"No",0,"No",2128,"Third",28.6,28.1,27.4
8209,26.2,17,"Dubai",34.2,31.9,"Lower",0,"No",0,"No",3743,"Second",35,32.1,33.7
8210,25.7,9,"Dubai",36.7,54.7,"High",0,"No",1,"Yes",3343,"First",35.9,36.4,35.7
8211,34.9,26,"Dubai",34.3,23.8,"Lower",0,"No",0,"No",3119,"Second",36.3,35.5,32.2
8212,31.1,22,"Dubai",31.5,31.1,"Lower",0,"No",1,"Yes",4147,"Second",28.2,31.5,31.9
8213,37.3,36,"Sharjah",33.9,32.1,"Lower",0,"No",1,"Yes",3042,"Third",34.4,31.8,34
8214,35,24,"Dubai",32.9,38.7,"Lower",0,"No",0,"No",3678,"Second",33,31.5,33.1
8215,39.9,7,"Dubai",36.3,39.5,"High",0,"No",0,"No",2759,"First",33.9,38.2,36.3
8216,31.1,27,"Dubai",32.9,37.2,"Lower",0,"No",0,"No",2773,"Second",33.2,30.6,33.4
8217,36.7,31,"Sharjah",37.4,29.2,"High",0,"No",0,"No",3398,"Third",39.9,36.6,38.1
8218,33.6,14,"Abu Dhabi",31.2,30.2,"Lower",0,"No",0,"No",3455,"Second",31,31.5,31.4
8219,19.7,31,"Abu Dhabi",35.5,36.3,"High",0,"No",0,"No",2688,"Third",36.7,36.1,35.8
8220,23.3,36,"Dubai",32.4,34.7,"Lower",0,"No",0,"No",3499,"Third",30.3,31.4,34
8221,19.7,26,"Dubai",33.8,18.6,"Lower",0,"No",0,"No",3581,"Second",36.1,34.6,32.3
8222,43.6,17,"Abu Dhabi",35.7,36,"High",0,"No",0,"No",3043,"Second",34,35.7,33.1
8223,23.6,25,"Dubai",35.6,17.6,"High",1,"Yes",0,"No",3434,"Second",34.7,36.8,33.3
8224,25.3,7,"Sharjah",25.9,30.3,"Lower",0,"No",0,"No",3242,"First",26.3,24.9,23.9
8225,43.5,14,"Abu Dhabi",33.9,35.5,"Lower",0,"No",0,"No",3035,"Second",33,36.4,32.5
8226,23.3,15,"Abu Dhabi",36.1,19.2,"High",0,"No",0,"No",2984,"Second",39.3,34.6,33.8
8227,37.6,4,"Abu Dhabi",32.8,27.2,"Lower",0,"No",0,"No",3681,"First",32.7,29.9,30.5
8228,41.9,10,"Abu Dhabi",30.4,23.2,"Lower",0,"No",0,"No",3842,"First",30.4,33.2,33.4
8229,41,19,"Abu Dhabi",29.4,19.9,"Lower",0,"No",0,"No",3818,"Second",27.4,30.9,27.4
8230,18,26,"Sharjah",33.4,37,"Lower",0,"No",0,"No",3089,"Second",34.1,33.2,31.4
8231,31.8,37,"Dubai",28.1,26.9,"Lower",1,"Yes",0,"No",3736,"Third",28,30.1,27.7
8232,35.7,12,"Sharjah",29.3,27,"Lower",0,"No",0,"No",2969,"First",28.4,32.3,28.8
8233,40.3,20,"Dubai",29.8,43.6,"Lower",0,"No",0,"No",3425,"Second",28.1,29.4,28.9
8234,33,10,"Dubai",32.4,31.6,"Lower",1,"Yes",0,"No",3584,"First",33.9,32.3,30.5
8235,22.1,9,"Dubai",31.1,14.4,"Lower",0,"No",0,"No",3730,"First",28.9,32,31.7
8236,25,6,"Sharjah",31.8,33.3,"Lower",0,"No",0,"No",2932,"First",32.7,34,34.7
8237,32.7,21,"Dubai",28.8,25.4,"Lower",0,"No",0,"No",2281,"Second",29.7,29.3,27.7
8238,20.4,4,"Abu Dhabi",35.1,16.7,"High",1,"Yes",0,"No",2902,"First",33.8,35.4,38.8
8239,42.6,7,"Sharjah",25.9,38,"Lower",0,"No",0,"No",2903,"First",25.6,26.3,26.2
8240,40.7,33,"Dubai",31.3,36.7,"Lower",0,"No",0,"No",3288,"Third",30.2,31.5,33.3
8241,21.1,22,"Dubai",30.9,33.8,"Lower",0,"No",0,"No",3053,"Second",29.5,31.3,31.5
8242,36.7,9,"Abu Dhabi",32.9,25.6,"Lower",0,"No",0,"No",2688,"First",33.7,30.4,33.3
8243,43.5,7,"Abu Dhabi",27.2,35.5,"Lower",0,"No",0,"No",3404,"First",29.1,30.4,26.4
8244,34.9,19,"Abu Dhabi",32.4,41.7,"Lower",0,"No",1,"Yes",3248,"Second",31.1,34.1,33.7
8245,34.5,18,"Dubai",38.5,34.8,"High",0,"No",0,"No",2562,"Second",38.1,41.4,38.7
8246,44.7,6,"Sharjah",30.2,30.4,"Lower",0,"No",0,"No",3002,"First",32.1,31,30.3
8247,40.3,10,"Abu Dhabi",32.2,42.7,"Lower",0,"No",1,"Yes",3492,"First",32.8,31.9,31.2
8248,34,10,"Sharjah",29.8,35.6,"Lower",0,"No",0,"No",3609,"First",32.3,31.6,28.4
8249,28.8,20,"Abu Dhabi",34.6,33.5,"Lower",0,"No",0,"No",4302,"Second",35.1,36,35.7
8250,43.5,40,"Dubai",28.6,10.1,"Lower",0,"No",0,"No",4228,"Third",27.7,28.7,32.1
8251,37.6,30,"Abu Dhabi",30.7,32.4,"Lower",0,"No",0,"No",2618,"Third",28.9,31.2,30.1
8252,39.5,17,"Sharjah",28.8,38.5,"Lower",0,"No",1,"Yes",3815,"Second",29.6,27.6,28
8253,34.5,36,"Sharjah",29.9,31.7,"Lower",0,"No",0,"No",3793,"Third",30.4,32.1,29.4
8254,21,28,"Dubai",35.8,39.8,"High",0,"No",0,"No",2852,"Third",37.3,35.8,35.1
8255,24.2,34,"Sharjah",34.7,40.3,"Lower",0,"No",0,"No",2893,"Third",33.8,35.2,32
8256,24.2,38,"Dubai",30.6,15.6,"Lower",0,"No",0,"No",3575,"Third",29.4,29.8,30.4
8257,24.8,37,"Sharjah",29.3,31.9,"Lower",0,"No",0,"No",3238,"Third",29.4,25.9,29.9
8258,30.4,4,"Abu Dhabi",31.8,38.9,"Lower",0,"No",0,"No",2961,"First",33.9,29.7,33.7
8259,32.5,24,"Abu Dhabi",32.4,34.2,"Lower",0,"No",0,"No",2996,"Second",30.7,32.4,29.8
8260,39.2,11,"Dubai",27.9,20.1,"Lower",0,"No",1,"Yes",3649,"First",27.1,28.3,28.8
8261,37.9,10,"Dubai",29.8,39.9,"Lower",0,"No",0,"No",2910,"First",29.9,29.6,31.2
8262,28.5,22,"Abu Dhabi",31.8,18.5,"Lower",0,"No",0,"No",1550,"Second",30.7,32.5,32.4
8263,41.1,19,"Dubai",36.8,10.9,"High",0,"No",0,"No",3078,"Second",36.6,37.2,33.8
8264,37.2,5,"Sharjah",32.2,31.6,"Lower",1,"Yes",0,"No",3795,"First",30,34,33
8265,32,10,"Sharjah",38.6,26.3,"High",0,"No",0,"No",2921,"First",38.6,40.2,36.5
8266,23.8,34,"Dubai",36,16.6,"High",0,"No",0,"No",3916,"Third",38.2,36.1,35.5
8267,30.2,25,"Sharjah",33.5,39.4,"Lower",0,"No",0,"No",3472,"Second",34.6,35.1,32.4
8268,27.9,17,"Abu Dhabi",29.9,29.2,"Lower",0,"No",0,"No",3775,"Second",29.7,31.4,27.7
8269,31,12,"Abu Dhabi",31.4,33,"Lower",0,"No",0,"No",3266,"First",30.3,28.9,29.9
8270,22.8,17,"Sharjah",33,32.5,"Lower",0,"No",0,"No",3652,"Second",32.2,32.5,32
8271,32.8,14,"Dubai",35,30.2,"High",0,"No",1,"Yes",3321,"Second",34.6,33.1,35.2
8272,29.5,15,"Abu Dhabi",28.5,39.6,"Lower",0,"No",0,"No",2923,"Second",30.9,28.7,28.3
8273,32.1,23,"Sharjah",31.5,38.7,"Lower",0,"No",0,"No",3147,"Second",31.9,32.6,32.4
8274,19.9,27,"Dubai",31.2,34.6,"Lower",1,"Yes",0,"No",3689,"Second",31,29.6,30.7
8275,33.5,9,"Abu Dhabi",31,24.3,"Lower",0,"No",1,"Yes",3439,"First",32,30.2,31.4
8276,29.1,28,"Dubai",33.1,27.7,"Lower",0,"No",1,"Yes",2594,"Third",33.6,31.8,33.2
8277,33.7,16,"Dubai",31.5,38.3,"Lower",0,"No",0,"No",2770,"Second",28.6,32,31.9
8278,45,17,"Dubai",31.5,17.5,"Lower",0,"No",0,"No",3543,"Second",29,29.3,32.9
8279,30.7,22,"Sharjah",32.6,35,"Lower",1,"Yes",0,"No",3898,"Second",35.8,34,33.6
8280,27.3,28,"Sharjah",30.6,23.8,"Lower",1,"Yes",0,"No",4017,"Third",30.8,30.9,29.6
8281,20.9,20,"Abu Dhabi",37.7,34.8,"High",0,"No",0,"No",1916,"Second",38.3,37.8,38.7
8282,18.8,21,"Sharjah",33.1,38.8,"Lower",0,"No",0,"No",3089,"Second",32.7,31,34.9
8283,31.8,24,"Dubai",34.5,28.7,"Lower",0,"No",0,"No",2980,"Second",37.8,34.7,32.9
8284,40,7,"Abu Dhabi",30.7,34.8,"Lower",0,"No",0,"No",3334,"First",29.9,31.7,30.9
8285,34.1,21,"Dubai",35.4,41.2,"High",0,"No",0,"No",2901,"Second",33.6,36.7,34.8
8286,25.1,38,"Dubai",31.7,26.2,"Lower",0,"No",1,"Yes",3106,"Third",33.4,28.4,29.6
8287,43.7,26,"Dubai",31.5,22,"Lower",0,"No",0,"No",3266,"Second",29.7,31.4,31.4
8288,26.7,6,"Sharjah",32.4,37.2,"Lower",0,"No",0,"No",3143,"First",34.2,32.1,33.9
8289,30.7,37,"Dubai",33,32,"Lower",0,"No",0,"No",3507,"Third",31.6,32.2,30.6
8290,44,5,"Abu Dhabi",28.9,36.1,"Lower",0,"No",0,"No",2125,"First",29.8,28.4,25.9
8291,23.6,31,"Dubai",30.5,22.5,"Lower",0,"No",0,"No",3158,"Third",31.6,29,30.4
8292,23,7,"Dubai",34.2,27.3,"Lower",0,"No",1,"Yes",2876,"First",31.4,31.8,34
8293,18.3,6,"Abu Dhabi",30,26.2,"Lower",0,"No",0,"No",3356,"First",30.4,31.6,29
8294,41.3,4,"Abu Dhabi",31.7,27.7,"Lower",0,"No",0,"No",2863,"First",29.3,33.7,28.1
8295,31.3,21,"Dubai",35.7,43.2,"High",0,"No",0,"No",2578,"Second",35.3,37.6,33.5
8296,20.2,4,"Abu Dhabi",34.3,41.2,"Lower",1,"Yes",1,"Yes",3174,"First",34.7,33.3,32.8
8297,18.2,17,"Sharjah",32.5,31.4,"Lower",0,"No",0,"No",2789,"Second",32.1,31.4,33.5
8298,32.7,22,"Abu Dhabi",30.9,39,"Lower",0,"No",0,"No",2901,"Second",29.1,33.9,31
8299,22.4,19,"Abu Dhabi",34.1,34.3,"Lower",0,"No",0,"No",3022,"Second",33.5,31.1,34.4
8300,40,26,"Dubai",31.3,39.5,"Lower",0,"No",0,"No",3170,"Second",33.2,30.7,35.4
8301,18.7,31,"Dubai",33.9,17.1,"Lower",0,"No",0,"No",2295,"Third",32.5,35.8,36
8302,26.7,8,"Dubai",24,40.9,"Lower",0,"No",0,"No",3849,"First",25.5,24.2,26.4
8303,28.2,17,"Abu Dhabi",35.8,19.9,"High",0,"No",0,"No",3403,"Second",35.3,33,38.5
8304,28,15,"Sharjah",28.7,28.9,"Lower",0,"No",0,"No",3230,"Second",28.6,29.2,31.9
8305,40.2,8,"Dubai",32.4,25.2,"Lower",0,"No",0,"No",3359,"First",32.4,31.2,32.7
8306,37.7,23,"Sharjah",32.5,34.3,"Lower",0,"No",0,"No",3046,"Second",31.7,31.7,35.4
8307,39.3,30,"Dubai",30.9,33.8,"Lower",0,"No",0,"No",3437,"Third",30.1,30,29.9
8308,34.3,29,"Dubai",34.6,43.9,"Lower",0,"No",0,"No",2642,"Third",32.5,32.6,33.7
8309,22.5,17,"Dubai",30.1,23.9,"Lower",0,"No",0,"No",3305,"Second",32.1,29.2,32.2
8310,31.5,29,"Dubai",34.2,31.5,"Lower",0,"No",0,"No",3369,"Third",33,35.2,36.1
8311,34.8,6,"Dubai",26.7,30,"Lower",0,"No",0,"No",3282,"First",25.1,26.4,27.6
8312,25.3,25,"Dubai",32.8,32.1,"Lower",0,"No",0,"No",3109,"Second",31.7,33.1,30
8313,24.4,25,"Abu Dhabi",34.7,32.9,"Lower",0,"No",0,"No",3757,"Second",34.4,37.2,36.2
8314,34.1,23,"Abu Dhabi",26.7,33,"Lower",0,"No",0,"No",3515,"Second",24.5,26.5,25.6
8315,38.4,16,"Sharjah",32,32.8,"Lower",0,"No",0,"No",3284,"Second",33,35,32.8
8316,41.7,26,"Dubai",35.9,20.9,"High",0,"No",0,"No",3151,"Second",36.9,36.9,35.3
8317,26.6,21,"Dubai",33.7,26.5,"Lower",0,"No",0,"No",2377,"Second",34,29.9,33.6
8318,29.1,40,"Abu Dhabi",30.5,28.8,"Lower",0,"No",0,"No",3159,"Third",28.1,31.2,30.5
8319,37.5,31,"Abu Dhabi",31,37.1,"Lower",0,"No",1,"Yes",3812,"Third",31.1,31.1,34.5
8320,45,18,"Dubai",31.7,33.1,"Lower",0,"No",0,"No",2437,"Second",32.1,32.3,28.8
8321,23,21,"Abu Dhabi",34.6,31.5,"Lower",0,"No",0,"No",3191,"Second",36,33.8,35.9
8322,32.5,26,"Dubai",33.4,33.7,"Lower",0,"No",0,"No",3668,"Second",32.8,31.9,34.6
8323,33.1,29,"Abu Dhabi",29.9,37.9,"Lower",0,"No",0,"No",3271,"Third",30,31,30.6
8324,28.1,15,"Dubai",28.1,25.2,"Lower",0,"No",0,"No",3555,"Second",28.5,28.3,29.8
8325,23.3,29,"Dubai",33.3,13.4,"Lower",0,"No",0,"No",3166,"Third",34.7,33.4,34.5
8326,32.9,5,"Abu Dhabi",33.8,32.1,"Lower",0,"No",0,"No",2957,"First",32,34.3,32.2
8327,26.7,36,"Dubai",34.2,33.9,"Lower",0,"No",0,"No",3925,"Third",34,33.6,35.6
8328,44.6,5,"Sharjah",34.6,25.8,"Lower",0,"No",0,"No",3678,"First",34.8,33.3,32.2
8329,40.2,13,"Dubai",32.6,26.3,"Lower",0,"No",0,"No",2849,"First",30.4,32.1,34
8330,29.8,11,"Sharjah",36.1,58.3,"High",0,"No",0,"No",3141,"First",35.2,36.5,36.3
8331,43.1,6,"Abu Dhabi",29.2,23.7,"Lower",0,"No",0,"No",3543,"First",28.9,31,27.4
8332,44.8,31,"Dubai",33.3,29.5,"Lower",0,"No",0,"No",3727,"Third",35.1,34.5,32.8
8333,32.4,13,"Abu Dhabi",32.7,9.5,"Lower",0,"No",0,"No",2610,"First",31.4,33.7,34.3
8334,34.4,27,"Sharjah",28,18.6,"Lower",0,"No",0,"No",3820,"Second",27.4,29,27.2
8335,37.7,28,"Sharjah",27.9,42.7,"Lower",0,"No",0,"No",3353,"Third",26.6,27.4,28.8
8336,31.4,18,"Sharjah",34.3,41.4,"Lower",0,"No",0,"No",3261,"Second",33.1,33.6,35.4
8337,39,36,"Abu Dhabi",29.2,35.7,"Lower",0,"No",0,"No",2600,"Third",30.2,28.2,28.5
8338,30.9,14,"Dubai",33.5,21.9,"Lower",0,"No",0,"No",3421,"Second",31.7,33.9,34.2
8339,24.4,17,"Sharjah",26,36.1,"Lower",0,"No",0,"No",3851,"Second",28,27.4,26.1
8340,36.4,32,"Abu Dhabi",29.8,17.5,"Lower",0,"No",0,"No",3252,"Third",28.5,31,30.2
8341,20.6,33,"Dubai",38.4,37,"High",0,"No",0,"No",3921,"Third",40,38.8,37.3
8342,42,12,"Dubai",31.4,46,"Lower",0,"No",0,"No",2818,"First",30.8,33.4,32.1
8343,35.8,31,"Abu Dhabi",32.9,37.6,"Lower",0,"No",1,"Yes",3042,"Third",35,32,33.2
8344,30.7,20,"Dubai",32.2,42.8,"Lower",0,"No",0,"No",3563,"Second",32.7,31.6,30.9
8345,32.3,6,"Dubai",32,27.5,"Lower",0,"No",0,"No",3551,"First",32,30.8,31.3
8346,39.7,11,"Abu Dhabi",33.5,30.8,"Lower",0,"No",0,"No",3162,"First",32.2,33.4,34.5
8347,32.6,9,"Dubai",37.4,29.1,"High",0,"No",0,"No",2291,"First",39.2,38.9,35.1
8348,23,39,"Sharjah",29.1,35.3,"Lower",0,"No",0,"No",3127,"Third",27.7,29.2,28.8
8349,28.3,40,"Sharjah",35.4,28.4,"High",0,"No",0,"No",3115,"Third",38.2,36.2,34
8350,42.9,35,"Abu Dhabi",34,32.3,"Lower",0,"No",0,"No",3465,"Third",33.9,36.2,34.5
8351,19.9,20,"Abu Dhabi",32.6,29.2,"Lower",0,"No",0,"No",2696,"Second",32.9,32.1,31.2
8352,26.5,37,"Abu Dhabi",33.2,24.7,"Lower",0,"No",0,"No",3051,"Third",34.8,29.9,35
8353,43,38,"Abu Dhabi",34.9,56.8,"Lower",0,"No",0,"No",2585,"Third",35,32.7,35
8354,34.2,9,"Dubai",32.8,33,"Lower",0,"No",0,"No",3072,"First",30.7,34.1,28.8
8355,28.2,11,"Dubai",34.4,25.4,"Lower",0,"No",0,"No",3743,"First",31.6,30,34.9
8356,28.9,5,"Dubai",29,17,"Lower",0,"No",0,"No",3247,"First",33.2,30.9,28.5
8357,40.3,10,"Dubai",34.5,43.9,"Lower",0,"No",0,"No",2233,"First",32.1,33,36
8358,18.2,18,"Abu Dhabi",32.9,44.4,"Lower",0,"No",0,"No",2454,"Second",31.4,34.3,34.3
8359,24.3,13,"Abu Dhabi",32,25.3,"Lower",0,"No",0,"No",2997,"First",30.1,32,31.3
8360,21.9,25,"Abu Dhabi",30.2,21.4,"Lower",0,"No",0,"No",2720,"Second",29.2,29.3,31.8
8361,37.4,36,"Sharjah",32.7,24.1,"Lower",0,"No",0,"No",3380,"Third",33,33.7,37.4
8362,28.3,11,"Abu Dhabi",32.6,29.9,"Lower",0,"No",0,"No",5088,"First",32,31.5,31.5
8363,28.8,5,"Abu Dhabi",31.7,39.1,"Lower",0,"No",0,"No",3425,"First",32.7,33.3,31.4
8364,29.9,31,"Dubai",34.3,23.6,"Lower",0,"No",0,"No",2628,"Third",36.6,35.2,33.5
8365,38.4,26,"Abu Dhabi",32.4,38.2,"Lower",0,"No",0,"No",3319,"Second",31.3,31.8,32.7
8366,34.3,36,"Sharjah",31.1,21.6,"Lower",0,"No",0,"No",3227,"Third",31.5,30.7,32.8
8367,39.1,39,"Abu Dhabi",26,36.8,"Lower",0,"No",0,"No",2060,"Third",28,26,25.9
8368,20.2,8,"Dubai",30.8,23.8,"Lower",0,"No",0,"No",3675,"First",32.6,28.6,34.2
8369,35.3,21,"Abu Dhabi",27.9,22.6,"Lower",0,"No",0,"No",4437,"Second",29.5,27.7,30.3
8370,33.4,40,"Sharjah",33.4,24.5,"Lower",0,"No",0,"No",3455,"Third",33,33,33.5
8371,26.5,7,"Abu Dhabi",30.9,14.2,"Lower",0,"No",0,"No",3152,"First",30.4,30.6,31.4
8372,44.6,22,"Dubai",30.8,39.5,"Lower",0,"No",0,"No",3758,"Second",31.9,29.7,30
8373,27.7,10,"Dubai",32.4,20.7,"Lower",0,"No",1,"Yes",3129,"First",34.1,31.9,32.9
8374,43.4,34,"Dubai",33,15.7,"Lower",0,"No",0,"No",3119,"Third",34.4,32.9,32
8375,27.7,37,"Abu Dhabi",31.2,17.5,"Lower",0,"No",1,"Yes",3654,"Third",31.3,28.6,30.8
8376,43.9,20,"Abu Dhabi",34.8,39,"Lower",0,"No",0,"No",2642,"Second",34.2,35.1,36.7
8377,26.8,6,"Abu Dhabi",25.6,32.5,"Lower",0,"No",0,"No",3799,"First",26.3,27.9,23.8
8378,23.8,26,"Sharjah",31.6,34.3,"Lower",0,"No",0,"No",2929,"Second",29.9,30.7,32.6
8379,30.1,25,"Dubai",29.8,42.8,"Lower",0,"No",0,"No",3870,"Second",27.4,32.1,31
8380,43.8,17,"Sharjah",32.1,30.2,"Lower",1,"Yes",0,"No",3389,"Second",31.8,33.1,31.1
8381,30.7,13,"Dubai",30.1,32.2,"Lower",0,"No",0,"No",2952,"First",30.6,29,30
8382,41.3,23,"Sharjah",35.4,29.2,"High",0,"No",0,"No",2750,"Second",33.7,34.4,32.9
8383,38,17,"Abu Dhabi",36.7,44.8,"High",0,"No",1,"Yes",1961,"Second",35.8,36.3,35.3
8384,21.5,20,"Sharjah",35.4,17.8,"High",0,"No",0,"No",3381,"Second",33.6,34.9,32.3
8385,33.7,4,"Dubai",31.9,37.2,"Lower",0,"No",0,"No",2596,"First",33.1,33.1,32.4
8386,30.3,33,"Dubai",30.3,36.9,"Lower",0,"No",0,"No",3143,"Third",29.7,30.6,29.6
8387,25.4,26,"Dubai",29.5,42,"Lower",0,"No",0,"No",3477,"Second",30.3,27.9,27.7
8388,27.4,6,"Abu Dhabi",32,33.9,"Lower",0,"No",0,"No",3641,"First",33.3,30.7,31.8
8389,36.9,8,"Dubai",29.7,23.1,"Lower",1,"Yes",0,"No",2553,"First",29.5,30.3,33
8390,36.1,40,"Sharjah",31.1,19.9,"Lower",0,"No",0,"No",3146,"Third",31.5,28.4,30
8391,36.7,24,"Abu Dhabi",36.7,25.2,"High",0,"No",0,"No",3690,"Second",38.1,37.9,34.9
8392,38.5,19,"Dubai",35,24.2,"High",0,"No",1,"Yes",3524,"Second",35.1,36.7,34.9
8393,28,35,"Dubai",31,12.2,"Lower",0,"No",0,"No",4483,"Third",28.7,31,32.8
8394,41.4,36,"Dubai",36.3,37,"High",0,"No",0,"No",2981,"Third",40.3,37.4,33.7
8395,35,10,"Dubai",29.2,31.1,"Lower",0,"No",0,"No",2587,"First",29.8,29.7,27.9
8396,18.7,11,"Abu Dhabi",31.7,34.5,"Lower",0,"No",0,"No",3309,"First",31.8,32.1,34.1
8397,31.7,21,"Abu Dhabi",30,26.4,"Lower",0,"No",0,"No",3489,"Second",30,30.6,33.1
8398,26.5,20,"Dubai",34.9,41,"Lower",0,"No",0,"No",2789,"Second",36.4,34.1,35.2
8399,29.2,11,"Sharjah",37.5,25.8,"High",0,"No",1,"Yes",3537,"First",38.1,37.5,37.9
8400,36.7,17,"Abu Dhabi",33.4,28.3,"Lower",0,"No",0,"No",3851,"Second",34.2,36.2,32
8401,27.1,18,"Abu Dhabi",34.1,22.7,"Lower",0,"No",0,"No",2799,"Second",33.6,30.9,36.3
8402,27.5,34,"Sharjah",36.1,26.1,"High",0,"No",0,"No",3014,"Third",35.8,36.5,37.1
8403,22.4,37,"Dubai",33.7,30.3,"Lower",0,"No",0,"No",3350,"Third",35.4,34.8,31.6
8404,43.1,10,"Abu Dhabi",32.6,32.9,"Lower",0,"No",0,"No",4310,"First",34.3,31.7,32.1
8405,27.5,21,"Abu Dhabi",29.7,42.7,"Lower",0,"No",0,"No",3401,"Second",29.2,28.2,31.2
8406,40.2,25,"Dubai",31.7,31.5,"Lower",0,"No",0,"No",3302,"Second",30.6,30.3,33.2
8407,25.4,12,"Sharjah",33.4,31.5,"Lower",0,"No",0,"No",2503,"First",32.9,34.5,34.1
8408,40.6,16,"Dubai",33.3,5.9,"Lower",0,"No",0,"No",3261,"Second",32.4,33.6,32.3
8409,24,24,"Abu Dhabi",36.1,36.9,"High",0,"No",0,"No",3304,"Second",35.1,34.4,36.7
8410,40.5,28,"Dubai",31.8,26.1,"Lower",0,"No",0,"No",3589,"Third",31.5,30.8,34.7
8411,31.4,27,"Dubai",33.4,38.9,"Lower",0,"No",0,"No",3047,"Second",33.8,32.6,33.3
8412,23.5,40,"Dubai",34.1,17.3,"Lower",0,"No",0,"No",2854,"Third",33.6,35.8,32
8413,31.8,12,"Sharjah",35.8,27.9,"High",0,"No",0,"No",3341,"First",38.3,34.7,36.7
8414,42.2,35,"Dubai",33.2,34.9,"Lower",1,"Yes",0,"No",3070,"Third",33.8,35.7,32.4
8415,39.1,19,"Dubai",35.8,36.8,"High",0,"No",0,"No",2350,"Second",36.1,36.1,35.3
8416,34.6,37,"Abu Dhabi",26.3,23.5,"Lower",0,"No",0,"No",3441,"Third",24.9,26.3,27.5
8417,32.8,34,"Sharjah",30.9,29.4,"Lower",0,"No",0,"No",2977,"Third",32.3,29.7,29.6
8418,18.3,4,"Dubai",31.9,24.3,"Lower",0,"No",0,"No",2454,"First",32.5,29.9,31.3
8419,38.7,14,"Sharjah",26.5,23.4,"Lower",0,"No",0,"No",3639,"Second",27.1,25.6,26.7
8420,23.9,17,"Abu Dhabi",30.1,20.2,"Lower",0,"No",0,"No",2977,"Second",30.1,31.9,27.7
8421,26.3,17,"Dubai",28.8,29.2,"Lower",0,"No",0,"No",3722,"Second",28.7,28.3,28.9
8422,27.6,30,"Sharjah",29.8,27,"Lower",0,"No",0,"No",3336,"Third",29.9,30,28.8
8423,18.9,22,"Abu Dhabi",37.4,40.7,"High",1,"Yes",0,"No",2518,"Second",37.3,35.3,37.6
8424,37.8,23,"Dubai",36.2,33,"High",1,"Yes",0,"No",3241,"Second",36.9,36.5,37
8425,39.6,21,"Dubai",35.9,27.7,"High",0,"No",0,"No",3107,"Second",36,37.9,34.1
8426,31.3,4,"Abu Dhabi",29.9,26,"Lower",0,"No",0,"No",3681,"First",26.9,29.1,32.8
8427,18.9,25,"Dubai",38.4,32.7,"High",1,"Yes",0,"No",3594,"Second",40.1,36.4,40.7
8428,24.2,12,"Dubai",30.1,28.8,"Lower",0,"No",0,"No",3352,"First",29.2,33,30.7
8429,40.7,38,"Abu Dhabi",33,29.4,"Lower",0,"No",0,"No",3176,"Third",35.8,33.5,32
8430,29.1,7,"Sharjah",23.4,41.9,"Lower",0,"No",0,"No",2805,"First",25.7,22.8,20.6
8431,27.7,15,"Dubai",30,16,"Lower",0,"No",0,"No",3403,"Second",30.3,30.8,29.1
8432,43.4,22,"Sharjah",30,38,"Lower",0,"No",0,"No",3068,"Second",30.6,31.2,30.6
8433,42,33,"Abu Dhabi",29.4,12,"Lower",1,"Yes",0,"No",4217,"Third",31.2,29.1,27.3
8434,44.3,20,"Sharjah",27.4,34.4,"Lower",0,"No",0,"No",2709,"Second",26.8,28.7,24.9
8435,37.6,5,"Sharjah",27.4,24,"Lower",0,"No",0,"No",3078,"First",30.9,29,28.6
8436,44.2,6,"Sharjah",30.2,30.4,"Lower",0,"No",0,"No",3582,"First",29.7,31,31.2
8437,22.2,39,"Abu Dhabi",31.8,29.5,"Lower",0,"No",0,"No",3628,"Third",31.3,33.2,30.7
8438,30.5,18,"Sharjah",34.5,22.4,"Lower",0,"No",1,"Yes",3299,"Second",35.6,35.7,36.5
8439,31.1,16,"Dubai",30.5,31.8,"Lower",0,"No",0,"No",2925,"Second",33.4,32.5,30.9
8440,32.6,5,"Abu Dhabi",30.5,30.7,"Lower",0,"No",0,"No",2769,"First",29.9,31.6,31.6
8441,23.2,27,"Dubai",26.6,34.1,"Lower",0,"No",0,"No",3911,"Second",24.9,27.5,27.4
8442,38.9,25,"Abu Dhabi",36.1,19.7,"High",0,"No",0,"No",3014,"Second",34.9,37.4,37.3
8443,18.2,34,"Dubai",33,28.8,"Lower",0,"No",0,"No",4395,"Third",33.3,30.7,31
8444,42.3,5,"Dubai",33.9,46.2,"Lower",0,"No",0,"No",3558,"First",32.5,34.8,36.4
8445,41.7,17,"Sharjah",30.3,35.3,"Lower",0,"No",0,"No",2699,"Second",30.7,32.2,29.6
8446,30.6,38,"Dubai",34.8,35.3,"Lower",0,"No",0,"No",3162,"Third",34.5,37.7,36.7
8447,30.2,36,"Dubai",35.5,29.8,"High",0,"No",0,"No",3161,"Third",35,40.3,34.6
8448,30.7,5,"Sharjah",25.8,40.6,"Lower",0,"No",0,"No",3066,"First",26.9,25.3,23.6
8449,33.9,30,"Sharjah",31.3,45.6,"Lower",0,"No",0,"No",3402,"Third",30.7,32.6,33
8450,19.7,30,"Abu Dhabi",37.7,14.9,"High",1,"Yes",0,"No",4067,"Third",36.3,37.7,39
8451,19.5,11,"Sharjah",28.5,22.9,"Lower",0,"No",0,"No",3235,"First",30.8,29.1,29.9
8452,41.2,31,"Dubai",29.4,19.9,"Lower",0,"No",0,"No",3327,"Third",30.4,28.4,29.9
8453,35.5,9,"Dubai",32,26.2,"Lower",0,"No",0,"No",2900,"First",30.5,32.7,28.7
8454,25.1,20,"Dubai",31,33.6,"Lower",0,"No",0,"No",3895,"Second",29.3,31.6,28
8455,24,24,"Dubai",30.3,30.8,"Lower",0,"No",0,"No",3209,"Second",31,32.2,30.8
8456,18.8,21,"Dubai",29.1,29.6,"Lower",0,"No",0,"No",3777,"Second",28.2,29.4,30.1
8457,30.1,10,"Dubai",31.4,26.4,"Lower",0,"No",0,"No",2816,"First",32.4,30.7,33.1
8458,18.6,10,"Dubai",32.1,22,"Lower",0,"No",0,"No",3803,"First",32.8,33.6,34.1
8459,21.2,15,"Dubai",27.8,30.8,"Lower",0,"No",0,"No",3925,"Second",28.2,28.1,28.7
8460,40.6,23,"Abu Dhabi",33.2,24.8,"Lower",0,"No",0,"No",3145,"Second",35.8,31,34.9
8461,34.3,12,"Sharjah",32.9,27.9,"Lower",0,"No",1,"Yes",3027,"First",34,33.5,32.5
8462,25.5,23,"Dubai",32.3,30.2,"Lower",0,"No",0,"No",3357,"Second",33,31.2,35.7
8463,30.9,22,"Sharjah",36.1,42.6,"High",0,"No",0,"No",2809,"Second",37.2,33.8,33.7
8464,32.6,40,"Sharjah",29.4,25.4,"Lower",0,"No",0,"No",3394,"Third",31.5,31,29.7
8465,32.6,34,"Dubai",32.6,17.1,"Lower",0,"No",0,"No",2638,"Third",35.1,34.2,32
8466,30.3,17,"Dubai",32.1,24.6,"Lower",0,"No",0,"No",3280,"Second",30.7,32.2,33.4
8467,44.9,11,"Dubai",32.1,28.6,"Lower",0,"No",0,"No",3854,"First",28.2,32.6,31.9
8468,25.9,22,"Abu Dhabi",35.1,15.3,"High",0,"No",0,"No",3241,"Second",32,36.8,32.7
8469,32.9,35,"Abu Dhabi",29.1,33.4,"Lower",0,"No",0,"No",2855,"Third",30.3,30.8,28.6
8470,20.2,16,"Sharjah",32.1,41.7,"Lower",0,"No",0,"No",2569,"Second",31.8,32,33.3
8471,25.7,38,"Sharjah",33,39.3,"Lower",0,"No",0,"No",3637,"Third",33.6,32.8,31.9
8472,29.5,15,"Dubai",32.4,37.5,"Lower",0,"No",0,"No",3422,"Second",32.5,34.4,33
8473,31.4,11,"Dubai",31.6,27.6,"Lower",0,"No",0,"No",2843,"First",33.7,31.6,30.4
8474,39.8,13,"Dubai",36.6,23.9,"High",0,"No",1,"Yes",3658,"First",34.9,37.9,36.2
8475,19.7,7,"Abu Dhabi",30.2,20.8,"Lower",0,"No",0,"No",3012,"First",29.6,28.6,30.7
8476,42.7,39,"Sharjah",32.7,26.8,"Lower",0,"No",0,"No",2807,"Third",32.1,32.1,32
8477,32,40,"Dubai",38.3,21.5,"High",0,"No",0,"No",3099,"Third",37.4,38.5,38.5
8478,34.6,39,"Sharjah",35.4,37.5,"High",0,"No",1,"Yes",3470,"Third",34.8,36.3,35.5
8479,23.5,5,"Dubai",32.7,23.7,"Lower",0,"No",0,"No",3400,"First",31.9,35.3,33.2
8480,36.8,16,"Dubai",27.5,34.2,"Lower",0,"No",0,"No",3579,"Second",26.5,28.8,29.4
8481,29.8,12,"Abu Dhabi",33.6,30,"Lower",0,"No",0,"No",3376,"First",34.3,34.3,34.1
8482,39.4,15,"Abu Dhabi",31.2,28.7,"Lower",0,"No",0,"No",3234,"Second",31.2,28.3,33.4
8483,40.6,8,"Dubai",32,28.5,"Lower",0,"No",0,"No",3094,"First",32.5,32.4,32.7
8484,31.3,9,"Abu Dhabi",31.9,28.9,"Lower",0,"No",0,"No",3604,"First",32.7,32.2,32.5
8485,29.4,5,"Dubai",33.4,33.8,"Lower",0,"No",0,"No",2818,"First",34,35.7,33.9
8486,32.1,30,"Dubai",31.7,27.4,"Lower",0,"No",1,"Yes",2926,"Third",29.3,33.5,33.5
8487,35.3,35,"Abu Dhabi",30,27.3,"Lower",0,"No",1,"Yes",3854,"Third",30.4,30.7,33.2
8488,43.5,4,"Sharjah",34.1,22.8,"Lower",0,"No",0,"No",3254,"First",34.5,34.2,33.8
8489,33.2,10,"Abu Dhabi",35.3,43.9,"High",0,"No",0,"No",2865,"First",35,35.3,33.3
8490,25.7,9,"Abu Dhabi",32.7,22.8,"Lower",0,"No",0,"No",3594,"First",34.7,28.8,34.5
8491,44.6,24,"Sharjah",31.5,25.4,"Lower",0,"No",0,"No",2838,"Second",30.5,31.5,29.1
8492,33.7,28,"Dubai",30.7,36.7,"Lower",0,"No",0,"No",3737,"Third",29.7,29.4,29.9
8493,42.5,15,"Dubai",27.9,40.9,"Lower",0,"No",0,"No",3906,"Second",27.1,26.9,27.3
8494,25.8,18,"Dubai",33.1,33.3,"Lower",0,"No",0,"No",3168,"Second",31.2,37.3,32.2
8495,35.4,23,"Sharjah",31,28.8,"Lower",0,"No",0,"No",3544,"Second",32.3,31.4,32.8
8496,26.4,37,"Dubai",32.7,34.5,"Lower",0,"No",0,"No",3383,"Third",34.3,35.3,35
8497,20.9,8,"Dubai",26.3,26.6,"Lower",0,"No",0,"No",3737,"First",25,25.9,25
8498,33,14,"Dubai",30.4,26.3,"Lower",0,"No",0,"No",4070,"Second",30.2,33,32.4
8499,44.3,28,"Dubai",36.1,28.9,"High",0,"No",0,"No",3037,"Third",35.4,37.9,36.8
8500,20.5,28,"Sharjah",29,19.5,"Lower",0,"No",0,"No",4089,"Third",28.6,27.6,29.9
8501,41.4,9,"Dubai",36.6,26.1,"High",0,"No",0,"No",2841,"First",37.7,41.1,35.7
8502,35.9,24,"Sharjah",32.8,25.2,"Lower",0,"No",0,"No",3644,"Second",33.6,30.1,35.8
8503,30.7,9,"Abu Dhabi",23.1,26.5,"Lower",0,"No",0,"No",3259,"First",23.1,23.7,23.2
8504,23.2,9,"Dubai",37.4,32.1,"High",1,"Yes",0,"No",3533,"First",37.5,35.9,37.2
8505,29.2,22,"Sharjah",34.4,23,"Lower",0,"No",1,"Yes",3210,"Second",33.7,32,37.1
8506,36.7,9,"Sharjah",37.3,21.7,"High",0,"No",0,"No",2598,"First",38.1,36.4,36
8507,22.8,4,"Abu Dhabi",32.5,23.9,"Lower",0,"No",0,"No",2917,"First",32.9,34.2,30.9
8508,41.8,29,"Dubai",30.9,42.2,"Lower",0,"No",0,"No",2684,"Third",33.1,33.4,30.4
8509,32.8,23,"Sharjah",34.2,32,"Lower",0,"No",1,"Yes",3243,"Second",35.5,34.8,35.2
8510,27,31,"Dubai",36.5,23.2,"High",0,"No",0,"No",2835,"Third",37.2,37.9,34.8
8511,42.1,40,"Abu Dhabi",30.5,32.2,"Lower",0,"No",0,"No",3810,"Third",29.3,29.7,28.7
8512,26.2,26,"Abu Dhabi",29.6,31.4,"Lower",0,"No",1,"Yes",3559,"Second",29.3,32.2,28.9
8513,23.2,37,"Abu Dhabi",31.5,41.2,"Lower",0,"No",0,"No",3135,"Third",31.9,29.9,31.3
8514,37.9,16,"Abu Dhabi",29.4,23.1,"Lower",0,"No",1,"Yes",3188,"Second",28.3,30.8,30.6
8515,28,26,"Sharjah",35.3,16.5,"High",0,"No",0,"No",2881,"Second",35.3,36,36.5
8516,30.1,6,"Abu Dhabi",27.9,33.4,"Lower",0,"No",0,"No",3215,"First",27,26.6,30.3
8517,34.3,11,"Abu Dhabi",30.3,41.2,"Lower",0,"No",0,"No",3344,"First",30.1,27.6,28.9
8518,43.2,29,"Abu Dhabi",33.5,16.2,"Lower",0,"No",0,"No",3066,"Third",32.2,31.7,33.9
8519,39.6,21,"Sharjah",30.9,22.7,"Lower",0,"No",0,"No",3436,"Second",30,32,29.5
8520,20.5,32,"Abu Dhabi",32.7,29.1,"Lower",0,"No",0,"No",3841,"Third",29,33.2,28.9
8521,31.6,14,"Dubai",33.5,41.6,"Lower",0,"No",0,"No",2762,"Second",33.3,33.1,32.8
8522,36.9,34,"Dubai",26.2,27.1,"Lower",0,"No",0,"No",3589,"Third",24.8,25.6,26.1
8523,38.7,34,"Dubai",32.2,36.9,"Lower",0,"No",0,"No",2918,"Third",29.9,33.5,33.5
8524,18.6,34,"Abu Dhabi",33.3,32.6,"Lower",0,"No",0,"No",2677,"Third",32.7,34,35.1
8525,21.4,35,"Dubai",27.5,26.6,"Lower",0,"No",0,"No",3375,"Third",25.5,27.6,27.4
8526,28.2,36,"Dubai",28.9,48.4,"Lower",1,"Yes",0,"No",3077,"Third",29.3,28.1,29.5
8527,33.8,39,"Dubai",33.7,22.6,"Lower",0,"No",0,"No",2704,"Third",33.3,33.8,33.9
8528,25.8,16,"Abu Dhabi",29.2,17,"Lower",0,"No",0,"No",3248,"Second",28.2,26.2,27.4
8529,38.8,37,"Abu Dhabi",34.6,32.2,"Lower",0,"No",0,"No",2277,"Third",33.3,32,33.7
8530,38.4,4,"Abu Dhabi",37.6,22.9,"High",0,"No",0,"No",2032,"First",37.5,38.1,37.7
8531,21.7,10,"Dubai",35.6,33.1,"High",0,"No",1,"Yes",3439,"First",34.2,35.9,38.5
8532,42.9,21,"Dubai",28.5,18,"Lower",0,"No",0,"No",3443,"Second",28.9,29.9,27.2
8533,18.9,33,"Abu Dhabi",34.6,24.6,"Lower",0,"No",0,"No",2449,"Third",32.4,36.3,37
8534,31.9,38,"Abu Dhabi",34.6,21.9,"Lower",0,"No",1,"Yes",2972,"Third",34.7,33.9,33.4
8535,21.4,26,"Abu Dhabi",27.2,33.6,"Lower",0,"No",0,"No",2995,"Second",27,28.1,26.6
8536,22.3,5,"Dubai",31.1,36.1,"Lower",0,"No",0,"No",2821,"First",32.1,31,31.4
8537,34.6,11,"Abu Dhabi",34.3,17.7,"Lower",0,"No",0,"No",3345,"First",35,34.2,34.4
8538,41.9,36,"Abu Dhabi",33.3,17.7,"Lower",0,"No",1,"Yes",3052,"Third",34.6,31.3,37.5
8539,24.9,5,"Abu Dhabi",29,29.4,"Lower",0,"No",0,"No",3299,"First",28.9,29,30.6
8540,22,11,"Dubai",31.4,13.3,"Lower",1,"Yes",0,"No",3158,"First",29.2,32,32.8
8541,32.4,16,"Abu Dhabi",27.9,10.5,"Lower",0,"No",0,"No",3073,"Second",28.5,27.7,28.6
8542,30.7,10,"Abu Dhabi",33.9,43.4,"Lower",0,"No",1,"Yes",2389,"First",31.9,33.2,33.4
8543,26.5,17,"Sharjah",29.8,33.8,"Lower",0,"No",0,"No",3189,"Second",32.7,29.6,28.8
8544,44,26,"Dubai",31,33.9,"Lower",0,"No",0,"No",3152,"Second",30.3,30.8,28.7
8545,18.6,37,"Dubai",28.4,21.1,"Lower",0,"No",0,"No",2832,"Third",27.1,27.5,31.2
8546,29.6,26,"Dubai",34.6,21.6,"Lower",0,"No",0,"No",3008,"Second",34.7,36.4,36.7
8547,18.6,24,"Dubai",32.7,17.2,"Lower",0,"No",0,"No",3244,"Second",34.6,34.1,36
8548,42.5,21,"Dubai",30.3,40.9,"Lower",0,"No",1,"Yes",2124,"Second",30.6,32.3,32
8549,20.2,6,"Abu Dhabi",34,31.8,"Lower",0,"No",0,"No",2992,"First",35.6,33.6,35.6
8550,43.4,21,"Abu Dhabi",34.8,19.9,"Lower",1,"Yes",0,"No",3472,"Second",31.4,38.1,35.1
8551,23.5,36,"Sharjah",31.9,39.6,"Lower",0,"No",0,"No",2772,"Third",33.6,32.8,29.2
8552,42,16,"Sharjah",27.2,37.4,"Lower",0,"No",0,"No",3115,"Second",26.8,27.3,29.2
8553,30.5,5,"Abu Dhabi",35.4,34.5,"High",0,"No",0,"No",2171,"First",31.8,36.5,34.6
8554,20.2,25,"Abu Dhabi",28.1,33.5,"Lower",0,"No",0,"No",2778,"Second",27.8,27.8,25.6
8555,18.7,14,"Dubai",34,29.5,"Lower",0,"No",0,"No",2030,"Second",31.3,35.8,34.4
8556,30.3,12,"Abu Dhabi",28,38.6,"Lower",0,"No",0,"No",3523,"First",28.1,32,28.5
8557,42.5,39,"Dubai",33,37.9,"Lower",0,"No",0,"No",3115,"Third",34.2,31.8,33.5
8558,20.3,8,"Abu Dhabi",30.2,24.6,"Lower",0,"No",0,"No",2887,"First",30.6,29,28.6
8559,18.2,8,"Sharjah",27.7,36.2,"Lower",0,"No",0,"No",3418,"First",25.9,27.4,28.9
8560,18.4,16,"Sharjah",30.6,31.6,"Lower",0,"No",1,"Yes",3210,"Second",32.1,30.2,30.6
8561,33.3,10,"Sharjah",35.8,27,"High",0,"No",0,"No",3235,"First",34.8,34.7,36.6
8562,28.9,19,"Dubai",25.9,32.2,"Lower",0,"No",0,"No",3921,"Second",25,24.4,26.1
8563,19.5,8,"Abu Dhabi",28.3,33.8,"Lower",0,"No",0,"No",2942,"First",27.4,26.1,27.7
8564,26.2,20,"Dubai",32.9,29,"Lower",0,"No",0,"No",3007,"Second",32,34.3,33.9
8565,41.2,20,"Abu Dhabi",32.6,34.4,"Lower",0,"No",0,"No",3215,"Second",30.1,31.4,32.1
8566,32.1,40,"Abu Dhabi",35,40.2,"High",0,"No",0,"No",3275,"Third",35,33,38.1
8567,35.4,22,"Sharjah",28.2,20.6,"Lower",0,"No",0,"No",3388,"Second",30.4,26.5,25.3
8568,43,7,"Abu Dhabi",30.4,20.5,"Lower",0,"No",1,"Yes",3702,"First",31.6,30.8,30.8
8569,33.4,9,"Dubai",30.1,36,"Lower",0,"No",0,"No",3973,"First",30.4,31.6,28.6
8570,27.5,21,"Abu Dhabi",33.8,31.5,"Lower",0,"No",0,"No",3247,"Second",31.4,34.7,36.8
8571,27.2,24,"Sharjah",34.5,33.8,"Lower",0,"No",0,"No",4284,"Second",35,34.4,35.6
8572,22.5,14,"Abu Dhabi",31.1,32.8,"Lower",0,"No",0,"No",3093,"Second",31.9,32.8,33.3
8573,44.6,21,"Sharjah",34.1,26.7,"Lower",0,"No",0,"No",3394,"Second",34.1,33.4,35.7
8574,39.1,29,"Sharjah",28.8,32.5,"Lower",0,"No",0,"No",3264,"Third",29.4,29.4,29.9
8575,23.6,18,"Sharjah",33.8,25.9,"Lower",0,"No",0,"No",3288,"Second",32.7,34.1,32.2
8576,38.2,24,"Dubai",25.8,27,"Lower",0,"No",0,"No",3396,"Second",24.1,26.2,27.1
8577,35.2,18,"Dubai",35.5,30.7,"High",0,"No",0,"No",3506,"Second",33.6,37.4,35.6
8578,20.7,5,"Abu Dhabi",34.1,37.8,"Lower",0,"No",0,"No",2916,"First",34.1,32.5,31.7
8579,31.4,28,"Dubai",31.5,19,"Lower",0,"No",0,"No",3899,"Third",33.1,30.1,29.4
8580,28.8,12,"Abu Dhabi",30.9,30.3,"Lower",0,"No",0,"No",3347,"First",28.3,30,30.4
8581,44.3,10,"Sharjah",31.7,27.5,"Lower",0,"No",0,"No",3187,"First",30.9,32.7,31.6
8582,25,13,"Dubai",36.9,34.5,"High",0,"No",0,"No",2442,"First",37.1,35.9,38.2
8583,24.1,13,"Dubai",34.4,26.1,"Lower",0,"No",0,"No",3599,"First",35.4,34.9,35.6
8584,23.9,40,"Dubai",30.4,33.7,"Lower",0,"No",0,"No",2784,"Third",30.4,29.4,30.9
8585,42.9,6,"Abu Dhabi",30.3,33.3,"Lower",0,"No",0,"No",3475,"First",30.9,31.9,30.8
8586,34.1,8,"Abu Dhabi",32.1,41.4,"Lower",0,"No",0,"No",3284,"First",31.8,31.8,29.5
8587,32.9,7,"Abu Dhabi",36.7,23.1,"High",0,"No",0,"No",3139,"First",36.5,35.1,34.8
8588,28.6,18,"Dubai",31,20.1,"Lower",0,"No",0,"No",2946,"Second",30.6,32.5,33.1
8589,29.2,36,"Sharjah",30.9,31,"Lower",0,"No",0,"No",3566,"Third",28.8,30.5,32.8
8590,19.3,18,"Dubai",26.4,31.5,"Lower",0,"No",0,"No",2829,"Second",27.5,27.2,26.8
8591,43.5,17,"Dubai",36.4,31.3,"High",0,"No",0,"No",3671,"Second",33.9,39.7,33.1
8592,25.1,6,"Dubai",31.6,36.8,"Lower",0,"No",1,"Yes",2865,"First",30.3,34.5,30.4
8593,42.8,12,"Abu Dhabi",32.4,41.5,"Lower",0,"No",0,"No",2797,"First",31.6,32.8,35.8
8594,18.6,32,"Abu Dhabi",34.4,35,"Lower",0,"No",0,"No",2473,"Third",35,35.2,36.5
8595,25.3,15,"Dubai",35.3,46.6,"High",1,"Yes",0,"No",3331,"Second",35.4,34.3,34.5
8596,23.3,38,"Dubai",26.4,47.5,"Lower",0,"No",0,"No",3188,"Third",27.2,26.8,26.9
8597,26.3,37,"Abu Dhabi",34.8,19.5,"Lower",0,"No",0,"No",3734,"Third",34.5,34.4,35.9
8598,38.4,39,"Dubai",31.2,28.9,"Lower",1,"Yes",0,"No",3356,"Third",33.6,29.3,30.9
8599,21.6,20,"Dubai",31.2,30.8,"Lower",0,"No",0,"No",3178,"Second",32,30.3,32.6
8600,24.5,27,"Dubai",30.4,30.2,"Lower",0,"No",0,"No",3492,"Second",30.3,31.5,30.9
8601,27.3,19,"Abu Dhabi",28.9,27.8,"Lower",0,"No",0,"No",4004,"Second",27.9,30.4,29.2
8602,26.7,16,"Dubai",32,26.4,"Lower",0,"No",0,"No",3551,"Second",32.7,31.4,31.2
8603,26.2,11,"Abu Dhabi",27.2,25.5,"Lower",0,"No",0,"No",3664,"First",28.2,28,27
8604,41.1,19,"Dubai",33.5,24,"Lower",0,"No",0,"No",3744,"Second",35,32.8,32.8
8605,32.7,22,"Abu Dhabi",33.2,22.9,"Lower",1,"Yes",0,"No",2428,"Second",35.8,33.8,34.8
8606,38.1,15,"Sharjah",31.6,35.8,"Lower",0,"No",0,"No",2633,"Second",32.4,32.2,30.5
8607,40.7,5,"Abu Dhabi",32.1,42.4,"Lower",0,"No",0,"No",3108,"First",32.8,31.3,31
8608,30.9,36,"Abu Dhabi",35.2,25.8,"High",0,"No",0,"No",2915,"Third",34.8,34.4,35.4
8609,30.1,30,"Abu Dhabi",35.5,25.4,"High",0,"No",0,"No",2186,"Third",35,34.1,35.9
8610,28.4,19,"Dubai",28.2,32,"Lower",0,"No",1,"Yes",4649,"Second",28,31.7,29.2
8611,34.1,28,"Sharjah",27,35.4,"Lower",0,"No",0,"No",3104,"Third",26.6,28.1,28.7
8612,23.8,6,"Sharjah",32.5,31.2,"Lower",0,"No",0,"No",2841,"First",31.4,31.6,32.7
8613,20.3,11,"Abu Dhabi",32.1,29.8,"Lower",0,"No",0,"No",4044,"First",34.1,30.8,31.4
8614,44.5,21,"Dubai",32.3,23,"Lower",0,"No",0,"No",2341,"Second",30.7,29.7,33.7
8615,20.3,14,"Abu Dhabi",36.4,37.4,"High",0,"No",0,"No",3297,"Second",34.1,37.3,37.5
8616,44,40,"Abu Dhabi",27,46.5,"Lower",0,"No",0,"No",2611,"Third",27.2,28.4,25.5
8617,24.9,4,"Dubai",34.1,25.8,"Lower",0,"No",0,"No",3108,"First",35.2,31.4,35.8
8618,24.2,37,"Abu Dhabi",31.8,33.5,"Lower",0,"No",0,"No",1874,"Third",32.8,33.1,33
8619,38.8,20,"Dubai",32.8,46.7,"Lower",0,"No",0,"No",2544,"Second",36.1,34.5,32.8
8620,31.2,39,"Dubai",36.3,33.5,"High",0,"No",1,"Yes",2652,"Third",37.3,35.3,35
8621,36.5,40,"Dubai",28.8,29.7,"Lower",0,"No",0,"No",4043,"Third",28.3,28.8,30
8622,41.1,10,"Dubai",33.8,31.2,"Lower",0,"No",0,"No",2562,"First",33.5,32,35
8623,44.6,33,"Abu Dhabi",35.4,38.3,"High",0,"No",0,"No",2723,"Third",36.6,33.4,33.7
8624,39.2,25,"Abu Dhabi",41.1,19.2,"High",0,"No",0,"No",2606,"Second",42.8,40.7,41.6
8625,35.5,23,"Dubai",31.1,29.6,"Lower",0,"No",1,"Yes",2984,"Second",33.2,28.7,32.6
8626,36.4,33,"Abu Dhabi",30.9,40.8,"Lower",1,"Yes",0,"No",3215,"Third",31.6,31.1,29.2
8627,35.5,16,"Dubai",29.6,30.7,"Lower",0,"No",0,"No",3048,"Second",29.5,29.7,28.7
8628,19.1,30,"Dubai",36.5,31,"High",0,"No",0,"No",3097,"Third",36.7,41.9,39.8
8629,21.8,38,"Abu Dhabi",34.4,30.2,"Lower",0,"No",0,"No",2929,"Third",34.5,33.7,35.3
8630,24.2,10,"Abu Dhabi",31.6,29.7,"Lower",0,"No",0,"No",3529,"First",32.7,32.7,31.7
8631,26.7,19,"Dubai",29.1,41.2,"Lower",0,"No",0,"No",3501,"Second",30.7,28.7,28.4
8632,42.3,29,"Abu Dhabi",27.8,23.7,"Lower",0,"No",0,"No",3028,"Third",28.8,30.7,28.5
8633,35.2,21,"Abu Dhabi",35.7,27.1,"High",1,"Yes",0,"No",2584,"Second",36.4,36.5,35.1
8634,19.3,21,"Sharjah",33.5,23.4,"Lower",0,"No",0,"No",3440,"Second",34.1,32,35.4
8635,32.1,8,"Dubai",37.9,29.3,"High",1,"Yes",0,"No",3238,"First",38.4,38.6,37
8636,35.3,25,"Abu Dhabi",32,35.4,"Lower",0,"No",1,"Yes",3422,"Second",30.1,32.3,33.9
8637,39.9,36,"Abu Dhabi",34.5,23.3,"Lower",0,"No",0,"No",2953,"Third",35.9,36.1,36
8638,33.1,39,"Dubai",33.8,29.7,"Lower",0,"No",0,"No",2730,"Third",33.3,35.1,33.3
8639,29.1,12,"Abu Dhabi",30.8,34.2,"Lower",0,"No",0,"No",3745,"First",30.8,30.1,30
8640,39.9,13,"Abu Dhabi",29.5,25.9,"Lower",0,"No",0,"No",3187,"First",31.6,28.7,31.9
8641,38.1,7,"Abu Dhabi",26.8,30.2,"Lower",0,"No",0,"No",3503,"First",28.1,24.6,25.2
8642,40.2,16,"Dubai",26.5,20.1,"Lower",0,"No",0,"No",3320,"Second",26.6,28.6,24.5
8643,41.7,12,"Abu Dhabi",27.3,17.7,"Lower",0,"No",0,"No",2945,"First",26.7,28,28.4
8644,37.7,18,"Dubai",32.5,41.4,"Lower",0,"No",0,"No",3817,"Second",30.2,31.8,31.8
8645,39.4,13,"Dubai",25.8,36.8,"Lower",0,"No",0,"No",3604,"First",26.1,26.5,25.7
8646,34.9,24,"Sharjah",27.5,39.3,"Lower",0,"No",0,"No",4241,"Second",28.3,30.3,23.6
8647,36.7,40,"Dubai",30.4,35.9,"Lower",0,"No",0,"No",3757,"Third",30.7,33.1,30.3
8648,31.4,40,"Abu Dhabi",31.9,28.6,"Lower",0,"No",0,"No",3552,"Third",32.7,32.2,33.8
8649,33,5,"Abu Dhabi",32.9,22.3,"Lower",0,"No",0,"No",3050,"First",30.6,35.3,32.2
8650,22.2,12,"Dubai",27.2,39.9,"Lower",0,"No",0,"No",3286,"First",26,29,29
8651,26.4,4,"Dubai",38.4,30.1,"High",0,"No",0,"No",2526,"First",37.3,39.1,35.3
8652,25.9,25,"Dubai",29.4,28.4,"Lower",0,"No",0,"No",3200,"Second",30.5,29.3,28.9
8653,18.2,16,"Abu Dhabi",36.1,21.5,"High",0,"No",0,"No",2839,"Second",37,35.5,37.1
8654,44.3,15,"Abu Dhabi",32,31.2,"Lower",0,"No",0,"No",2817,"Second",35.1,33.1,32.8
8655,40,6,"Dubai",29.8,27.4,"Lower",0,"No",0,"No",3773,"First",30.5,30.4,31.5
8656,40.8,40,"Abu Dhabi",31.4,24.5,"Lower",0,"No",0,"No",3845,"Third",30.7,33.7,30.5
8657,44.2,21,"Abu Dhabi",30.1,39.4,"Lower",0,"No",1,"Yes",3282,"Second",30.9,33,28.3
8658,37.4,37,"Dubai",29.4,40.9,"Lower",0,"No",0,"No",3562,"Third",30,30.5,31.6
8659,29.8,33,"Dubai",35.1,18.3,"High",0,"No",0,"No",3198,"Third",37.2,32.3,33.1
8660,25.2,23,"Abu Dhabi",36,32.8,"High",0,"No",0,"No",2448,"Second",36.8,35.2,39.6
8661,42.8,8,"Abu Dhabi",32.1,20.1,"Lower",0,"No",0,"No",2810,"First",32.5,33.6,32.8
8662,32,8,"Abu Dhabi",33.1,13.2,"Lower",0,"No",0,"No",3259,"First",31.8,33.6,31.3
8663,19.7,38,"Abu Dhabi",33.7,44.2,"Lower",0,"No",1,"Yes",2414,"Third",33.9,32,34
8664,25.4,24,"Dubai",29.7,24.7,"Lower",0,"No",0,"No",3285,"Second",30.2,28.8,29.6
8665,19.8,25,"Abu Dhabi",34.8,19.7,"Lower",0,"No",0,"No",3269,"Second",37.4,37.4,36.4
8666,27.4,21,"Dubai",33.7,14.4,"Lower",0,"No",0,"No",3295,"Second",34,32.3,30.6
8667,31.3,40,"Dubai",33.2,31.8,"Lower",0,"No",0,"No",3208,"Third",32.3,33.7,31.6
8668,41.7,7,"Abu Dhabi",35.6,23.8,"High",1,"Yes",0,"No",3522,"First",38.5,37.9,34.7
8669,33.7,39,"Abu Dhabi",35.6,34.8,"High",0,"No",0,"No",3260,"Third",34.8,33.6,36.2
8670,39.4,25,"Sharjah",37.6,26.3,"High",0,"No",0,"No",2758,"Second",38.2,37.1,40.2
8671,34.8,18,"Sharjah",34.8,20.6,"Lower",0,"No",0,"No",3651,"Second",33.4,36.8,36.4
8672,28.3,38,"Sharjah",32.6,27.3,"Lower",0,"No",0,"No",3588,"Third",33.2,31.5,34.3
8673,25.4,4,"Sharjah",27.5,31,"Lower",0,"No",0,"No",3455,"First",28.2,25.3,27.1
8674,27.3,32,"Abu Dhabi",34.3,25,"Lower",0,"No",0,"No",3016,"Third",35.2,32.5,35.7
8675,44.9,9,"Dubai",33.3,35.5,"Lower",0,"No",1,"Yes",3160,"First",32.7,33.7,33.5
8676,35.6,35,"Dubai",23.4,19.4,"Lower",0,"No",0,"No",2949,"Third",22.1,22.5,22.5
8677,23.2,6,"Dubai",28.1,36.3,"Lower",0,"No",0,"No",3157,"First",28.8,27.2,26.9
8678,24.7,15,"Dubai",35.1,17.1,"High",0,"No",0,"No",3453,"Second",35.1,33.8,36.6
8679,24.1,21,"Dubai",37.1,20.6,"High",0,"No",0,"No",3622,"Second",36.1,37.4,34.9
8680,38.6,26,"Abu Dhabi",33.3,30.5,"Lower",0,"No",0,"No",3008,"Second",35.2,37,34.1
8681,38.9,10,"Dubai",29.7,28.7,"Lower",0,"No",0,"No",2404,"First",28.1,26.5,30.6
8682,39.5,9,"Sharjah",34.1,21.3,"Lower",0,"No",0,"No",2543,"First",32.2,34.1,33.2
8683,34.5,36,"Abu Dhabi",31.3,31.6,"Lower",0,"No",0,"No",4221,"Third",31.9,33.3,31.4
8684,33.6,27,"Abu Dhabi",32.9,18.3,"Lower",0,"No",0,"No",3475,"Second",34.5,33.5,34.6
8685,18.2,24,"Dubai",33.9,36.4,"Lower",0,"No",0,"No",3205,"Second",33.3,32.2,35.7
8686,20.9,12,"Dubai",30,33.7,"Lower",0,"No",0,"No",2860,"First",29.5,30,30.9
8687,36.9,28,"Abu Dhabi",33.5,22.4,"Lower",0,"No",0,"No",2688,"Third",33.6,31.4,33.5
8688,21.8,5,"Abu Dhabi",34.4,31.2,"Lower",0,"No",0,"No",2695,"First",33.3,34.2,33.1
8689,30.7,18,"Abu Dhabi",32.1,28.8,"Lower",0,"No",0,"No",3048,"Second",31.5,34.5,30.9
8690,29.3,12,"Dubai",31.6,17,"Lower",0,"No",0,"No",3415,"First",32.9,29.8,30.3
8691,33.5,4,"Sharjah",33.3,17.8,"Lower",0,"No",0,"No",3210,"First",33.5,32,33.4
8692,42.3,14,"Dubai",35.9,32.7,"High",0,"No",0,"No",2709,"Second",34.6,35,34.8
8693,35.2,25,"Abu Dhabi",34.4,31.9,"Lower",0,"No",0,"No",3404,"Second",34.8,32.7,34.3
8694,30.4,14,"Sharjah",28.7,26.4,"Lower",1,"Yes",0,"No",3122,"Second",30.6,28.3,31.5
8695,34.3,18,"Abu Dhabi",32.5,28,"Lower",0,"No",0,"No",3432,"Second",31.5,30.4,34
8696,20.9,29,"Abu Dhabi",30.1,32.9,"Lower",0,"No",0,"No",4127,"Third",27.5,31.2,31.1
8697,32.3,8,"Abu Dhabi",29.3,35.9,"Lower",0,"No",0,"No",3181,"First",28,28.3,30.5
8698,25.9,32,"Sharjah",33.8,45.5,"Lower",0,"No",0,"No",3524,"Third",33.4,33.3,34.5
8699,25.8,19,"Sharjah",29.7,23.1,"Lower",0,"No",0,"No",3653,"Second",29.4,27.6,30.5
8700,28.9,21,"Abu Dhabi",34.2,35.4,"Lower",0,"No",0,"No",2879,"Second",33.5,34.5,33.4
8701,37.5,15,"Abu Dhabi",28.5,29.4,"Lower",0,"No",1,"Yes",3216,"Second",27.1,28.3,28.5
8702,22.3,4,"Sharjah",36.3,37.4,"High",0,"No",0,"No",2535,"First",37,35.1,39
8703,44.9,38,"Dubai",31.2,22.5,"Lower",1,"Yes",0,"No",3664,"Third",32.6,31.2,30.4
8704,23.3,39,"Abu Dhabi",34.3,36.5,"Lower",0,"No",0,"No",2466,"Third",32.5,33.7,36.3
8705,29.1,34,"Dubai",31,26.4,"Lower",0,"No",0,"No",3200,"Third",31.2,31.7,32.6
8706,36.9,13,"Abu Dhabi",34.8,29.8,"Lower",0,"No",0,"No",3080,"First",34.1,32.2,33.9
8707,39,30,"Dubai",35.2,27.7,"High",0,"No",0,"No",2341,"Third",33,34.3,34.8
8708,19.6,13,"Dubai",32.5,30.5,"Lower",0,"No",0,"No",3022,"First",33.3,33.6,32.7
8709,34.8,22,"Dubai",26.1,35.2,"Lower",0,"No",0,"No",3666,"Second",25.7,23.3,21.9
8710,25.3,32,"Abu Dhabi",34.6,30,"Lower",0,"No",0,"No",3612,"Third",33.8,35.6,35.1
8711,42.3,10,"Dubai",33.5,29.9,"Lower",0,"No",0,"No",2489,"First",31.1,33.5,32.7
8712,40.7,20,"Abu Dhabi",30.6,17.2,"Lower",0,"No",0,"No",3666,"Second",30,29.5,33.9
8713,35.6,38,"Sharjah",34,35.8,"Lower",0,"No",0,"No",3159,"Third",36,34.4,35.6
8714,42.6,24,"Dubai",40.9,40.3,"High",0,"No",0,"No",3191,"Second",38.9,41.1,42.7
8715,28.5,21,"Dubai",31,39.2,"Lower",0,"No",0,"No",3311,"Second",31.7,30.9,31.2
8716,23.8,38,"Sharjah",34.6,11.7,"Lower",0,"No",0,"No",3311,"Third",34.8,36.1,34.7
8717,28.3,35,"Dubai",34.4,30.3,"Lower",0,"No",0,"No",2704,"Third",33.2,33.9,32.6
8718,34.8,7,"Sharjah",33.9,26.2,"Lower",0,"No",0,"No",3192,"First",32.2,35.4,34.5
8719,39.8,4,"Sharjah",33.8,31.1,"Lower",0,"No",0,"No",3224,"First",36,32,31.5
8720,40.2,16,"Dubai",33.6,20.7,"Lower",0,"No",0,"No",3532,"Second",33.8,32.7,35.4
8721,32.8,8,"Dubai",36.9,36.5,"High",0,"No",0,"No",2763,"First",35.3,36.5,34.8
8722,32.6,5,"Dubai",29.2,43.9,"Lower",0,"No",0,"No",3868,"First",30.3,28.2,29.5
8723,41.2,35,"Dubai",26.8,25.5,"Lower",0,"No",0,"No",2710,"Third",25.9,28.9,28.3
8724,43.4,15,"Dubai",34.3,31.1,"Lower",0,"No",0,"No",2373,"Second",33.4,31.2,37
8725,20.5,19,"Dubai",34,22.7,"Lower",0,"No",0,"No",3081,"Second",35,33.9,32.8
8726,39.6,8,"Dubai",32.7,44.6,"Lower",0,"No",0,"No",3274,"First",29.8,32,33.6
8727,41.3,39,"Dubai",27.9,30.6,"Lower",0,"No",0,"No",3104,"Third",28.8,25.7,26.1
8728,44.2,32,"Dubai",29.3,15.2,"Lower",0,"No",0,"No",3276,"Third",27.5,29.9,28.6
8729,43.5,32,"Dubai",34.8,23.2,"Lower",0,"No",0,"No",3044,"Third",33.7,34.9,37.1
8730,44,15,"Abu Dhabi",32.1,31.1,"Lower",0,"No",0,"No",2880,"Second",31.9,31.9,33.5
8731,35.6,37,"Abu Dhabi",27.3,33.3,"Lower",0,"No",0,"No",3096,"Third",26.2,25.3,28.8
8732,29.8,4,"Sharjah",31.4,22.1,"Lower",0,"No",0,"No",3633,"First",34,30.3,29.6
8733,36.1,20,"Dubai",31.4,27.6,"Lower",0,"No",0,"No",3456,"Second",28.8,34.7,32.7
8734,22.1,33,"Sharjah",29,49.4,"Lower",0,"No",0,"No",3755,"Third",29.3,27.7,28.8
8735,44.7,21,"Dubai",31.9,40.1,"Lower",0,"No",0,"No",2897,"Second",31.3,35.8,32.8
8736,21.7,15,"Abu Dhabi",31.3,20.5,"Lower",0,"No",0,"No",2970,"Second",31.5,27.8,32
8737,43.1,17,"Dubai",26.9,29.1,"Lower",0,"No",0,"No",2869,"Second",27.5,27.2,28.1
8738,41.4,33,"Dubai",30.9,38.4,"Lower",0,"No",0,"No",2811,"Third",33.7,30.6,30.7
8739,21.2,20,"Abu Dhabi",34.6,44.2,"Lower",0,"No",0,"No",2905,"Second",33.5,34.6,34.5
8740,41.3,27,"Abu Dhabi",35.1,30.7,"High",0,"No",0,"No",2610,"Second",33.5,33.3,32.3
8741,38.2,10,"Sharjah",36.5,34.6,"High",0,"No",0,"No",2684,"First",35.8,35.7,33.8
8742,26.4,26,"Sharjah",31.4,21.3,"Lower",0,"No",0,"No",3311,"Second",30.3,30.8,31.8
8743,34.4,18,"Sharjah",32.1,35.9,"Lower",0,"No",1,"Yes",3427,"Second",33.4,35.7,30
8744,28.8,13,"Dubai",29.8,32,"Lower",1,"Yes",0,"No",3112,"First",30.2,28.6,28.8
8745,31.4,29,"Abu Dhabi",33.1,21.1,"Lower",0,"No",0,"No",3724,"Third",31.4,35.4,33.8
8746,18.1,4,"Abu Dhabi",34,41.5,"Lower",0,"No",0,"No",3377,"First",34.2,32.6,34.8
8747,39,12,"Dubai",27,40.5,"Lower",0,"No",0,"No",3859,"First",26.7,27.4,26.8
8748,41.6,28,"Sharjah",28.5,26.8,"Lower",0,"No",0,"No",3846,"Third",27.7,26.8,26.7
8749,24.2,37,"Dubai",29.3,17.5,"Lower",0,"No",0,"No",3586,"Third",28.2,29,29.5
8750,31.9,7,"Dubai",32.9,36.8,"Lower",0,"No",0,"No",3529,"First",33.7,32.7,29.9
8751,30.5,23,"Abu Dhabi",37.3,16.9,"High",0,"No",0,"No",3196,"Second",34.6,37.1,38.8
8752,43.3,12,"Dubai",35.7,22.6,"High",0,"No",0,"No",3146,"First",33.5,34.9,34.2
8753,30.7,11,"Dubai",33.5,27.2,"Lower",0,"No",0,"No",2597,"First",35.2,33.1,33
8754,43,12,"Abu Dhabi",29.4,37.2,"Lower",0,"No",0,"No",2975,"First",30,30.8,28.7
8755,37.7,40,"Abu Dhabi",30.5,35.6,"Lower",0,"No",0,"No",2588,"Third",30.3,29.5,30.1
8756,32.3,23,"Dubai",32.8,25.7,"Lower",0,"No",0,"No",3662,"Second",32.4,32.6,32
8757,34.7,11,"Dubai",34.6,34.4,"Lower",0,"No",0,"No",2331,"First",36,34.8,33.5
8758,24.6,19,"Dubai",30.5,33.4,"Lower",0,"No",0,"No",3557,"Second",31.3,35.6,27.4
8759,42.3,35,"Dubai",30.3,24.4,"Lower",0,"No",0,"No",2662,"Third",29.1,31.4,30.9
8760,21.9,8,"Abu Dhabi",31.7,30.5,"Lower",0,"No",0,"No",2566,"First",31.3,32.9,34.7
8761,43.4,18,"Sharjah",29.5,42.9,"Lower",0,"No",1,"Yes",3726,"Second",29.3,28.6,29.2
8762,20.8,27,"Dubai",23.1,37.1,"Lower",0,"No",0,"No",4271,"Second",23.4,24.2,23.8
8763,41.9,5,"Dubai",26.6,22.3,"Lower",0,"No",0,"No",3807,"First",23.9,27.4,27.1
8764,44.8,13,"Dubai",31.6,40.8,"Lower",0,"No",0,"No",2552,"First",31.4,32.3,30.5
8765,44.6,6,"Abu Dhabi",29.7,20.4,"Lower",0,"No",0,"No",3150,"First",29.3,29.2,32.9
8766,21.1,9,"Abu Dhabi",31.6,36.6,"Lower",0,"No",0,"No",2905,"First",32.7,33.6,34.1
8767,44,19,"Dubai",37.1,36.5,"High",1,"Yes",0,"No",2723,"Second",36.5,36.7,39
8768,42.7,22,"Abu Dhabi",30.4,41,"Lower",0,"No",0,"No",2590,"Second",30.2,29.7,31.4
8769,40.2,7,"Dubai",30.3,30.1,"Lower",0,"No",0,"No",2994,"First",31,30.4,29.6
8770,30.9,26,"Dubai",32.9,40.7,"Lower",0,"No",0,"No",3856,"Second",30.9,33.2,31.3
8771,27.9,12,"Dubai",31.4,17.1,"Lower",0,"No",0,"No",3530,"First",32.1,31.4,34.4
8772,33.2,8,"Dubai",31.9,26.2,"Lower",0,"No",0,"No",3494,"First",31.9,33.7,30.8
8773,26.4,20,"Dubai",36.9,24.7,"High",0,"No",0,"No",3713,"Second",35.3,35.4,36.5
8774,27.9,30,"Dubai",31.5,18.7,"Lower",0,"No",0,"No",2808,"Third",34.2,29.3,35
8775,40.5,23,"Abu Dhabi",33.5,38,"Lower",0,"No",0,"No",4127,"Second",31.4,33.1,35.6
8776,36.6,32,"Abu Dhabi",32.6,25.9,"Lower",0,"No",0,"No",3160,"Third",30.5,32.3,35.5
8777,36.8,36,"Dubai",29.3,12.8,"Lower",0,"No",0,"No",3362,"Third",29.1,31,28.5
8778,27.8,30,"Dubai",28.2,32.7,"Lower",0,"No",0,"No",2569,"Third",28.6,28.4,27.3
8779,39.6,31,"Sharjah",33.5,28.3,"Lower",0,"No",0,"No",2596,"Third",34.6,34.2,33.9
8780,43.5,5,"Sharjah",33.3,38.4,"Lower",0,"No",0,"No",2603,"First",34.8,34.5,33.8
8781,38,16,"Sharjah",29.2,37.4,"Lower",0,"No",0,"No",3268,"Second",30.7,28.5,27.7
8782,33.5,4,"Dubai",33.2,25.4,"Lower",0,"No",0,"No",2525,"First",33.2,31,33.2
8783,42.9,11,"Dubai",33,22.1,"Lower",0,"No",0,"No",2439,"First",32.2,33.3,32.3
8784,41.2,19,"Abu Dhabi",28.9,21.9,"Lower",0,"No",0,"No",2554,"Second",30.6,30,29.9
8785,32.9,6,"Dubai",31.4,36.9,"Lower",0,"No",0,"No",3207,"First",32.8,29.9,31.6
8786,31.3,8,"Dubai",33.7,27.5,"Lower",0,"No",0,"No",2332,"First",33.3,32.6,34
8787,44.5,31,"Abu Dhabi",32.8,28.5,"Lower",0,"No",0,"No",3186,"Third",33.2,35.5,33
8788,29.6,19,"Abu Dhabi",30.3,19.9,"Lower",0,"No",0,"No",2895,"Second",32.4,27.5,30.2
8789,35.8,27,"Abu Dhabi",31.4,22.8,"Lower",0,"No",0,"No",3248,"Second",30.4,31.5,32.9
8790,29.3,25,"Sharjah",33.9,24.1,"Lower",0,"No",0,"No",2323,"Second",33.5,34.3,32.9
8791,42.8,28,"Dubai",30.3,33,"Lower",0,"No",0,"No",2579,"Third",29.7,31.5,29.4
8792,22.8,18,"Dubai",33.1,26.9,"Lower",0,"No",0,"No",3138,"Second",33.9,35.7,31.9
8793,27.2,26,"Sharjah",30.5,31.8,"Lower",0,"No",0,"No",3065,"Second",32.4,29.6,31.1
8794,35.5,24,"Dubai",31.4,34.2,"Lower",0,"No",0,"No",3189,"Second",31.9,33.2,31.8
8795,35.9,11,"Dubai",33.1,34.5,"Lower",0,"No",0,"No",2716,"First",31.8,31.7,31.3
8796,26.8,19,"Dubai",26.9,32.2,"Lower",0,"No",0,"No",3813,"Second",26.8,25.9,26
8797,26.2,11,"Abu Dhabi",29.7,24.9,"Lower",0,"No",0,"No",3685,"First",28.3,27.8,27.4
8798,35.3,13,"Dubai",33.1,33.2,"Lower",0,"No",0,"No",2951,"First",33,32.8,32.9
8799,19.6,27,"Abu Dhabi",34.1,47.7,"Lower",0,"No",0,"No",2557,"Second",33.7,33.6,34
8800,33.8,22,"Abu Dhabi",29.7,34.2,"Lower",0,"No",0,"No",3219,"Second",28.9,29.3,29.8
8801,21,33,"Abu Dhabi",27.7,34.7,"Lower",0,"No",1,"Yes",3112,"Third",25.1,27.9,31.7
8802,36.3,26,"Sharjah",30.9,15.4,"Lower",0,"No",0,"No",2409,"Second",29.7,28.9,29.7
8803,44.5,36,"Abu Dhabi",26.7,23.6,"Lower",0,"No",0,"No",4286,"Third",25.9,27.8,27.5
8804,39.8,14,"Abu Dhabi",37.4,18.8,"High",0,"No",0,"No",3177,"Second",37.4,36.9,36.6
8805,22.4,17,"Dubai",32.6,26.1,"Lower",0,"No",0,"No",3257,"Second",37.2,33.5,29.6
8806,27,31,"Dubai",27.6,40.2,"Lower",0,"No",0,"No",3836,"Third",29.7,29.3,27.8
8807,18.8,32,"Sharjah",30.6,32.5,"Lower",0,"No",0,"No",3176,"Third",30.5,27.7,30
8808,30.2,18,"Dubai",38.1,27.8,"High",0,"No",0,"No",3531,"Second",37.9,35.1,37.2
8809,28.4,27,"Sharjah",32.4,36.7,"Lower",0,"No",0,"No",2902,"Second",33.1,28.7,34.1
8810,42.8,30,"Dubai",37,33.5,"High",0,"No",0,"No",2365,"Third",37,36.1,36.6
8811,24.1,8,"Sharjah",28.4,30.9,"Lower",0,"No",0,"No",3526,"First",25.4,28,27.5
8812,30.4,6,"Dubai",26.5,25.5,"Lower",0,"No",0,"No",3811,"First",24.9,26.3,25.6
8813,38.1,29,"Dubai",36.3,33.3,"High",0,"No",0,"No",4271,"Third",37.2,37.9,36.4
8814,44.7,31,"Dubai",31.8,23.3,"Lower",0,"No",0,"No",2964,"Third",33.6,32.5,33.9
8815,29.9,37,"Sharjah",30.3,29.3,"Lower",0,"No",0,"No",3184,"Third",27.7,28.5,29.6
8816,42.3,11,"Abu Dhabi",36.1,26.1,"High",0,"No",1,"Yes",2589,"First",36.1,36.1,33.9
8817,33.5,18,"Abu Dhabi",31.8,22.6,"Lower",0,"No",0,"No",3316,"Second",30.3,32.1,30.8
8818,22.2,32,"Abu Dhabi",35.4,35.3,"High",0,"No",0,"No",3489,"Third",34.8,37.3,35.7
8819,28.5,15,"Sharjah",30.6,35.9,"Lower",0,"No",0,"No",3155,"Second",30.4,33.5,30.9
8820,37.4,19,"Dubai",30.6,34.5,"Lower",0,"No",0,"No",3882,"Second",30.9,30.3,29.7
8821,31.9,31,"Abu Dhabi",32.5,18.2,"Lower",0,"No",0,"No",2904,"Third",32.7,33,33.7
8822,41.7,5,"Abu Dhabi",30.1,14.4,"Lower",0,"No",0,"No",2878,"First",28.7,32.3,31.2
8823,37.6,38,"Sharjah",24,33.1,"Lower",0,"No",0,"No",2959,"Third",23.9,22.8,25.9
8824,38.2,20,"Abu Dhabi",30.2,25.8,"Lower",0,"No",0,"No",2871,"Second",32.5,30.5,30.9
8825,40.2,15,"Abu Dhabi",30.6,23.3,"Lower",0,"No",0,"No",2903,"Second",29,31.5,30.8
8826,21.5,40,"Dubai",34.3,29.8,"Lower",0,"No",0,"No",3109,"Third",33.6,37.2,34.5
8827,24.4,6,"Dubai",29.9,31.9,"Lower",0,"No",0,"No",3309,"First",32.9,27.7,28.5
8828,32.2,10,"Sharjah",34.8,37.4,"Lower",0,"No",1,"Yes",2879,"First",35.8,37.7,33.8
8829,44.3,19,"Abu Dhabi",32,27.1,"Lower",0,"No",0,"No",4318,"Second",31,35.4,31.4
8830,22.1,19,"Abu Dhabi",29.1,30,"Lower",0,"No",0,"No",3595,"Second",27.5,28.5,29.3
8831,41.6,18,"Abu Dhabi",36.6,26.5,"High",0,"No",0,"No",2664,"Second",36.8,35.8,37.4
8832,20,27,"Sharjah",37.2,28.4,"High",0,"No",0,"No",3260,"Second",35.7,38.7,36.4
8833,27.2,12,"Abu Dhabi",36.8,26.5,"High",0,"No",0,"No",2628,"First",35.5,37.7,33.6
8834,23.4,23,"Abu Dhabi",33.8,24.9,"Lower",0,"No",0,"No",2550,"Second",36.1,30.8,30.3
8835,23.7,18,"Dubai",31.1,27.5,"Lower",0,"No",1,"Yes",3801,"Second",31.5,28.4,31
8836,36.3,27,"Sharjah",32.9,24.9,"Lower",0,"No",0,"No",2969,"Second",34,36.1,32.3
8837,38.6,38,"Dubai",29.3,20.3,"Lower",1,"Yes",0,"No",3620,"Third",33,29.4,26.4
8838,22.9,37,"Sharjah",30.8,19.3,"Lower",0,"No",0,"No",4009,"Third",29.1,32.5,26.6
8839,23.8,30,"Dubai",30.2,38,"Lower",0,"No",0,"No",3481,"Third",29.3,29.2,30.5
8840,40.5,20,"Dubai",29.4,43.9,"Lower",0,"No",0,"No",2709,"Second",29.3,29.9,28
8841,21.5,33,"Abu Dhabi",29.4,18.7,"Lower",0,"No",0,"No",3313,"Third",28.4,30.5,29.8
8842,30.2,17,"Sharjah",28.4,34.6,"Lower",0,"No",0,"No",2538,"Second",27.6,28.3,31
8843,19.9,12,"Dubai",26,35.5,"Lower",0,"No",0,"No",3523,"First",25.2,29.3,27.8
8844,22.3,9,"Sharjah",30.4,28.6,"Lower",0,"No",0,"No",3504,"First",30.6,30.6,29.6
8845,34.8,24,"Abu Dhabi",35.2,22.4,"High",0,"No",0,"No",2482,"Second",36.3,34.3,34.3
8846,41.1,18,"Sharjah",31.1,26.4,"Lower",0,"No",0,"No",3241,"Second",30.9,32.9,31.2
8847,38.7,10,"Sharjah",29,25.1,"Lower",0,"No",0,"No",3388,"First",31,26.3,28.6
8848,27.7,31,"Sharjah",32.8,18.6,"Lower",0,"No",1,"Yes",3579,"Third",35.5,32,31.9
8849,24.8,19,"Dubai",37.6,33.5,"High",1,"Yes",0,"No",3554,"Second",38.5,36.6,37.3
8850,42.6,5,"Abu Dhabi",36.3,21,"High",0,"No",0,"No",2726,"First",35.4,34.5,38.2
8851,42.7,9,"Abu Dhabi",26.8,27.3,"Lower",0,"No",0,"No",3549,"First",28.3,26.4,25.4
8852,25,38,"Abu Dhabi",32.7,44.5,"Lower",0,"No",0,"No",4294,"Third",30.4,33.7,33.5
8853,19.1,26,"Sharjah",28.9,24.6,"Lower",0,"No",0,"No",3039,"Second",26.1,27.6,25.6
8854,22.9,13,"Abu Dhabi",28.9,25.4,"Lower",0,"No",0,"No",4072,"First",27.6,30.2,28.6
8855,23.8,27,"Abu Dhabi",34,32.8,"Lower",0,"No",1,"Yes",2643,"Second",35.2,33.4,33.2
8856,31.6,13,"Abu Dhabi",32.4,27.1,"Lower",0,"No",0,"No",3334,"First",34,31.4,33.5
8857,31.5,30,"Dubai",31.7,42.2,"Lower",0,"No",0,"No",3421,"Third",30.7,32.5,31.2
8858,26.9,10,"Abu Dhabi",26.9,32.7,"Lower",0,"No",1,"Yes",3565,"First",25.6,27.6,28.4
8859,33.6,23,"Abu Dhabi",35.7,38.4,"High",0,"No",0,"No",2707,"Second",33.2,35.2,37
8860,18.5,5,"Dubai",29.7,18.5,"Lower",0,"No",0,"No",3124,"First",31.3,28.8,31.4
8861,20.7,20,"Dubai",28.9,41.3,"Lower",0,"No",0,"No",2854,"Second",29.6,26.1,29.2
8862,23.5,31,"Sharjah",35.1,25.8,"High",0,"No",0,"No",2238,"Third",38,36.5,31.7
8863,34.7,20,"Dubai",34.3,29.1,"Lower",0,"No",0,"No",3216,"Second",34.5,33.8,33
8864,21.5,25,"Sharjah",31.1,32.8,"Lower",0,"No",0,"No",3416,"Second",31.2,30.1,31.3
8865,26.6,11,"Sharjah",35.1,24.3,"High",0,"No",0,"No",3835,"First",35.9,36.1,33.2
8866,20.9,5,"Dubai",31.7,33.2,"Lower",0,"No",0,"No",3965,"First",32.4,31.8,32.9
8867,24.8,17,"Dubai",31.8,37.8,"Lower",0,"No",0,"No",3122,"Second",31.4,33.1,31.3
8868,18.4,16,"Abu Dhabi",32.4,21.2,"Lower",0,"No",0,"No",2999,"Second",34.3,31.7,32.2
8869,19.4,4,"Abu Dhabi",30.8,28.8,"Lower",0,"No",0,"No",3324,"First",31.4,29.3,30.3
8870,30.9,11,"Abu Dhabi",30.6,18.8,"Lower",0,"No",0,"No",4010,"First",33.7,30.2,30
8871,28.5,19,"Abu Dhabi",33.4,31.3,"Lower",0,"No",1,"Yes",3082,"Second",33.1,32.5,32.1
8872,41.5,20,"Dubai",29.6,22.2,"Lower",0,"No",0,"No",3449,"Second",28.7,27.8,32.3
8873,28.8,20,"Sharjah",30.9,42.3,"Lower",0,"No",0,"No",3074,"Second",30.4,33.2,29
8874,19.2,32,"Sharjah",30.8,24.5,"Lower",0,"No",0,"No",2922,"Third",31.5,31.2,30.6
8875,41,16,"Dubai",31.8,32.3,"Lower",0,"No",0,"No",2707,"Second",27,29.8,31.9
8876,29.1,19,"Dubai",31.2,20,"Lower",0,"No",0,"No",3808,"Second",31.9,32.5,31.9
8877,18.6,23,"Abu Dhabi",31.3,20.2,"Lower",0,"No",1,"Yes",3075,"Second",29.8,32,31.9
8878,26.4,19,"Abu Dhabi",33.7,26.9,"Lower",0,"No",0,"No",3405,"Second",32.9,31.2,32.9
8879,44.3,16,"Abu Dhabi",36.4,23.3,"High",0,"No",0,"No",2886,"Second",35.9,38.4,34.9
8880,25.7,14,"Dubai",32.9,30,"Lower",0,"No",0,"No",3501,"Second",32.4,34.8,32.8
8881,27.5,27,"Dubai",31.1,41.8,"Lower",0,"No",0,"No",3559,"Second",30.9,33.7,33.5
8882,34.7,36,"Sharjah",32,37.5,"Lower",0,"No",0,"No",3604,"Third",32.1,30.6,32.8
8883,41,16,"Dubai",30.6,17.1,"Lower",0,"No",0,"No",3350,"Second",30.2,34.2,31.3
8884,43.9,31,"Sharjah",32,26.9,"Lower",0,"No",0,"No",2955,"Third",33.8,34.9,33.4
8885,33.7,20,"Sharjah",34.3,25.9,"Lower",0,"No",0,"No",2331,"Second",32.1,35.4,35.8
8886,41.8,11,"Sharjah",31.6,27.8,"Lower",0,"No",0,"No",3303,"First",30.9,31.1,30.3
8887,39.3,33,"Sharjah",30.1,38.5,"Lower",0,"No",0,"No",3369,"Third",31.9,30.7,31.1
8888,28.2,11,"Abu Dhabi",37.5,39.8,"High",0,"No",0,"No",2132,"First",38.5,39.7,39
8889,35,19,"Sharjah",34.2,30.2,"Lower",0,"No",0,"No",2955,"Second",35.3,34.9,34.1
8890,41.4,20,"Abu Dhabi",30.2,25.9,"Lower",0,"No",0,"No",3655,"Second",31,33.3,31.9
8891,26.4,8,"Dubai",30,30.2,"Lower",0,"No",0,"No",3291,"First",28.7,28,27.6
8892,44.9,24,"Dubai",31.8,42.5,"Lower",1,"Yes",0,"No",3774,"Second",32.2,32.6,32.1
8893,25.6,38,"Dubai",28.3,26.6,"Lower",0,"No",1,"Yes",3744,"Third",29.2,28.2,29.5
8894,38.7,31,"Dubai",37,41.4,"High",0,"No",0,"No",3075,"Third",36.1,39,36.8
8895,20.5,32,"Dubai",35.3,44.8,"High",0,"No",0,"No",2268,"Third",37.3,36.2,35.4
8896,23.8,13,"Sharjah",31.1,36,"Lower",0,"No",1,"Yes",2649,"First",31.4,33.9,30.4
8897,35.9,7,"Dubai",30.9,16.8,"Lower",1,"Yes",0,"No",3193,"First",30.4,32.3,31.8
8898,38.5,38,"Dubai",36.4,35.9,"High",0,"No",0,"No",2926,"Third",35.8,36.9,37
8899,20.4,36,"Dubai",32.2,34.4,"Lower",0,"No",0,"No",2945,"Third",30.8,34.7,30.6
8900,32.1,37,"Abu Dhabi",36.1,36.8,"High",0,"No",0,"No",3280,"Third",34.6,36.8,35.6
8901,30.2,38,"Dubai",28.1,30.7,"Lower",0,"No",0,"No",3100,"Third",28.4,30.4,29.1
8902,27.9,15,"Sharjah",33.3,32.9,"Lower",0,"No",0,"No",3157,"Second",34.5,31.2,34.5
8903,25.2,36,"Sharjah",31.5,35.4,"Lower",0,"No",0,"No",3120,"Third",32.8,31,33.9
8904,35.5,39,"Abu Dhabi",28,29.4,"Lower",0,"No",0,"No",2789,"Third",28.6,26.7,29
8905,32.8,17,"Dubai",32.3,44.3,"Lower",0,"No",0,"No",2974,"Second",34.6,30.9,32.1
8906,18.1,7,"Sharjah",31.9,28.9,"Lower",0,"No",0,"No",3527,"First",34,32.1,34.3
8907,41.5,36,"Abu Dhabi",33.5,26.6,"Lower",0,"No",1,"Yes",2539,"Third",34,32.7,34.2
8908,43,12,"Sharjah",29.9,49.7,"Lower",0,"No",0,"No",2880,"First",27.6,33.5,30.6
8909,19.2,6,"Abu Dhabi",30.9,29.9,"Lower",0,"No",0,"No",2977,"First",30.5,29.8,30.2
8910,37.4,28,"Sharjah",30.9,30.4,"Lower",0,"No",0,"No",2803,"Third",31.8,29.3,32.4
8911,34.3,7,"Sharjah",32.1,31,"Lower",0,"No",0,"No",1946,"First",33.1,31.4,30.2
8912,35,33,"Abu Dhabi",30.5,30,"Lower",0,"No",1,"Yes",3482,"Third",28.5,30.1,30.4
8913,26.9,23,"Sharjah",30.9,27.8,"Lower",0,"No",0,"No",3184,"Second",29.6,32.3,31.8
8914,41.2,10,"Sharjah",32,48,"Lower",0,"No",0,"No",2894,"First",31.5,34.1,30.8
8915,35.9,36,"Dubai",26.6,25.3,"Lower",0,"No",0,"No",4016,"Third",25.6,26.7,27.4
8916,23.9,10,"Dubai",25.1,36.3,"Lower",0,"No",0,"No",3851,"First",26.9,22.4,23.1
8917,21.7,27,"Sharjah",32.4,22,"Lower",1,"Yes",0,"No",3492,"Second",31.6,31.9,31.9
8918,23.9,6,"Abu Dhabi",30.4,38.3,"Lower",0,"No",0,"No",2129,"First",31.1,29,32.2
8919,20.2,19,"Abu Dhabi",36.4,24.4,"High",0,"No",0,"No",2993,"Second",39.2,37.3,35.4
8920,25,26,"Abu Dhabi",26.6,33.1,"Lower",0,"No",0,"No",3356,"Second",25.1,26.7,28
8921,34.6,29,"Dubai",36.6,36.1,"High",1,"Yes",0,"No",3724,"Third",38.2,36.8,36.6
8922,29.9,19,"Sharjah",36.5,40.1,"High",1,"Yes",0,"No",2851,"Second",37,34.7,37.7
8923,34.2,7,"Abu Dhabi",29.8,31.6,"Lower",0,"No",0,"No",3142,"First",29.2,31,29.2
8924,24.6,23,"Sharjah",25.6,19.3,"Lower",0,"No",0,"No",2625,"Second",25.4,23.9,27.7
8925,37.1,13,"Dubai",30.2,29.2,"Lower",0,"No",0,"No",2904,"First",29,30.2,30.6
8926,39.3,25,"Sharjah",36.4,30.2,"High",0,"No",1,"Yes",3822,"Second",35.7,33.9,34.5
8927,21.7,6,"Abu Dhabi",36.9,25.5,"High",0,"No",0,"No",3202,"First",37.3,37.6,38.5
8928,34.4,35,"Dubai",35.1,33.9,"High",0,"No",0,"No",3023,"Third",34.6,35.4,36.6
8929,18.8,15,"Sharjah",29.1,31,"Lower",0,"No",0,"No",3984,"Second",28.6,29.8,29.2
8930,30.9,13,"Sharjah",30.4,35.2,"Lower",0,"No",0,"No",3256,"First",31.6,29.5,31.8
8931,43.3,24,"Abu Dhabi",35.2,36.5,"High",0,"No",0,"No",2964,"Second",36.1,36.4,33.2
8932,28.6,4,"Dubai",29.8,39.3,"Lower",0,"No",0,"No",3664,"First",33.5,29,29.8
8933,29,37,"Abu Dhabi",33.8,22.1,"Lower",0,"No",0,"No",3600,"Third",32.9,31.8,32.8
8934,25.8,34,"Abu Dhabi",32.1,42.5,"Lower",0,"No",0,"No",3941,"Third",30.4,30.7,31.9
8935,31.3,22,"Dubai",32,28.9,"Lower",0,"No",0,"No",4075,"Second",31.2,32.7,29.8
8936,27.2,34,"Sharjah",28.7,32.4,"Lower",0,"No",0,"No",3161,"Third",27.6,29.6,32.7
8937,31.2,4,"Sharjah",31.3,25.9,"Lower",0,"No",0,"No",3617,"First",30.2,30.3,30.6
8938,40,20,"Dubai",36.4,11.1,"High",0,"No",0,"No",3970,"Second",37.4,37.1,35.9
8939,26.6,31,"Dubai",41.7,26.9,"High",0,"No",0,"No",2075,"Third",42.4,40.5,41.5
8940,30,36,"Dubai",33.9,21.5,"Lower",0,"No",1,"Yes",3823,"Third",32,34.5,35.4
8941,19.8,38,"Abu Dhabi",35.7,32.1,"High",0,"No",0,"No",2682,"Third",36,36,36.7
8942,31.2,5,"Abu Dhabi",29.2,22.6,"Lower",0,"No",0,"No",3051,"First",28.7,27.2,29.4
8943,32.7,5,"Abu Dhabi",28.7,24.8,"Lower",0,"No",0,"No",3880,"First",29.7,27.8,26.8
8944,25.5,40,"Dubai",28.5,29,"Lower",0,"No",0,"No",3910,"Third",26.9,27.1,29.9
8945,23.9,32,"Abu Dhabi",29.5,31.7,"Lower",0,"No",0,"No",4554,"Third",28.9,28.8,28.2
8946,19.5,37,"Sharjah",31.8,32.5,"Lower",0,"No",0,"No",3160,"Third",30.9,31,30.1
8947,26.1,15,"Abu Dhabi",29.7,22.3,"Lower",1,"Yes",0,"No",3578,"Second",30.6,30,29.5
8948,25.8,40,"Dubai",37.3,22.8,"High",0,"No",0,"No",2427,"Third",35.3,36.7,38
8949,43.1,34,"Abu Dhabi",32.2,22.3,"Lower",0,"No",0,"No",3475,"Third",32.1,34.3,29.9
8950,40.1,18,"Abu Dhabi",31.8,32.6,"Lower",0,"No",0,"No",2749,"Second",31.9,31.3,33.5
8951,32.2,13,"Sharjah",32.5,23.2,"Lower",0,"No",0,"No",3561,"First",31.7,30,32
8952,31.3,37,"Abu Dhabi",36.9,29.7,"High",0,"No",0,"No",3903,"Third",37.7,37.7,37
8953,20.5,27,"Dubai",33.2,28.6,"Lower",0,"No",0,"No",2704,"Second",32,31.8,31.5
8954,24.5,17,"Dubai",27.7,28.9,"Lower",0,"No",0,"No",3963,"Second",26.3,28.6,32
8955,23.5,11,"Dubai",31.9,40,"Lower",0,"No",0,"No",2823,"First",31.9,32.1,33.5
8956,36.3,29,"Dubai",31.3,25.4,"Lower",0,"No",0,"No",2954,"Third",29.1,28.9,30.4
8957,27.7,5,"Sharjah",32.9,27.8,"Lower",0,"No",0,"No",4105,"First",30,31.1,34.6
8958,19.5,12,"Dubai",31.5,33.3,"Lower",0,"No",0,"No",2925,"First",32.6,31.5,33.8
8959,44.2,33,"Dubai",36.6,30.8,"High",0,"No",0,"No",2534,"Third",37.2,38.4,37.6
8960,22,17,"Dubai",34.7,33.2,"Lower",0,"No",0,"No",3122,"Second",34.6,36.9,35.6
8961,34.9,35,"Dubai",30.1,31.3,"Lower",0,"No",0,"No",3404,"Third",30.1,34.3,32.1
8962,31.6,28,"Abu Dhabi",31.4,37.7,"Lower",0,"No",1,"Yes",2345,"Third",30.2,30.5,31.7
8963,32.5,38,"Sharjah",29.1,26.9,"Lower",1,"Yes",0,"No",3238,"Third",28.2,27.6,29.9
8964,22.4,30,"Abu Dhabi",33.6,41.6,"Lower",0,"No",0,"No",3677,"Third",32.3,33.1,32.3
8965,32,16,"Dubai",32.7,31.2,"Lower",1,"Yes",0,"No",2222,"Second",35.6,32.5,35.5
8966,37.6,14,"Dubai",30.7,40.3,"Lower",0,"No",0,"No",3177,"Second",33.5,31.7,33.8
8967,30.5,16,"Abu Dhabi",29.9,35.6,"Lower",0,"No",0,"No",2765,"Second",30,30.2,31
8968,20.2,35,"Abu Dhabi",33.3,21.5,"Lower",0,"No",0,"No",3688,"Third",29.9,34.8,33.9
8969,24.4,36,"Dubai",30,31.3,"Lower",0,"No",0,"No",3239,"Third",28.9,29.8,28.8
8970,42.7,35,"Dubai",31.9,28.3,"Lower",0,"No",0,"No",3903,"Third",32,32.7,32.3
8971,28.1,25,"Sharjah",33,36.4,"Lower",0,"No",0,"No",3607,"Second",29.4,34.1,31.9
8972,38.1,37,"Dubai",28,25,"Lower",0,"No",0,"No",3355,"Third",27.7,28.7,27.2
8973,38.8,28,"Abu Dhabi",29.3,26.4,"Lower",0,"No",0,"No",3067,"Third",29.2,29.6,27.8
8974,20,39,"Abu Dhabi",31.9,25.6,"Lower",0,"No",0,"No",3069,"Third",31.8,31.2,30.5
8975,24.7,28,"Abu Dhabi",32.7,34.2,"Lower",0,"No",0,"No",2696,"Third",33.2,31.7,30
8976,43.4,29,"Dubai",34.4,25.7,"Lower",0,"No",0,"No",3043,"Third",35.3,34.8,34.7
8977,18.8,6,"Dubai",32.8,27.6,"Lower",0,"No",0,"No",2615,"First",34.5,32.2,31.9
8978,32.4,4,"Dubai",35.4,37.5,"High",0,"No",0,"No",1929,"First",32.9,35.1,33.2
8979,43.3,27,"Dubai",31.3,29.5,"Lower",0,"No",0,"No",3227,"Second",34.2,29.9,30.2
8980,42.8,4,"Dubai",32.6,43.8,"Lower",0,"No",0,"No",3540,"First",32.9,30.9,33.3
8981,31.5,21,"Abu Dhabi",31.5,32.9,"Lower",0,"No",0,"No",3749,"Second",30.2,32.1,30.4
8982,35.8,9,"Abu Dhabi",29.4,44.9,"Lower",0,"No",0,"No",2666,"First",30.6,30.1,31.7
8983,39.4,28,"Abu Dhabi",31.9,23.7,"Lower",0,"No",1,"Yes",3618,"Third",34.5,29.4,31.9
8984,31.5,9,"Sharjah",33.2,51.2,"Lower",0,"No",0,"No",2897,"First",34.5,34.3,33.2
8985,27.5,38,"Dubai",30,29.4,"Lower",0,"No",0,"No",3538,"Third",31.4,31.4,30.5
8986,21.6,33,"Sharjah",33.9,16.9,"Lower",0,"No",0,"No",3277,"Third",35.1,34.4,33
8987,41.8,35,"Dubai",32.9,30.2,"Lower",0,"No",0,"No",3361,"Third",32.4,33.8,32.5
8988,18.1,39,"Sharjah",31.5,17.2,"Lower",0,"No",0,"No",3344,"Third",28.7,32.4,30.8
8989,36.4,37,"Dubai",34.5,30,"Lower",0,"No",0,"No",3512,"Third",35.8,36.7,33.1
8990,38.4,7,"Abu Dhabi",32.8,20.7,"Lower",0,"No",0,"No",3087,"First",31.9,34.4,30.8
8991,42.2,35,"Abu Dhabi",29.3,41.3,"Lower",0,"No",0,"No",3657,"Third",29.3,28.6,28.3
8992,36.6,14,"Dubai",32.7,35.5,"Lower",0,"No",0,"No",1980,"Second",31.7,30.3,34.1
8993,41.2,15,"Abu Dhabi",29.3,29.2,"Lower",0,"No",0,"No",3788,"Second",26,30.8,27.9
8994,26.1,37,"Dubai",30,30.8,"Lower",0,"No",0,"No",3816,"Third",31.5,29.3,30.3
8995,37.8,34,"Dubai",29.7,31.6,"Lower",0,"No",0,"No",3087,"Third",27.8,28.7,29.2
8996,21.1,22,"Dubai",36.5,24.8,"High",0,"No",0,"No",3780,"Second",36.3,37.6,33.9
8997,18.2,14,"Dubai",30,39.7,"Lower",0,"No",0,"No",3099,"Second",31.1,31.3,28.8
8998,28.3,32,"Dubai",30.7,23,"Lower",0,"No",0,"No",2942,"Third",29.7,29.7,31.1
8999,25.2,12,"Abu Dhabi",32.7,20.5,"Lower",0,"No",0,"No",3267,"First",33.3,30.7,33.8
9000,28.2,32,"Dubai",31.9,16.9,"Lower",0,"No",0,"No",3619,"Third",30.9,34,29.1
9001,19.4,4,"Dubai",30.7,36.9,"Lower",0,"No",1,"Yes",3307,"First",32.5,29.1,30.9
9002,25.7,15,"Dubai",38.6,37.4,"High",1,"Yes",0,"No",3077,"Second",39.3,37.3,39.2
9003,21.3,13,"Abu Dhabi",34.7,37.1,"Lower",0,"No",0,"No",3446,"First",34.2,34.8,32.1
9004,44.1,35,"Abu Dhabi",35.7,35.6,"High",0,"No",0,"No",2157,"Third",35.2,32.9,34.4
9005,26.7,7,"Abu Dhabi",31.4,32.1,"Lower",0,"No",0,"No",2885,"First",31.8,32,34.2
9006,18.2,37,"Dubai",32.4,40.7,"Lower",0,"No",0,"No",2469,"Third",30.5,35.1,29.6
9007,30.6,35,"Abu Dhabi",29.3,18.7,"Lower",0,"No",0,"No",3361,"Third",30.4,29.2,30.3
9008,20.2,31,"Dubai",30.1,25.3,"Lower",0,"No",0,"No",3630,"Third",29.6,30.7,29.9
9009,29.1,27,"Dubai",32.4,34.6,"Lower",0,"No",1,"Yes",2960,"Second",31.3,31.9,31.3
9010,26.4,19,"Sharjah",32.4,22.1,"Lower",0,"No",0,"No",3425,"Second",30.5,32.2,32.3
9011,43.2,19,"Dubai",32.5,33.4,"Lower",0,"No",0,"No",3182,"Second",34.3,32.2,34.3
9012,38.2,28,"Abu Dhabi",33.6,34.8,"Lower",0,"No",0,"No",2665,"Third",32.7,35.6,33.2
9013,33,21,"Abu Dhabi",28.7,28.7,"Lower",1,"Yes",0,"No",3932,"Second",28.3,28.7,26.8
9014,33.7,7,"Dubai",27.3,32.1,"Lower",0,"No",0,"No",3429,"First",26.6,27.1,27.7
9015,43.3,15,"Abu Dhabi",32,32.1,"Lower",0,"No",0,"No",2849,"Second",29,29.5,31.6
9016,36.5,31,"Dubai",32.9,22.1,"Lower",0,"No",0,"No",3738,"Third",32.6,30,33.1
9017,35.6,19,"Abu Dhabi",35.4,36.2,"High",0,"No",0,"No",2858,"Second",37.1,34.9,35.6
9018,26.4,26,"Abu Dhabi",33.5,27.5,"Lower",0,"No",1,"Yes",3569,"Second",32.2,34.1,33.4
9019,29.2,32,"Abu Dhabi",30,32.3,"Lower",0,"No",0,"No",3412,"Third",28.9,29.7,29.7
9020,44,5,"Dubai",28.6,25.5,"Lower",0,"No",0,"No",3775,"First",26.8,28.6,28.9
9021,34.6,12,"Dubai",30.4,22,"Lower",0,"No",0,"No",3178,"First",28.9,33,32
9022,25.2,18,"Dubai",32.9,27.3,"Lower",0,"No",1,"Yes",3378,"Second",31.9,34.4,28.2
9023,18.7,32,"Dubai",30.8,32.8,"Lower",0,"No",0,"No",3549,"Third",30.6,29,32.5
9024,26.6,4,"Sharjah",29.1,10.5,"Lower",0,"No",0,"No",3001,"First",30.2,29.6,27.9
9025,42.7,39,"Sharjah",31.5,24.4,"Lower",0,"No",0,"No",3996,"Third",32,33.1,30
9026,36.7,8,"Abu Dhabi",26.1,27,"Lower",1,"Yes",0,"No",2968,"First",24.8,28.1,26.5
9027,31.2,6,"Sharjah",31.1,18.7,"Lower",0,"No",0,"No",2939,"First",29,31.9,31.8
9028,26.1,40,"Dubai",34.2,29.9,"Lower",0,"No",0,"No",2751,"Third",33.5,33.7,35.4
9029,41.3,31,"Abu Dhabi",35.8,39.4,"High",0,"No",0,"No",2940,"Third",34.7,34.8,38
9030,37.2,19,"Dubai",32.2,35.3,"Lower",0,"No",0,"No",3256,"Second",32.4,32.8,34.7
9031,36.8,4,"Sharjah",35.7,48.1,"High",0,"No",0,"No",3392,"First",35.5,33.7,35.2
9032,18.7,11,"Abu Dhabi",36.5,21.9,"High",0,"No",1,"Yes",2896,"First",35.2,37.1,38.8
9033,32.5,29,"Abu Dhabi",26.2,32,"Lower",0,"No",0,"No",3382,"Third",26.7,25.9,27.3
9034,40.4,31,"Dubai",30.3,28.8,"Lower",0,"No",0,"No",3496,"Third",28.4,28.3,28.9
9035,30.9,25,"Dubai",34.1,41.8,"Lower",0,"No",0,"No",3497,"Second",32.8,30.7,34.4
9036,23.3,31,"Abu Dhabi",36.8,33.3,"High",0,"No",0,"No",3039,"Third",36,37.5,35.5
9037,41.3,18,"Dubai",30.9,28.4,"Lower",0,"No",0,"No",3185,"Second",29.6,33.2,32.3
9038,44.5,22,"Dubai",32.4,26.3,"Lower",0,"No",0,"No",3180,"Second",34.5,33.4,34.3
9039,31.4,32,"Sharjah",34.8,38.6,"Lower",1,"Yes",0,"No",2953,"Third",34.6,33.9,35.7
9040,38.1,15,"Dubai",28.3,18.2,"Lower",0,"No",0,"No",3243,"Second",27,29.4,27.2
9041,27.3,12,"Dubai",29,25.4,"Lower",0,"No",0,"No",3552,"First",29.8,27.4,30.2
9042,42.8,27,"Abu Dhabi",30.5,43.4,"Lower",0,"No",0,"No",2689,"Second",30.4,30.5,32.3
9043,41.6,27,"Dubai",30.9,16.6,"Lower",0,"No",0,"No",4009,"Second",29.3,32.3,32.4
9044,44.5,25,"Dubai",32.8,38.8,"Lower",0,"No",1,"Yes",3104,"Second",31,29,35.6
9045,31.2,33,"Abu Dhabi",31.7,27.8,"Lower",0,"No",0,"No",3226,"Third",31.5,29.7,30.4
9046,21.1,19,"Sharjah",32.6,38,"Lower",0,"No",0,"No",3165,"Second",32.5,29.5,35.2
9047,31.3,16,"Abu Dhabi",29.6,21.7,"Lower",1,"Yes",0,"No",2949,"Second",31.8,29.8,28.5
9048,41.4,36,"Abu Dhabi",31,19.2,"Lower",0,"No",0,"No",2795,"Third",31,33.1,31.3
9049,38.8,29,"Dubai",30.2,27.5,"Lower",0,"No",0,"No",3425,"Third",30.7,30,32
9050,45,12,"Abu Dhabi",35.3,23.3,"High",0,"No",1,"Yes",2744,"First",34.1,38.7,36.7
9051,39.3,40,"Sharjah",36.5,18.4,"High",0,"No",0,"No",3541,"Third",34.4,37.6,34.6
9052,20.8,14,"Abu Dhabi",30.6,24.6,"Lower",0,"No",0,"No",3376,"Second",31.1,30.1,34.1
9053,34.2,7,"Dubai",38.3,20.8,"High",0,"No",0,"No",2990,"First",39.6,36.4,36.9
9054,32.4,23,"Abu Dhabi",31,29.4,"Lower",0,"No",0,"No",2969,"Second",32.6,31.3,29
9055,35.5,28,"Abu Dhabi",34.9,26.1,"Lower",1,"Yes",0,"No",3894,"Third",32.8,33.8,37.8
9056,29.8,5,"Sharjah",31.9,36,"Lower",0,"No",0,"No",3174,"First",32.6,33.4,29.5
9057,38.5,15,"Dubai",32.5,14.9,"Lower",0,"No",0,"No",3758,"Second",32,29.7,31
9058,27.5,35,"Dubai",31.9,22.8,"Lower",0,"No",0,"No",3399,"Third",34,35.3,31.7
9059,37.9,7,"Dubai",28.6,30.1,"Lower",0,"No",0,"No",3007,"First",29.2,28.5,27.5
9060,29.6,22,"Abu Dhabi",31,29,"Lower",0,"No",0,"No",2767,"Second",32.8,28.3,31.8
9061,19.7,17,"Abu Dhabi",33,29.4,"Lower",0,"No",0,"No",2776,"Second",32.7,30.2,32.2
9062,19.4,14,"Dubai",29.4,25.3,"Lower",0,"No",0,"No",3880,"Second",30,29.4,31.6
9063,38.2,4,"Dubai",32.9,18.6,"Lower",0,"No",0,"No",3063,"First",29.4,31,31.6
9064,35.8,33,"Sharjah",32.8,31.1,"Lower",0,"No",0,"No",2956,"Third",32.8,32.2,35.8
9065,29.3,24,"Dubai",28.1,19.7,"Lower",0,"No",0,"No",1987,"Second",26.7,27.6,26.9
9066,34.6,8,"Sharjah",33.6,31.6,"Lower",1,"Yes",0,"No",3163,"First",34.9,33.1,31.2
9067,19.9,13,"Sharjah",34.4,34.9,"Lower",0,"No",0,"No",2735,"First",36.1,32.9,34.4
9068,35.7,16,"Abu Dhabi",30.6,18.6,"Lower",0,"No",0,"No",3259,"Second",28,31.3,29.5
9069,19.7,23,"Abu Dhabi",27.4,26.5,"Lower",0,"No",0,"No",3135,"Second",25.8,25.9,27.3
9070,42.4,5,"Abu Dhabi",27.5,22.7,"Lower",0,"No",0,"No",3802,"First",27.1,27.7,27.4
9071,21.9,14,"Dubai",32.8,28.9,"Lower",0,"No",0,"No",3752,"Second",33,34.9,31.8
9072,41.5,15,"Dubai",32.8,40.9,"Lower",0,"No",0,"No",2352,"Second",31.5,29.1,33.3
9073,43.4,11,"Dubai",33.4,13.2,"Lower",0,"No",0,"No",3893,"First",32.3,29.6,32.7
9074,27.9,33,"Dubai",30.8,31.5,"Lower",0,"No",0,"No",2907,"Third",33.7,31,32.4
9075,39.4,38,"Abu Dhabi",33.2,20.3,"Lower",0,"No",0,"No",3865,"Third",33.2,35.1,33.6
9076,43.7,25,"Sharjah",34.5,16.5,"Lower",0,"No",0,"No",3492,"Second",33,35,32.4
9077,29.3,14,"Abu Dhabi",30,31.2,"Lower",0,"No",0,"No",3480,"Second",29.7,27.1,30
9078,36.2,36,"Sharjah",36.1,26.7,"High",1,"Yes",1,"Yes",3632,"Third",38.8,34.7,35.4
9079,39.2,13,"Sharjah",31.3,17,"Lower",0,"No",0,"No",3900,"First",30.9,28.9,31.1
9080,21,24,"Dubai",30.3,32.6,"Lower",0,"No",0,"No",2841,"Second",30.9,28.6,27.6
9081,30.9,22,"Dubai",28.5,51,"Lower",0,"No",0,"No",2860,"Second",27.6,31,27.8
9082,31.9,34,"Dubai",35.1,31.5,"High",0,"No",0,"No",4326,"Third",37.3,37.7,35.3
9083,18.3,39,"Abu Dhabi",32.9,26.2,"Lower",0,"No",0,"No",3201,"Third",31.8,32.6,31.4
9084,23.4,23,"Abu Dhabi",32.2,21.5,"Lower",0,"No",0,"No",2978,"Second",31.8,30.2,31.4
9085,35.4,5,"Dubai",31.2,18.1,"Lower",0,"No",0,"No",2941,"First",31.3,30.5,30.5
9086,40.4,18,"Dubai",33.8,34,"Lower",0,"No",0,"No",3784,"Second",33.4,31.7,33.6
9087,33.8,36,"Dubai",33.9,32.7,"Lower",0,"No",0,"No",2837,"Third",34.5,35.5,33.1
9088,43.4,12,"Dubai",34.8,25.6,"Lower",0,"No",0,"No",4016,"First",34,34.1,35.1
9089,37.7,24,"Sharjah",34.8,9.7,"Lower",0,"No",0,"No",2325,"Second",35.7,37,34.2
9090,44.9,16,"Abu Dhabi",35.6,39.2,"High",0,"No",0,"No",2494,"Second",36.8,34.7,34.8
9091,24.7,39,"Abu Dhabi",39.3,20.5,"High",0,"No",0,"No",2872,"Third",41.6,39.5,40.6
9092,24.5,29,"Abu Dhabi",35.1,33.4,"High",0,"No",0,"No",3529,"Third",36.6,37,37.1
9093,39.5,14,"Dubai",37.2,40.2,"High",0,"No",0,"No",2115,"Second",37.4,37.5,39
9094,23.5,31,"Dubai",34.2,30.4,"Lower",0,"No",0,"No",2906,"Third",33.3,34.5,34.9
9095,28.5,33,"Dubai",34.9,42,"Lower",0,"No",0,"No",2517,"Third",35.6,34.1,35.6
9096,43.1,38,"Dubai",30.6,40.9,"Lower",0,"No",0,"No",3084,"Third",31.6,30.8,30.5
9097,25.1,19,"Sharjah",28,38.3,"Lower",0,"No",0,"No",4035,"Second",25.9,28.8,26.1
9098,25,31,"Dubai",34.4,43.2,"Lower",0,"No",0,"No",3737,"Third",33.9,32.8,35.2
9099,21,32,"Abu Dhabi",29.3,21.3,"Lower",0,"No",0,"No",3470,"Third",28.5,28.8,28.4
9100,37.6,9,"Abu Dhabi",30.7,37.3,"Lower",0,"No",0,"No",2858,"First",30.5,30.5,29.8
9101,36.1,32,"Abu Dhabi",32.5,55.7,"Lower",0,"No",0,"No",2414,"Third",30.2,33.5,32.8
9102,21.8,9,"Sharjah",26.2,19.5,"Lower",0,"No",0,"No",3403,"First",26.4,26.9,26.3
9103,21.1,40,"Dubai",31.5,37.8,"Lower",0,"No",0,"No",2629,"Third",31.4,32.7,31
9104,21.7,39,"Sharjah",34.3,20.5,"Lower",0,"No",0,"No",3468,"Third",33.7,34.9,35.9
9105,25.8,30,"Abu Dhabi",36.4,20.2,"High",1,"Yes",0,"No",2540,"Third",35.4,35.2,36.9
9106,42.3,31,"Abu Dhabi",33.9,31.9,"Lower",0,"No",0,"No",3344,"Third",31.9,35.3,36.3
9107,44.3,13,"Dubai",28.5,27.4,"Lower",0,"No",0,"No",3295,"First",30,27.7,29.3
9108,34.6,32,"Dubai",29.3,28.6,"Lower",0,"No",0,"No",3073,"Third",28.2,28.1,28.2
9109,20.5,24,"Sharjah",34.4,28.7,"Lower",0,"No",0,"No",3255,"Second",34,35.4,31.2
9110,24.8,8,"Sharjah",31.7,25,"Lower",0,"No",0,"No",3395,"First",30.7,34.9,32.7
9111,31.9,34,"Dubai",37.2,36.7,"High",0,"No",0,"No",3073,"Third",34.8,37.7,34.9
9112,19.3,11,"Abu Dhabi",30.7,29.9,"Lower",0,"No",0,"No",3257,"First",34.3,28.9,32.3
9113,39,6,"Abu Dhabi",30,33.3,"Lower",0,"No",0,"No",3608,"First",29.7,30.2,29.8
9114,18.5,19,"Dubai",29.9,30.3,"Lower",0,"No",0,"No",2617,"Second",28.1,29,31.2
9115,37.2,22,"Abu Dhabi",35.6,22.8,"High",0,"No",0,"No",3446,"Second",36.9,32.8,34.4
9116,25.5,25,"Sharjah",30,23.9,"Lower",0,"No",0,"No",3434,"Second",33.1,30.7,30.6
9117,26,22,"Abu Dhabi",32.6,26.1,"Lower",0,"No",0,"No",3457,"Second",31.8,32.9,33.4
9118,19.4,24,"Sharjah",29.8,31,"Lower",0,"No",0,"No",2854,"Second",28.5,30,29.1
9119,34,37,"Dubai",28.1,37.8,"Lower",0,"No",0,"No",3340,"Third",26.1,28.1,28.6
9120,37.2,31,"Sharjah",28.7,29.1,"Lower",0,"No",1,"Yes",2817,"Third",29.5,32,28.7
9121,31.4,28,"Abu Dhabi",26.7,42.7,"Lower",0,"No",0,"No",3233,"Third",24.5,26.3,29.4
9122,39.2,14,"Abu Dhabi",32.1,42,"Lower",0,"No",0,"No",3340,"Second",29.6,31,31.7
9123,29.9,34,"Abu Dhabi",29.5,42.3,"Lower",0,"No",0,"No",3368,"Third",28.3,29,30.8
9124,32.2,4,"Sharjah",29.7,33.6,"Lower",0,"No",0,"No",3463,"First",30,31.6,28.8
9125,33.1,12,"Dubai",32.8,37.4,"Lower",0,"No",0,"No",3680,"First",34.6,33.7,31.7
9126,35,25,"Dubai",33.2,43.4,"Lower",0,"No",1,"Yes",3152,"Second",33.1,30.4,32.9
9127,19.5,20,"Dubai",35.3,34.5,"High",0,"No",0,"No",3299,"Second",35.4,33.9,38.8
9128,28.6,30,"Sharjah",32.6,21.4,"Lower",0,"No",0,"No",4498,"Third",34.5,30.6,34.1
9129,44.3,38,"Dubai",29.7,27.3,"Lower",0,"No",1,"Yes",2435,"Third",29.9,31.8,31.1
9130,32.3,19,"Sharjah",31.6,18.1,"Lower",0,"No",1,"Yes",2882,"Second",30.8,30.6,31.1
9131,39.5,14,"Abu Dhabi",29.8,35.9,"Lower",0,"No",0,"No",3738,"Second",30.2,27.9,30.3
9132,39.7,33,"Abu Dhabi",35.6,14.4,"High",0,"No",0,"No",3199,"Third",36.4,36.5,35
9133,40.7,10,"Sharjah",31.1,32.5,"Lower",0,"No",0,"No",3366,"First",29.8,34.4,31.7
9134,18.9,31,"Dubai",28.7,50.8,"Lower",0,"No",0,"No",2681,"Third",29.1,28.6,25.8
9135,37.8,14,"Abu Dhabi",32.1,37.3,"Lower",0,"No",0,"No",2686,"Second",31.4,30.2,31.5
9136,25.6,5,"Abu Dhabi",39.3,23.4,"High",0,"No",1,"Yes",2700,"First",40.5,39.4,39.8
9137,43.1,34,"Dubai",36.3,33.4,"High",0,"No",0,"No",3710,"Third",35.7,35.2,35.9
9138,19.2,5,"Dubai",26.8,25.7,"Lower",0,"No",1,"Yes",3640,"First",24.2,26,28
9139,27.7,14,"Sharjah",38.3,38.7,"High",0,"No",0,"No",2953,"Second",39.5,36.7,38.2
9140,39,32,"Dubai",35.2,24.1,"High",1,"Yes",0,"No",2902,"Third",33.4,34.5,38.1
9141,28.1,20,"Sharjah",30.4,23.1,"Lower",0,"No",0,"No",3301,"Second",28.1,29.4,30.1
9142,27.9,9,"Abu Dhabi",33.8,37.9,"Lower",0,"No",0,"No",2916,"First",36,34.3,34.6
9143,29.2,12,"Dubai",34.1,24.1,"Lower",0,"No",0,"No",2894,"First",34.1,33.7,37.3
9144,42.7,8,"Dubai",30.5,46.9,"Lower",0,"No",0,"No",3155,"First",31,29.4,31.2
9145,41.2,6,"Dubai",33.2,30.4,"Lower",0,"No",0,"No",2193,"First",35.9,30.9,35.5
9146,39,5,"Sharjah",29.9,42,"Lower",0,"No",0,"No",2844,"First",33.5,29.6,28.9
9147,37.3,7,"Dubai",25.6,19.5,"Lower",0,"No",0,"No",3410,"First",25.3,26.9,26.7
9148,43.3,37,"Abu Dhabi",32.6,28.1,"Lower",0,"No",0,"No",2351,"Third",32.8,31.6,36.9
9149,31.6,12,"Abu Dhabi",32.3,23.1,"Lower",0,"No",0,"No",3321,"First",33.9,34,28.8
9150,37.8,28,"Dubai",31,44.3,"Lower",0,"No",0,"No",3118,"Third",30.5,30.6,29.2
9151,35.1,16,"Dubai",35.7,25.3,"High",0,"No",0,"No",3159,"Second",38,35.5,36.7
9152,36.3,24,"Dubai",32.8,32.1,"Lower",0,"No",0,"No",3340,"Second",33.1,30.5,31.3
9153,40.4,33,"Abu Dhabi",30.5,20.5,"Lower",0,"No",0,"No",3568,"Third",30.4,31.7,31.4
9154,24.2,13,"Abu Dhabi",25.2,31.7,"Lower",0,"No",0,"No",3825,"First",25.9,25,22.9
9155,20.5,12,"Dubai",33.8,35.8,"Lower",0,"No",0,"No",3834,"First",32.9,35.3,35.3
9156,34.8,9,"Abu Dhabi",33.6,45.1,"Lower",0,"No",0,"No",3304,"First",32.3,31.5,32.8
9157,21.1,10,"Abu Dhabi",28.5,31.6,"Lower",0,"No",0,"No",2920,"First",28,27.9,28
9158,25.4,23,"Dubai",32.2,25.7,"Lower",0,"No",0,"No",3966,"Second",30.6,30.3,30.4
9159,20.9,11,"Dubai",33.3,22.2,"Lower",0,"No",0,"No",3200,"First",33.7,33.3,34.6
9160,30,25,"Dubai",33.7,41.9,"Lower",0,"No",0,"No",3390,"Second",33.9,32.7,34.6
9161,41.5,25,"Dubai",30.9,18.8,"Lower",0,"No",0,"No",3969,"Second",29.5,31.6,30.4
9162,36.1,33,"Abu Dhabi",28.3,31.1,"Lower",1,"Yes",0,"No",3763,"Third",29.5,28.6,27.6
9163,44.7,7,"Abu Dhabi",29.9,38.7,"Lower",0,"No",0,"No",3074,"First",30.9,29,33.4
9164,44.7,7,"Dubai",33.6,17.8,"Lower",0,"No",1,"Yes",3615,"First",32,31.6,33.6
9165,29.1,11,"Dubai",29.5,35.1,"Lower",0,"No",0,"No",3512,"First",29.6,30.3,27.7
9166,22.3,19,"Sharjah",27.5,29.7,"Lower",0,"No",0,"No",4041,"Second",27,26.9,28.8
9167,23.7,20,"Dubai",35.5,26.8,"High",0,"No",0,"No",3136,"Second",34.1,36.2,35.9
9168,18.2,28,"Abu Dhabi",32.8,33,"Lower",0,"No",0,"No",2786,"Third",32.9,32.2,33.7
9169,39.6,37,"Dubai",30.1,26.9,"Lower",0,"No",0,"No",3732,"Third",31.1,32.7,31
9170,20.4,40,"Abu Dhabi",39,33.7,"High",0,"No",0,"No",2285,"Third",40.1,39.8,38.6
9171,19.8,36,"Dubai",28.2,21.3,"Lower",0,"No",0,"No",3179,"Third",29.9,27.4,29.1
9172,41.8,37,"Dubai",26.2,36.8,"Lower",0,"No",0,"No",2950,"Third",26.2,25.6,25
9173,25.4,40,"Dubai",29.9,23.5,"Lower",0,"No",0,"No",3485,"Third",28,30.2,31.8
9174,38.2,24,"Dubai",29.5,14.9,"Lower",0,"No",0,"No",3583,"Second",30.4,27.6,29.6
9175,43.8,31,"Dubai",33,26.1,"Lower",0,"No",0,"No",2672,"Third",32.6,35.1,30.7
9176,44.2,10,"Dubai",31.4,32.9,"Lower",0,"No",0,"No",3957,"First",33,29.6,27.5
9177,22.8,28,"Sharjah",31.5,26,"Lower",0,"No",0,"No",3244,"Third",31.8,30,33.4
9178,39.4,15,"Abu Dhabi",30.6,31.5,"Lower",0,"No",0,"No",3376,"Second",34.1,32.3,29.7
9179,26,19,"Dubai",31.9,22.7,"Lower",0,"No",0,"No",3246,"Second",30.7,33.6,28.8
9180,26.2,24,"Abu Dhabi",24.7,25.8,"Lower",0,"No",0,"No",3088,"Second",24.9,24.9,26.2
9181,20,7,"Sharjah",31.8,28.5,"Lower",0,"No",0,"No",3258,"First",30,32.1,31.9
9182,36.6,40,"Abu Dhabi",33.6,40.4,"Lower",0,"No",0,"No",4040,"Third",32.7,32.5,32.4
9183,36,29,"Abu Dhabi",36.2,30.3,"High",1,"Yes",0,"No",3407,"Third",34.3,38.8,35.7
9184,43.8,37,"Abu Dhabi",32.9,22.4,"Lower",0,"No",0,"No",3921,"Third",33.8,32.1,34.1
9185,23.7,25,"Dubai",33.8,44.5,"Lower",0,"No",0,"No",2774,"Second",34.6,33.1,34.1
9186,42,6,"Dubai",32.7,25.3,"Lower",0,"No",0,"No",3400,"First",33.3,30.9,34.3
9187,32.3,20,"Abu Dhabi",35.1,28.3,"High",0,"No",0,"No",4143,"Second",37,35,34.8
9188,29.7,26,"Abu Dhabi",35.6,27.1,"High",0,"No",0,"No",3364,"Second",35.8,34.9,37.6
9189,42.1,14,"Dubai",31.2,36.1,"Lower",0,"No",0,"No",3325,"Second",33.4,31.7,28.2
9190,38.7,10,"Sharjah",35.4,28.5,"High",0,"No",1,"Yes",3127,"First",33.7,36.3,34.7
9191,44,11,"Abu Dhabi",33.1,27.8,"Lower",0,"No",0,"No",2439,"First",32.8,32.2,34.1
9192,26.5,39,"Dubai",26.3,21.4,"Lower",0,"No",0,"No",3656,"Third",27.2,27.4,27.7
9193,39.8,23,"Dubai",33.9,22.5,"Lower",0,"No",1,"Yes",3807,"Second",35.1,33.3,31.5
9194,23,10,"Dubai",38.9,42.2,"High",0,"No",0,"No",2484,"First",38.9,36.1,41.2
9195,33.5,28,"Sharjah",33.2,31.2,"Lower",0,"No",0,"No",3021,"Third",32.4,34.2,34.6
9196,35,25,"Sharjah",34.1,29.3,"Lower",0,"No",0,"No",3254,"Second",33.9,34.2,35.3
9197,35.7,40,"Abu Dhabi",28.6,22.2,"Lower",0,"No",0,"No",3380,"Third",27.2,27.7,30.3
9198,29.1,27,"Sharjah",35,29.3,"High",0,"No",0,"No",3049,"Second",34.3,34.9,33.7
9199,24.9,38,"Dubai",35.1,31.3,"High",0,"No",0,"No",2933,"Third",35.5,35.2,31.4
9200,26.4,7,"Dubai",31.3,24.7,"Lower",0,"No",0,"No",3179,"First",30.6,29.7,26.8
9201,19.1,13,"Abu Dhabi",37.1,29.3,"High",0,"No",0,"No",2862,"First",39.6,40.4,37.2
9202,28,4,"Dubai",26.9,32.9,"Lower",0,"No",0,"No",3079,"First",28.5,28.3,26.6
9203,19.8,27,"Abu Dhabi",30,32,"Lower",0,"No",0,"No",3474,"Second",28.4,28.6,30.8
9204,25.2,5,"Dubai",29,35.3,"Lower",0,"No",0,"No",2979,"First",31.8,30,30.3
9205,28.7,36,"Dubai",34.2,32.1,"Lower",0,"No",0,"No",3282,"Third",36.1,34.4,36.6
9206,42.3,11,"Abu Dhabi",35,29.6,"High",0,"No",0,"No",2494,"First",35.4,37.4,35.4
9207,34.1,31,"Dubai",33.2,42.2,"Lower",0,"No",0,"No",3209,"Third",32.8,34.9,35.5
9208,24,40,"Sharjah",30.7,42.1,"Lower",0,"No",0,"No",3408,"Third",26.9,29.6,29.7
9209,24.6,31,"Dubai",30.8,28.4,"Lower",1,"Yes",0,"No",3050,"Third",30.7,32.6,29.8
9210,35.5,33,"Dubai",25.7,27.4,"Lower",0,"No",0,"No",3350,"Third",24.1,28.2,28.4
9211,39.3,17,"Abu Dhabi",29.2,22.3,"Lower",0,"No",0,"No",3775,"Second",30.3,27.7,31.2
9212,20.9,6,"Dubai",32.4,21.5,"Lower",0,"No",0,"No",3616,"First",33.7,33.1,34.4
9213,39.3,29,"Sharjah",30.2,10.1,"Lower",0,"No",0,"No",3296,"Third",30.1,32.3,30.3
9214,36.4,9,"Sharjah",35.1,9.3,"High",0,"No",0,"No",3553,"First",35.4,33.9,35
9215,31.5,32,"Abu Dhabi",35.1,21.5,"High",1,"Yes",0,"No",3107,"Third",33.2,33.1,36.9
9216,34.7,14,"Abu Dhabi",32,23.2,"Lower",0,"No",0,"No",3499,"Second",34.5,32.2,28.6
9217,40.7,29,"Dubai",36.9,29.7,"High",0,"No",0,"No",3184,"Third",36.2,37.5,38
9218,39.7,15,"Abu Dhabi",33.8,36,"Lower",0,"No",0,"No",3668,"Second",34.4,33,31.9
9219,37.5,38,"Abu Dhabi",31.9,34.3,"Lower",0,"No",0,"No",2935,"Third",30.8,30.3,32.1
9220,38.6,6,"Sharjah",32.4,26.1,"Lower",0,"No",0,"No",3566,"First",32.6,30.1,34.4
9221,42.5,11,"Dubai",36.8,44.7,"High",0,"No",0,"No",3157,"First",37.2,35.7,34.3
9222,23.9,17,"Dubai",31.9,29.3,"Lower",0,"No",0,"No",2908,"Second",31.5,32.4,31
9223,44.4,24,"Abu Dhabi",35.1,40.5,"High",0,"No",0,"No",2339,"Second",36.4,33.7,34.7
9224,20.4,14,"Sharjah",30.6,30.8,"Lower",0,"No",0,"No",2376,"Second",29.1,33.9,30.8
9225,21.4,29,"Dubai",31.8,21.9,"Lower",0,"No",0,"No",3091,"Third",30,33.8,33.1
9226,35.8,25,"Dubai",27.5,22.2,"Lower",0,"No",0,"No",2865,"Second",25.6,25.9,28.8
9227,38.8,16,"Dubai",31.4,40.3,"Lower",0,"No",0,"No",3475,"Second",30,31.9,29.5
9228,18.2,19,"Sharjah",28.7,33,"Lower",0,"No",0,"No",3016,"Second",29,29.3,29.8
9229,26.9,40,"Dubai",28.6,44.1,"Lower",0,"No",0,"No",3510,"Third",31.2,29.7,27.4
9230,35.7,5,"Dubai",29.6,16.1,"Lower",0,"No",0,"No",2992,"First",26.5,31.6,29.4
9231,36.9,35,"Abu Dhabi",32.6,35.2,"Lower",0,"No",1,"Yes",2600,"Third",32.1,32.6,33
9232,27.7,9,"Dubai",35.5,34.7,"High",0,"No",0,"No",3386,"First",36.8,32.6,36.2
9233,30,4,"Dubai",33.3,29.9,"Lower",0,"No",0,"No",2971,"First",32,35.2,30.1
9234,36.2,35,"Dubai",37.6,20.2,"High",0,"No",0,"No",3607,"Third",36.1,38.9,37.8
9235,19.4,36,"Dubai",30.3,40.2,"Lower",0,"No",0,"No",2986,"Third",25.1,27.8,28.4
9236,42.9,27,"Dubai",30.6,34.7,"Lower",0,"No",0,"No",3101,"Second",30.5,28.5,30.6
9237,24.5,22,"Dubai",33.6,28.2,"Lower",0,"No",0,"No",3109,"Second",33.2,30.7,33.9
9238,28.3,39,"Sharjah",33.1,27.7,"Lower",0,"No",0,"No",3054,"Third",32.1,33.8,35.8
9239,20.3,32,"Dubai",32.3,23.3,"Lower",0,"No",0,"No",2841,"Third",32.8,32.6,31.3
9240,29,34,"Dubai",32,13.8,"Lower",0,"No",0,"No",3286,"Third",32.9,33.9,31.8
9241,20.9,22,"Sharjah",28.5,36,"Lower",0,"No",0,"No",2234,"Second",26.2,26.7,27.9
9242,38.4,14,"Abu Dhabi",31.7,27.8,"Lower",0,"No",0,"No",3570,"Second",30.4,29.6,32.7
9243,18.4,5,"Dubai",30.3,24.9,"Lower",0,"No",0,"No",3171,"First",30.4,30.5,32.3
9244,33,21,"Abu Dhabi",34.6,36.2,"Lower",0,"No",0,"No",3629,"Second",34.2,33.7,35.8
9245,30,14,"Dubai",29.6,35.4,"Lower",0,"No",0,"No",2278,"Second",25.8,29.3,30.1
9246,23.9,38,"Dubai",31.8,36,"Lower",0,"No",0,"No",2251,"Third",29.5,30.7,31.1
9247,20.1,40,"Abu Dhabi",32.3,26.1,"Lower",0,"No",0,"No",3320,"Third",32.9,30.5,31.1
9248,41.3,9,"Dubai",34.9,26.9,"Lower",0,"No",0,"No",4197,"First",37.2,32.6,37.5
9249,28.4,34,"Abu Dhabi",32.5,32.4,"Lower",0,"No",0,"No",2934,"Third",33.6,31.7,31.7
9250,42.9,11,"Abu Dhabi",27.9,19,"Lower",0,"No",0,"No",3367,"First",29.9,29.3,27.9
9251,31.1,5,"Abu Dhabi",30.4,33.8,"Lower",0,"No",0,"No",3855,"First",29,30.1,28.5
9252,35,7,"Abu Dhabi",33.8,21.9,"Lower",0,"No",1,"Yes",3276,"First",32.6,32.8,35.4
9253,29.6,25,"Abu Dhabi",31.6,21.4,"Lower",0,"No",0,"No",3446,"Second",31.3,32.2,32.4
9254,24.2,25,"Abu Dhabi",32.1,22.1,"Lower",0,"No",0,"No",3508,"Second",29.8,31.3,31.9
9255,24.2,15,"Dubai",34.5,24.8,"Lower",0,"No",0,"No",3419,"Second",35.3,34.5,32.5
9256,37.9,10,"Abu Dhabi",29.6,26.4,"Lower",0,"No",0,"No",3477,"First",29.2,30.2,32.8
9257,28,19,"Sharjah",38,26.9,"High",0,"No",0,"No",3720,"Second",36.8,38.2,38.4
9258,33.6,6,"Sharjah",31.8,29.9,"Lower",0,"No",0,"No",3490,"First",30.9,29.3,32.4
9259,24.7,34,"Dubai",36.4,16,"High",0,"No",0,"No",3943,"Third",39.4,37.7,36.4
9260,19.5,21,"Dubai",28.8,37.2,"Lower",0,"No",0,"No",3918,"Second",28.7,27.3,27.8
9261,34.4,24,"Sharjah",34.3,31.4,"Lower",0,"No",0,"No",2277,"Second",34.6,35.1,35.1
9262,18.6,28,"Abu Dhabi",34.3,21.6,"Lower",0,"No",0,"No",3227,"Third",32.7,33.9,32
9263,19.6,26,"Sharjah",35.8,39.1,"High",0,"No",0,"No",3436,"Second",34.9,36.6,34.9
9264,37.5,36,"Dubai",33.2,38.2,"Lower",0,"No",0,"No",2960,"Third",36.1,36.6,32.9
9265,42.3,19,"Dubai",34.3,31.4,"Lower",0,"No",0,"No",3331,"Second",32.3,35.2,37.1
9266,28.2,29,"Abu Dhabi",35.1,24.1,"High",1,"Yes",0,"No",2645,"Third",35.2,33.9,32.6
9267,20.8,7,"Dubai",34.4,33.7,"Lower",0,"No",0,"No",3749,"First",31.7,32.4,34.1
9268,37.6,4,"Dubai",31.2,35.9,"Lower",0,"No",1,"Yes",3438,"First",32.7,29.8,28.4
9269,25.4,28,"Dubai",30.4,16.1,"Lower",0,"No",0,"No",3524,"Third",31.2,30.6,27.7
9270,29.1,37,"Dubai",31.4,45.3,"Lower",0,"No",0,"No",2581,"Third",32.2,30.9,31.1
9271,31.5,17,"Abu Dhabi",36.1,29.8,"High",0,"No",0,"No",2514,"Second",39.6,36.3,35.6
9272,37,16,"Abu Dhabi",33.4,26.7,"Lower",0,"No",0,"No",3540,"Second",33,36.8,33.9
9273,21.2,21,"Dubai",29.4,34.7,"Lower",0,"No",0,"No",3470,"Second",29.7,28.3,28.7
9274,39.9,8,"Sharjah",31.2,15.3,"Lower",0,"No",0,"No",3541,"First",33,31.9,32.8
9275,28,12,"Abu Dhabi",28,30.6,"Lower",0,"No",0,"No",3796,"First",27.9,26.8,30.3
9276,35.8,32,"Dubai",32.2,30.6,"Lower",0,"No",0,"No",3844,"Third",33.4,32.3,31.8
9277,43.1,35,"Dubai",31.7,13.6,"Lower",0,"No",1,"Yes",3794,"Third",32.7,31.9,32
9278,19.9,9,"Dubai",36.8,13.6,"High",0,"No",0,"No",3290,"First",37.9,36.4,37
9279,31.9,33,"Sharjah",35,27,"High",0,"No",0,"No",3706,"Third",34,33.6,33.6
9280,28.6,11,"Dubai",29.3,18,"Lower",0,"No",0,"No",3758,"First",28.1,29.1,28.9
9281,35.2,32,"Abu Dhabi",29,32.5,"Lower",0,"No",0,"No",3266,"Third",29.6,30.1,27.5
9282,38.2,40,"Sharjah",29,27.2,"Lower",0,"No",0,"No",3044,"Third",27.6,26.6,28.6
9283,40.6,39,"Abu Dhabi",33,16.2,"Lower",0,"No",0,"No",3789,"Third",35,29.9,33.4
9284,31.7,21,"Abu Dhabi",31.3,27.5,"Lower",0,"No",0,"No",3219,"Second",29.5,31.9,32.8
9285,36.6,27,"Dubai",29.4,29.7,"Lower",1,"Yes",0,"No",3383,"Second",29.2,29.4,30
9286,44.8,24,"Abu Dhabi",31.1,29.2,"Lower",1,"Yes",0,"No",3761,"Second",30.3,30.3,30.7
9287,32.4,10,"Dubai",35,31.7,"High",0,"No",1,"Yes",2650,"First",35.9,33.5,36.8
9288,39.9,23,"Abu Dhabi",33.3,21.9,"Lower",0,"No",0,"No",2677,"Second",32.6,31.4,33.3
9289,36.3,6,"Dubai",34.9,33.3,"Lower",0,"No",0,"No",3423,"First",33.6,35.9,35.2
9290,28.7,8,"Sharjah",34.3,27.6,"Lower",1,"Yes",0,"No",1960,"First",35.1,33.1,34
9291,30.8,32,"Dubai",31.4,40.5,"Lower",0,"No",0,"No",2956,"Third",28.3,29.2,31.8
9292,32,5,"Sharjah",29.1,5,"Lower",0,"No",0,"No",3042,"First",29.2,26.1,29.3
9293,38.5,23,"Sharjah",26.5,25.3,"Lower",0,"No",0,"No",3598,"Second",26.6,24.9,24.1
9294,21.2,6,"Sharjah",35.7,30,"High",0,"No",0,"No",2351,"First",33.2,35.3,34.8
9295,25.7,29,"Dubai",31.7,29.7,"Lower",0,"No",0,"No",2981,"Third",31.8,31.2,30.5
9296,32.5,22,"Abu Dhabi",30.9,13.5,"Lower",0,"No",0,"No",3316,"Second",30.1,31.4,29.6
9297,25.4,38,"Sharjah",30.6,34.5,"Lower",0,"No",0,"No",3355,"Third",28.7,30.1,30.7
9298,32,7,"Abu Dhabi",33.4,25.2,"Lower",0,"No",0,"No",3096,"First",34,32.6,31.9
9299,41.7,28,"Dubai",32.3,29.7,"Lower",0,"No",0,"No",3111,"Third",30.6,31.7,31.8
9300,22,19,"Dubai",29.6,32.7,"Lower",0,"No",1,"Yes",2589,"Second",28.3,30,32.1
9301,44.9,5,"Dubai",36.2,26.9,"High",0,"No",0,"No",2667,"First",36.6,33.9,32.6
9302,21.3,25,"Abu Dhabi",34.7,16.8,"Lower",1,"Yes",0,"No",3466,"Second",35,33.9,36.1
9303,33.4,17,"Abu Dhabi",31.5,33.7,"Lower",1,"Yes",0,"No",3122,"Second",32.2,30.1,30.9
9304,41.2,7,"Dubai",26.7,28.9,"Lower",0,"No",0,"No",4044,"First",28.8,26.5,26.7
9305,39.1,23,"Sharjah",32.1,22.2,"Lower",0,"No",1,"Yes",3859,"Second",34.6,33,31
9306,27.7,13,"Sharjah",32.8,37.7,"Lower",0,"No",0,"No",2620,"First",29.7,32,32.8
9307,30.9,31,"Abu Dhabi",33.3,28.2,"Lower",0,"No",0,"No",2956,"Third",33.5,34.9,33.6
9308,29.9,8,"Dubai",35.7,28.6,"High",0,"No",0,"No",2879,"First",34.4,36.2,34.9
9309,18.9,11,"Abu Dhabi",35.8,37.2,"High",0,"No",1,"Yes",3275,"First",33,36.9,37.7
9310,22.7,18,"Dubai",24.6,32.3,"Lower",0,"No",0,"No",3515,"Second",24.6,23,23.4
9311,21.7,38,"Dubai",30.5,33.5,"Lower",0,"No",0,"No",4301,"Third",27.6,28.6,31
9312,39.9,32,"Dubai",29.2,35.7,"Lower",0,"No",0,"No",3542,"Third",27.3,28.2,27.7
9313,38.6,18,"Dubai",34.6,29.9,"Lower",0,"No",0,"No",2614,"Second",35.6,36.2,31.6
9314,32.5,6,"Sharjah",33,32.6,"Lower",0,"No",0,"No",3099,"First",32.1,32.5,34.1
9315,27.5,20,"Abu Dhabi",31.3,28.9,"Lower",0,"No",0,"No",3254,"Second",28.8,29.3,29.9
9316,44.7,24,"Abu Dhabi",31.1,42.2,"Lower",1,"Yes",1,"Yes",3697,"Second",30.1,33.1,31.9
9317,37.6,12,"Dubai",31.9,24.4,"Lower",0,"No",1,"Yes",2875,"First",28.9,31.8,31.7
9318,34.2,6,"Dubai",32.3,43.4,"Lower",0,"No",0,"No",1966,"First",32,35.3,34.7
9319,24,14,"Sharjah",35.3,12.6,"High",0,"No",0,"No",2939,"Second",36.4,34.7,33.6
9320,20.1,33,"Abu Dhabi",32.5,16.1,"Lower",0,"No",0,"No",3749,"Third",34.5,31.5,32.7
9321,43.8,5,"Dubai",30,33.7,"Lower",0,"No",0,"No",3258,"First",31.2,31.1,29
9322,21.5,15,"Abu Dhabi",28,31.4,"Lower",0,"No",0,"No",2875,"Second",27.7,29.3,26.7
9323,40.2,38,"Dubai",33.7,34.9,"Lower",0,"No",0,"No",3389,"Third",35.2,33.4,37.6
9324,26.3,35,"Dubai",35.6,21.7,"High",0,"No",1,"Yes",3287,"Third",34.1,33.6,35.6
9325,33.8,16,"Dubai",38.6,35.9,"High",0,"No",1,"Yes",2970,"Second",38.1,38.5,41.1
9326,28.7,13,"Sharjah",33.5,22.1,"Lower",0,"No",0,"No",3178,"First",35.3,33.4,34.2
9327,19.3,4,"Sharjah",30.2,33.2,"Lower",0,"No",0,"No",3974,"First",26.7,28.1,30.8
9328,18.5,33,"Dubai",31.1,15.8,"Lower",0,"No",0,"No",2941,"Third",29.4,31,31.4
9329,21.1,7,"Sharjah",28.9,29.4,"Lower",0,"No",0,"No",3414,"First",30.2,30.2,29.2
9330,27,34,"Dubai",35.3,24.2,"High",0,"No",0,"No",2561,"Third",36.8,35.5,33.7
9331,41.6,22,"Dubai",30.5,30,"Lower",0,"No",0,"No",3019,"Second",28.5,32,29.3
9332,33.6,40,"Dubai",31.2,22.5,"Lower",0,"No",0,"No",3788,"Third",32,31.8,30.8
9333,32.3,39,"Sharjah",33.5,23.9,"Lower",0,"No",0,"No",3356,"Third",35.6,30.6,31.4
9334,26,31,"Abu Dhabi",37.2,36.1,"High",0,"No",0,"No",2869,"Third",33.9,38.9,36.2
9335,28.7,16,"Dubai",32.1,35.5,"Lower",0,"No",0,"No",2570,"Second",35.3,32.7,30.5
9336,42.5,18,"Dubai",31.3,30.3,"Lower",0,"No",0,"No",2551,"Second",29.7,31.2,31.1
9337,26.1,9,"Sharjah",35,36.4,"High",1,"Yes",0,"No",3476,"First",33.2,31.7,37.4
9338,25.2,16,"Dubai",29.3,34.8,"Lower",0,"No",0,"No",3467,"Second",31,27.4,28.4
9339,26.2,35,"Abu Dhabi",31.8,14.9,"Lower",0,"No",0,"No",3570,"Third",33.1,30.8,32.1
9340,38.4,19,"Abu Dhabi",36.2,27.3,"High",0,"No",0,"No",3718,"Second",32.9,34.9,36.3
9341,20.3,25,"Dubai",27.2,28.4,"Lower",0,"No",0,"No",3829,"Second",29,28,27.7
9342,38.2,37,"Abu Dhabi",33.4,26.6,"Lower",0,"No",0,"No",2831,"Third",33.6,33.3,33.5
9343,32.4,11,"Dubai",27.7,21.5,"Lower",0,"No",0,"No",3095,"First",28.1,29.4,27.5
9344,25.9,27,"Dubai",25.2,27.1,"Lower",0,"No",0,"No",3994,"Second",23.9,26.1,24.3
9345,20.2,28,"Sharjah",36.4,28.4,"High",0,"No",0,"No",3380,"Third",36.1,36.8,39.1
9346,21.9,22,"Dubai",36.4,43.7,"High",0,"No",0,"No",2828,"Second",37,36.8,37.6
9347,34.7,40,"Sharjah",31.2,32.1,"Lower",0,"No",0,"No",3281,"Third",30.6,31.4,31.3
9348,28.4,35,"Abu Dhabi",33.4,14.3,"Lower",0,"No",0,"No",3269,"Third",32.1,34.7,33.7
9349,31.5,33,"Dubai",30.5,28.4,"Lower",0,"No",0,"No",3765,"Third",29.4,28.2,28.5
9350,34.3,5,"Abu Dhabi",32.2,39.2,"Lower",0,"No",0,"No",2852,"First",31.9,33.6,32
9351,40.9,25,"Abu Dhabi",33.6,33.1,"Lower",0,"No",0,"No",3843,"Second",31.2,31.6,31.3
9352,34.2,38,"Abu Dhabi",28.3,38.2,"Lower",0,"No",0,"No",2990,"Third",26.7,29,28.5
9353,35.5,36,"Dubai",32.7,37.9,"Lower",0,"No",0,"No",2857,"Third",34.1,32.8,30.1
9354,29.6,35,"Dubai",31.8,38.8,"Lower",0,"No",0,"No",2928,"Third",33.1,33.7,32.3
9355,20.7,29,"Sharjah",34.2,23.2,"Lower",0,"No",0,"No",3548,"Third",35.5,32,32.1
9356,33.7,33,"Abu Dhabi",32.2,27.7,"Lower",0,"No",0,"No",3435,"Third",31.1,32.5,31
9357,38.6,20,"Dubai",30,39.9,"Lower",0,"No",0,"No",3285,"Second",28.9,31,30.5
9358,35.6,7,"Abu Dhabi",30.3,50.7,"Lower",0,"No",0,"No",3502,"First",31.7,29.8,32.2
9359,21.8,12,"Dubai",28.8,29.1,"Lower",0,"No",0,"No",3621,"First",28.5,29.8,30.9
9360,19.8,5,"Abu Dhabi",30.7,28.5,"Lower",0,"No",0,"No",4364,"First",29.7,30.8,30.9
9361,28.6,33,"Sharjah",36.6,41.8,"High",1,"Yes",0,"No",3014,"Third",36.2,38.1,36.5
9362,43.8,8,"Dubai",32.6,28.9,"Lower",0,"No",0,"No",3812,"First",34.4,33.5,31.2
9363,22.8,31,"Sharjah",28.4,25.6,"Lower",0,"No",0,"No",3655,"Third",27.1,28.4,28.7
9364,30.5,37,"Dubai",34.8,39,"Lower",0,"No",0,"No",2525,"Third",33.7,34.9,36.1
9365,32.4,25,"Abu Dhabi",38.6,32.5,"High",0,"No",0,"No",3439,"Second",38.2,38.1,39
9366,36.6,18,"Abu Dhabi",31.5,25.9,"Lower",0,"No",0,"No",2987,"Second",29.5,32,30.5
9367,33.9,32,"Dubai",32.4,44.6,"Lower",0,"No",0,"No",3359,"Third",33.4,36.2,31.7
9368,41.2,21,"Dubai",31.3,28,"Lower",0,"No",0,"No",2450,"Second",28.7,32.7,29.6
9369,33.2,6,"Sharjah",26.9,15.2,"Lower",0,"No",0,"No",2559,"First",29.4,27.3,27.2
9370,39.1,32,"Dubai",35.3,25.7,"High",0,"No",0,"No",2809,"Third",34.8,35.3,36.4
9371,24.8,31,"Dubai",30.8,36.7,"Lower",1,"Yes",0,"No",3014,"Third",30.8,33.2,29.5
9372,25.7,12,"Sharjah",29.8,40.8,"Lower",0,"No",0,"No",2750,"First",29.6,31.8,30.5
9373,32.3,14,"Dubai",33.5,32.1,"Lower",0,"No",1,"Yes",2570,"Second",31.8,36.7,30.9
9374,42.6,8,"Dubai",30.6,44.8,"Lower",0,"No",0,"No",2950,"First",33.7,29.6,29
9375,40.5,11,"Dubai",32.2,40.5,"Lower",0,"No",0,"No",2987,"First",32.7,32.3,30.7
9376,35.3,25,"Sharjah",35.1,29.8,"High",1,"Yes",0,"No",2611,"Second",35.8,34.4,34.5
9377,36.1,29,"Abu Dhabi",35,30.3,"High",0,"No",0,"No",2902,"Third",32.8,33.9,32.9
9378,25.4,38,"Dubai",27.6,29.8,"Lower",0,"No",1,"Yes",3715,"Third",27.2,26.8,26.6
9379,32.8,23,"Dubai",32,31.4,"Lower",0,"No",0,"No",3131,"Second",35,31.2,28.8
9380,30.1,13,"Abu Dhabi",28.4,33.7,"Lower",0,"No",0,"No",3007,"First",29.1,26.9,25.9
9381,44.1,6,"Dubai",34.8,32.5,"Lower",0,"No",0,"No",2697,"First",32.8,33.7,35.3
9382,18.8,8,"Sharjah",36,30.6,"High",0,"No",0,"No",2955,"First",37.2,37.8,36.7
9383,42.8,16,"Abu Dhabi",35.3,21.5,"High",0,"No",0,"No",2585,"Second",34.1,36,33.8
9384,21,14,"Dubai",29.2,19.3,"Lower",0,"No",0,"No",3553,"Second",30.5,29.7,26.6
9385,37,15,"Abu Dhabi",31.1,33.2,"Lower",0,"No",1,"Yes",2985,"Second",33.1,30.1,29.6
9386,25.1,9,"Abu Dhabi",31.3,20.7,"Lower",0,"No",0,"No",3365,"First",32.6,30.6,34.3
9387,22.6,28,"Dubai",31.6,14,"Lower",0,"No",0,"No",3321,"Third",32.3,31.3,31.1
9388,21.4,38,"Abu Dhabi",32.4,29.6,"Lower",0,"No",0,"No",3095,"Third",36,32.8,32.4
9389,22.4,5,"Dubai",33.2,35.8,"Lower",0,"No",0,"No",2783,"First",34.7,34.1,33.1
9390,29.7,30,"Sharjah",31.8,42.8,"Lower",0,"No",0,"No",3324,"Third",31.8,33.3,32.1
9391,44.3,18,"Abu Dhabi",36.2,24.9,"High",1,"Yes",0,"No",2540,"Second",37.7,35.8,35.8
9392,19.6,15,"Dubai",27.3,24,"Lower",0,"No",0,"No",2978,"Second",27.5,26.8,27.3
9393,20.1,35,"Dubai",37.8,38.8,"High",1,"Yes",0,"No",3149,"Third",39,34.8,37.7
9394,28.8,28,"Dubai",35.6,33.3,"High",0,"No",0,"No",2969,"Third",36.8,36,37.4
9395,38.1,9,"Dubai",36.3,22.7,"High",0,"No",0,"No",3167,"First",38.7,35.9,35.2
9396,34.2,38,"Abu Dhabi",31.5,27.5,"Lower",0,"No",0,"No",2955,"Third",31,32.3,31.8
9397,44.9,14,"Sharjah",33.6,30.3,"Lower",0,"No",1,"Yes",3437,"Second",32.4,36.1,33.9
9398,23.3,17,"Dubai",33.4,30.2,"Lower",0,"No",0,"No",3116,"Second",36.4,33.4,33
9399,23,12,"Dubai",33.2,34.8,"Lower",1,"Yes",0,"No",3838,"First",32.7,31.4,32.2
9400,26.5,40,"Sharjah",30.7,27.7,"Lower",0,"No",0,"No",2757,"Third",31.3,30.5,30.8
9401,42.2,24,"Abu Dhabi",28,32.4,"Lower",1,"Yes",0,"No",2394,"Second",27.5,27.6,28.8
9402,26.2,13,"Abu Dhabi",27.3,28.1,"Lower",0,"No",0,"No",3507,"First",29.1,26.8,25.6
9403,24.2,34,"Sharjah",35.8,17.7,"High",0,"No",0,"No",2746,"Third",32.6,38.1,35.1
9404,45,37,"Abu Dhabi",31.9,21.9,"Lower",0,"No",0,"No",3561,"Third",32.1,33.6,32
9405,24.5,13,"Dubai",33.5,27,"Lower",0,"No",0,"No",3379,"First",31,33.8,32.3
9406,20.2,16,"Abu Dhabi",29.2,23.8,"Lower",0,"No",0,"No",3136,"Second",29.6,29.6,28.5
9407,27.9,23,"Dubai",26.6,26,"Lower",0,"No",0,"No",4128,"Second",27.1,26.4,25.2
9408,33.9,28,"Dubai",34.2,32.1,"Lower",0,"No",0,"No",2116,"Third",33.4,35.1,35.3
9409,33.1,32,"Dubai",29.2,16.1,"Lower",0,"No",0,"No",3492,"Third",28.9,29,28.7
9410,29,25,"Dubai",29.7,28,"Lower",0,"No",0,"No",3468,"Second",28,31.2,29.5
9411,26,14,"Dubai",29.7,17.5,"Lower",0,"No",0,"No",3072,"Second",33.7,30.9,27.3
9412,31.1,10,"Dubai",36.4,30.5,"High",0,"No",0,"No",2526,"First",36.3,38.3,34.7
9413,22.6,12,"Abu Dhabi",34.6,31.5,"Lower",0,"No",0,"No",3255,"First",32.4,33.1,36
9414,31.8,34,"Dubai",30.6,17.4,"Lower",0,"No",1,"Yes",4142,"Third",30.7,30.7,30.5
9415,36.9,11,"Dubai",31.6,46.8,"Lower",0,"No",0,"No",3123,"First",32.9,33.3,32.3
9416,30.7,10,"Abu Dhabi",33.6,28.6,"Lower",0,"No",0,"No",2746,"First",34.6,32.2,34.4
9417,37.2,13,"Dubai",27.5,24.6,"Lower",0,"No",0,"No",3870,"First",26.1,27.4,27
9418,37.6,16,"Abu Dhabi",34.7,24.5,"Lower",0,"No",0,"No",3213,"Second",33.1,35,33.5
9419,34.2,17,"Dubai",31,36.8,"Lower",0,"No",0,"No",2509,"Second",31.3,32.4,27.4
9420,37.2,25,"Dubai",36.2,22,"High",0,"No",0,"No",3225,"Second",36.2,36.3,37.6
9421,40.5,33,"Sharjah",29.6,32.8,"Lower",0,"No",0,"No",2580,"Third",27.5,29.7,28.5
9422,32.2,18,"Sharjah",30.9,37.2,"Lower",0,"No",0,"No",3211,"Second",31.5,34,32.4
9423,23.7,9,"Sharjah",31.4,33,"Lower",0,"No",0,"No",3299,"First",30.7,31.4,32.9
9424,34.7,17,"Abu Dhabi",32.5,22.3,"Lower",0,"No",0,"No",4252,"Second",33.9,31.9,31.5
9425,33.4,25,"Abu Dhabi",31.9,30.4,"Lower",0,"No",0,"No",3773,"Second",30.7,31.9,31.6
9426,31.3,11,"Abu Dhabi",31.6,27.9,"Lower",0,"No",1,"Yes",3263,"First",29.7,32.3,31.1
9427,44.9,26,"Sharjah",31.1,29.3,"Lower",0,"No",0,"No",2819,"Second",29.2,32.1,32.9
9428,30.7,13,"Abu Dhabi",27.1,18.3,"Lower",0,"No",0,"No",2943,"First",25.9,28.8,31.2
9429,18.2,5,"Dubai",30.3,34.4,"Lower",0,"No",0,"No",3425,"First",29,29.9,31.5
9430,23.4,18,"Abu Dhabi",27.3,40.6,"Lower",0,"No",0,"No",2793,"Second",27.6,28.2,22.5
9431,23.7,14,"Dubai",31.7,20.9,"Lower",0,"No",0,"No",2970,"Second",32.5,32.8,31.5
9432,18.1,30,"Dubai",29.9,24.6,"Lower",0,"No",0,"No",3140,"Third",28.2,29.6,27.2
9433,41,10,"Dubai",26.3,30.8,"Lower",0,"No",0,"No",2981,"First",27,26,26.5
9434,32.7,21,"Dubai",33.7,25.1,"Lower",0,"No",0,"No",3558,"Second",33.5,34.4,34.9
9435,36.6,28,"Dubai",37.7,35.5,"High",0,"No",0,"No",3186,"Third",34.9,37.2,34.2
9436,38,40,"Abu Dhabi",30.5,30.2,"Lower",0,"No",0,"No",3470,"Third",29.6,32.3,29.6
9437,31.5,31,"Sharjah",36.3,26.5,"High",0,"No",0,"No",3240,"Third",37.6,34.7,35.6
9438,31.3,12,"Abu Dhabi",29.7,29.8,"Lower",0,"No",0,"No",2646,"First",31.4,29.9,28.5
9439,19.4,34,"Sharjah",37.4,31.2,"High",1,"Yes",0,"No",3385,"Third",38.9,37.3,37.8
9440,41.4,19,"Dubai",32.6,22.6,"Lower",0,"No",1,"Yes",3128,"Second",32.7,32.3,34
9441,29.3,29,"Dubai",33.7,26.9,"Lower",0,"No",0,"No",2470,"Third",32.1,33.9,31.2
9442,40.6,8,"Abu Dhabi",30,32.3,"Lower",0,"No",0,"No",3154,"First",32.3,31.2,28.4
9443,32.7,40,"Dubai",30.9,34.2,"Lower",0,"No",0,"No",3561,"Third",32.3,30.7,28.2
9444,22.9,15,"Abu Dhabi",30.2,40.2,"Lower",0,"No",0,"No",3256,"Second",30.6,30.5,32.1
9445,34.5,10,"Abu Dhabi",27.2,42.5,"Lower",0,"No",0,"No",3423,"First",25.6,26.5,28.2
9446,29.1,38,"Sharjah",30.1,37.1,"Lower",0,"No",0,"No",3388,"Third",29.2,30.3,28.1
9447,27,10,"Sharjah",33.7,30.7,"Lower",0,"No",0,"No",4279,"First",35.8,34.3,34.2
9448,39.2,6,"Dubai",31.4,25.7,"Lower",0,"No",0,"No",4034,"First",30.3,29.8,28.5
9449,35.6,39,"Abu Dhabi",30,21,"Lower",0,"No",0,"No",3106,"Third",28.9,28.7,29.5
9450,30.2,5,"Dubai",27.7,27.9,"Lower",0,"No",0,"No",3124,"First",29.8,27.3,26.6
9451,31,35,"Dubai",38.9,42.3,"High",0,"No",0,"No",3209,"Third",40.8,37.9,39
9452,30.8,27,"Sharjah",37.4,17.9,"High",0,"No",0,"No",3169,"Second",36.5,36.8,34
9453,42.8,15,"Abu Dhabi",38,38.3,"High",0,"No",0,"No",3930,"Second",38.2,37.5,38.4
9454,18.6,36,"Dubai",26.1,14.3,"Lower",0,"No",0,"No",3794,"Third",24.1,27.5,27.1
9455,44.5,24,"Abu Dhabi",30.3,16.9,"Lower",0,"No",0,"No",3834,"Second",28.3,30.1,30.4
9456,23.6,25,"Abu Dhabi",28.2,22.7,"Lower",0,"No",0,"No",3207,"Second",27.4,26.9,29.8
9457,28,38,"Abu Dhabi",37.2,25.1,"High",0,"No",0,"No",3146,"Third",37.3,36,34.7
9458,28.3,29,"Dubai",33.4,28.2,"Lower",0,"No",0,"No",3616,"Third",31.6,30.1,31.3
9459,23,33,"Dubai",25.8,40.5,"Lower",0,"No",0,"No",4023,"Third",25,25.6,25.3
9460,43.8,30,"Dubai",31.6,27.2,"Lower",0,"No",0,"No",2738,"Third",33.8,32.1,30.7
9461,41.9,24,"Abu Dhabi",32.3,32.6,"Lower",0,"No",0,"No",3723,"Second",33.6,34,33.9
9462,30,40,"Sharjah",32.1,45.7,"Lower",0,"No",1,"Yes",3228,"Third",35.2,31.4,33.2
9463,27.4,13,"Abu Dhabi",30.6,28.1,"Lower",0,"No",0,"No",3983,"First",32.4,30.7,32.8
9464,39.4,21,"Abu Dhabi",32.5,19.6,"Lower",0,"No",0,"No",3477,"Second",30.4,30.6,32.2
9465,26.4,27,"Abu Dhabi",26.4,27.5,"Lower",0,"No",0,"No",3098,"Second",25.9,27.1,25.8
9466,26,21,"Dubai",33.2,31.2,"Lower",0,"No",0,"No",2471,"Second",33.3,32.3,33.9
9467,21.6,33,"Dubai",34.9,46.7,"Lower",0,"No",1,"Yes",3405,"Third",34.9,35.3,34.6
9468,24.3,27,"Abu Dhabi",28.9,29.1,"Lower",0,"No",0,"No",3479,"Second",30.5,29.5,28.7
9469,29.8,30,"Abu Dhabi",30.2,30.7,"Lower",0,"No",1,"Yes",2925,"Third",29.7,29.6,32.9
9470,31.4,24,"Abu Dhabi",37.3,37.4,"High",1,"Yes",1,"Yes",2622,"Second",38.2,37.8,39.9
9471,29.1,28,"Abu Dhabi",32.6,37,"Lower",0,"No",0,"No",3374,"Third",30.6,33.1,29.1
9472,20.5,25,"Sharjah",34.3,37.5,"Lower",0,"No",0,"No",4129,"Second",34.2,32.3,34.3
9473,20.3,25,"Dubai",34.8,30,"Lower",0,"No",0,"No",3073,"Second",33.2,33.4,32.9
9474,30.1,6,"Sharjah",29.4,26,"Lower",0,"No",0,"No",4426,"First",29.5,27.9,32.8
9475,43.9,18,"Dubai",30.7,34.4,"Lower",0,"No",0,"No",3804,"Second",32,31.3,30.6
9476,37.4,27,"Dubai",33.1,33.5,"Lower",0,"No",0,"No",2591,"Second",33.4,32.2,32.8
9477,21.3,20,"Dubai",34.1,26.7,"Lower",0,"No",0,"No",2667,"Second",34.8,30.3,34.8
9478,41.3,36,"Dubai",31.4,34.9,"Lower",0,"No",0,"No",3978,"Third",31.4,30.5,32.3
9479,36.1,29,"Sharjah",33.4,42.3,"Lower",0,"No",0,"No",2269,"Third",36,32.3,34.6
9480,39.8,17,"Dubai",30.9,38.3,"Lower",0,"No",0,"No",3091,"Second",29.6,31.6,31.3
9481,27.6,40,"Dubai",34.1,22.6,"Lower",0,"No",0,"No",2428,"Third",35.3,34.4,32.8
9482,44.7,24,"Sharjah",32.5,26.7,"Lower",0,"No",0,"No",4094,"Second",35.8,35.2,33.8
9483,28.8,22,"Sharjah",36.5,25.9,"High",1,"Yes",0,"No",4002,"Second",37.8,34.3,37.6
9484,37.1,40,"Sharjah",34.9,27.8,"Lower",0,"No",0,"No",2794,"Third",33.2,39.2,34.8
9485,25.7,14,"Abu Dhabi",28.6,21,"Lower",0,"No",0,"No",3817,"Second",28.5,29.9,28.8
9486,28.4,35,"Dubai",33.2,41.1,"Lower",0,"No",0,"No",3461,"Third",31,31.9,33.2
9487,19.2,23,"Abu Dhabi",32.8,21.3,"Lower",0,"No",0,"No",3187,"Second",33.5,32.4,32.2
9488,24.9,22,"Abu Dhabi",34,28,"Lower",0,"No",0,"No",3304,"Second",33.4,34.3,34
9489,42.8,31,"Dubai",31.8,33.2,"Lower",0,"No",0,"No",3875,"Third",29.4,32.1,31.7
9490,42.6,23,"Sharjah",34.8,27.8,"Lower",0,"No",0,"No",3724,"Second",35.8,33.2,33.7
9491,38.3,36,"Abu Dhabi",29,37.9,"Lower",1,"Yes",0,"No",3304,"Third",27.6,29.3,31
9492,24.7,15,"Abu Dhabi",35.7,19.9,"High",0,"No",0,"No",3007,"Second",34,36.8,33.5
9493,41.9,27,"Sharjah",36.7,39.4,"High",0,"No",0,"No",3570,"Second",37.7,34.9,37.3
9494,41.3,9,"Sharjah",34.9,18.6,"Lower",0,"No",1,"Yes",2006,"First",33.9,34,32.5
9495,33.6,29,"Dubai",30.1,34.8,"Lower",1,"Yes",0,"No",3092,"Third",31.5,30,30.2
9496,29.2,15,"Dubai",28.1,28,"Lower",0,"No",0,"No",2969,"Second",27.6,28,29
9497,19.8,8,"Abu Dhabi",32.5,38,"Lower",1,"Yes",0,"No",3181,"First",30.6,31.3,33.8
9498,26.7,24,"Dubai",32.5,30.2,"Lower",0,"No",0,"No",3292,"Second",32.1,31.7,32.3
9499,26.6,26,"Dubai",34.7,34.7,"Lower",0,"No",0,"No",3631,"Second",36.1,32.4,36.1
9500,20.3,37,"Sharjah",32.4,30.7,"Lower",0,"No",0,"No",2967,"Third",33,31.9,33.9
9501,35,15,"Sharjah",28,31.1,"Lower",0,"No",0,"No",3031,"Second",28.6,26.1,30.2
9502,37.8,29,"Abu Dhabi",33.1,42.3,"Lower",0,"No",0,"No",2776,"Third",35,31.5,34
9503,18.1,6,"Sharjah",35.5,40,"High",0,"No",0,"No",2921,"First",35.2,34.3,34.8
9504,31.8,38,"Dubai",34,15.4,"Lower",0,"No",0,"No",3567,"Third",32.6,32.6,35.2
9505,21.5,21,"Abu Dhabi",26.8,17.2,"Lower",0,"No",0,"No",3636,"Second",25.5,26.7,26.8
9506,34.7,33,"Abu Dhabi",26.4,36.7,"Lower",0,"No",0,"No",2746,"Third",27.1,27,24.6
9507,30.7,29,"Sharjah",29.3,30.1,"Lower",1,"Yes",1,"Yes",3845,"Third",28.6,29.3,31.3
9508,33.3,33,"Abu Dhabi",32.9,19.7,"Lower",0,"No",0,"No",2876,"Third",31.8,33.2,32.6
9509,22.5,7,"Dubai",30.8,29.7,"Lower",1,"Yes",0,"No",2707,"First",31,30.6,29.8
9510,23.6,8,"Abu Dhabi",34.2,43.4,"Lower",0,"No",0,"No",3116,"First",35.8,32.6,35.1
9511,24.3,22,"Dubai",31.9,21.5,"Lower",0,"No",0,"No",3471,"Second",33.6,33.9,29.4
9512,42,9,"Abu Dhabi",30.7,34.1,"Lower",0,"No",0,"No",2977,"First",30.4,32.7,28.5
9513,30.8,37,"Sharjah",36,18.2,"High",0,"No",0,"No",3172,"Third",38.1,37.2,34.5
9514,20.2,11,"Dubai",29.4,29.5,"Lower",0,"No",0,"No",3359,"First",29,29.1,28.7
9515,21.4,9,"Abu Dhabi",35.1,30.9,"High",1,"Yes",0,"No",3955,"First",35.6,33.9,33.3
9516,40.1,20,"Abu Dhabi",32.3,38.9,"Lower",0,"No",1,"Yes",3305,"Second",30.9,30.1,32.7
9517,23.1,5,"Dubai",27.3,35.8,"Lower",0,"No",0,"No",3866,"First",26.9,26.9,28.1
9518,30.7,37,"Dubai",31.9,38.4,"Lower",0,"No",0,"No",2697,"Third",30.4,31.1,34.6
9519,42.8,32,"Dubai",37.6,21.6,"High",0,"No",0,"No",2856,"Third",38.4,36.3,38.8
9520,34.3,18,"Dubai",34.6,44.1,"Lower",0,"No",0,"No",2824,"Second",32.8,33.2,35.7
9521,27.1,31,"Dubai",34.9,18.1,"Lower",0,"No",0,"No",3880,"Third",35.9,32.7,33.8
9522,39.3,10,"Sharjah",32.9,33.2,"Lower",0,"No",0,"No",3088,"First",33.8,37.2,35
9523,44.1,25,"Dubai",33.5,38.6,"Lower",0,"No",0,"No",3009,"Second",34.3,30.2,34.1
9524,28.2,30,"Abu Dhabi",30.4,11.7,"Lower",0,"No",0,"No",3475,"Third",30.9,31.9,27.3
9525,31.4,22,"Dubai",33.7,41.5,"Lower",0,"No",0,"No",2897,"Second",33.7,32,35.9
9526,34.7,10,"Dubai",30.1,25.3,"Lower",0,"No",0,"No",3291,"First",29.4,30.4,27.8
9527,44.7,38,"Dubai",34.3,27.8,"Lower",1,"Yes",1,"Yes",4012,"Third",35.9,31.5,32.2
9528,30.2,18,"Dubai",30.7,28.8,"Lower",0,"No",0,"No",3089,"Second",29.9,29.4,31.9
9529,27.8,9,"Abu Dhabi",33.2,39,"Lower",0,"No",0,"No",3535,"First",32.1,33,36.9
9530,36.7,11,"Dubai",31.5,29.8,"Lower",1,"Yes",0,"No",2984,"First",31.9,32,30.9
9531,20.3,22,"Dubai",31.4,35.4,"Lower",0,"No",0,"No",2960,"Second",32.7,31.6,31.7
9532,29.3,27,"Sharjah",26.6,32,"Lower",0,"No",0,"No",4447,"Second",26.5,24.7,24.6
9533,33.3,32,"Sharjah",30.6,23.1,"Lower",0,"No",0,"No",3884,"Third",32.6,29.2,29.8
9534,23,6,"Sharjah",26.3,26.6,"Lower",0,"No",0,"No",3077,"First",28.1,27,26
9535,32.5,34,"Dubai",32.7,41.3,"Lower",0,"No",0,"No",3422,"Third",35.5,32.1,32.4
9536,42.8,29,"Dubai",30.2,24.7,"Lower",0,"No",0,"No",3267,"Third",26.5,29.2,29.8
9537,35.5,40,"Dubai",32,23.3,"Lower",0,"No",0,"No",2938,"Third",32.8,32.2,32.1
9538,22.9,16,"Dubai",36.8,31.4,"High",0,"No",0,"No",3160,"Second",37.9,38.2,37.2
9539,32.5,28,"Dubai",32.9,33.5,"Lower",0,"No",0,"No",3266,"Third",31.3,33.9,29.9
9540,35.7,14,"Dubai",29.4,39,"Lower",0,"No",0,"No",2811,"Second",28.1,27.4,29.2
9541,23,10,"Dubai",32.6,26.6,"Lower",0,"No",0,"No",2591,"First",32.9,31.7,34.1
9542,19,33,"Dubai",24.5,30.2,"Lower",0,"No",0,"No",2834,"Third",27.1,25,24.7
9543,32.4,4,"Dubai",34,43.6,"Lower",0,"No",0,"No",3681,"First",35,33.9,35.8
9544,34.9,20,"Abu Dhabi",28.4,34.1,"Lower",0,"No",0,"No",3100,"Second",28.5,27.9,30.6
9545,19.2,30,"Abu Dhabi",26.8,39.3,"Lower",0,"No",0,"No",3333,"Third",26,25.9,25.1
9546,42.9,18,"Dubai",34.9,32.9,"Lower",0,"No",0,"No",3260,"Second",34,33.5,34.6
9547,24.3,33,"Abu Dhabi",36.7,42.2,"High",0,"No",1,"Yes",2935,"Third",35.8,36.2,37.3
9548,27,28,"Dubai",32.3,14.2,"Lower",0,"No",0,"No",3487,"Third",32.9,32.4,31.9
9549,44,20,"Sharjah",35.6,30.6,"High",0,"No",0,"No",2545,"Second",36.9,36.7,36.3
9550,38.4,19,"Dubai",32,25.8,"Lower",0,"No",0,"No",3664,"Second",33.1,33.1,33.1
9551,29.2,20,"Abu Dhabi",30.5,12.2,"Lower",0,"No",0,"No",3113,"Second",29.9,30.9,29.3
9552,25.9,36,"Dubai",34.5,35.5,"Lower",0,"No",0,"No",2796,"Third",35,32.2,36.7
9553,29.2,16,"Sharjah",33.1,30.6,"Lower",0,"No",0,"No",3201,"Second",31.9,35.2,36.8
9554,22.9,17,"Sharjah",31.5,37.2,"Lower",0,"No",0,"No",2971,"Second",29,29.8,29.5
9555,39.9,25,"Dubai",32.4,33.4,"Lower",0,"No",0,"No",3120,"Second",34.8,32.5,32
9556,37.5,27,"Abu Dhabi",34.5,33.3,"Lower",0,"No",0,"No",3270,"Second",35.7,34.2,32.9
9557,44.9,23,"Dubai",32.4,23.8,"Lower",0,"No",0,"No",2907,"Second",32.7,36.8,33.3
9558,26.3,11,"Sharjah",34.7,19.8,"Lower",0,"No",0,"No",3377,"First",36.1,33.8,36.4
9559,37.2,30,"Sharjah",36.4,35.8,"High",0,"No",0,"No",2566,"Third",37.1,37.4,36.8
9560,21.7,40,"Dubai",32,27.2,"Lower",0,"No",1,"Yes",3033,"Third",30.3,32.1,30.2
9561,27.5,31,"Dubai",36.5,28,"High",0,"No",0,"No",3970,"Third",37,36.4,37.1
9562,36.6,34,"Dubai",33.6,36.5,"Lower",0,"No",0,"No",3209,"Third",30.9,31.3,34.2
9563,39.4,29,"Abu Dhabi",29.5,39.7,"Lower",0,"No",1,"Yes",3068,"Third",29.8,30.4,29.6
9564,38.2,18,"Dubai",29.3,22.7,"Lower",0,"No",0,"No",3694,"Second",28.1,28.8,28.5
9565,26.9,10,"Dubai",29.7,39.4,"Lower",0,"No",0,"No",2749,"First",30.1,30.2,31.2
9566,25.6,19,"Dubai",31.9,38.4,"Lower",0,"No",0,"No",3449,"Second",31.4,32.7,33.2
9567,31.3,26,"Sharjah",31.3,42.6,"Lower",0,"No",0,"No",3595,"Second",31.5,30.2,30.6
9568,43.3,32,"Abu Dhabi",34.8,32.2,"Lower",0,"No",0,"No",3883,"Third",34.9,36.5,35.1
9569,18.1,38,"Dubai",32.9,35.8,"Lower",1,"Yes",0,"No",2995,"Third",33.1,33.7,32.2
9570,29.1,12,"Dubai",29.4,55.3,"Lower",0,"No",1,"Yes",2845,"First",28.7,29.5,31.5
9571,22.4,16,"Dubai",35.5,27.6,"High",0,"No",0,"No",1770,"Second",36.8,33.8,35.8
9572,27.8,12,"Dubai",35.7,18.5,"High",0,"No",0,"No",3531,"First",35.1,36.1,34.1
9573,34.7,21,"Dubai",31.2,20.3,"Lower",0,"No",0,"No",3845,"Second",31.1,30.6,32.7
9574,23,6,"Abu Dhabi",34.3,29.6,"Lower",0,"No",1,"Yes",3374,"First",35.6,32.6,36.9
9575,20.4,23,"Dubai",33.1,32.6,"Lower",0,"No",0,"No",3103,"Second",33,33.1,33.8
9576,29.6,35,"Abu Dhabi",36.8,38.9,"High",0,"No",0,"No",2017,"Third",35.8,38.4,38.3
9577,25.5,21,"Dubai",31.5,31.4,"Lower",0,"No",0,"No",2591,"Second",33.1,30.4,32.5
9578,43.5,17,"Dubai",36.6,37,"High",1,"Yes",0,"No",2501,"Second",38.7,35.6,36.6
9579,26.4,13,"Dubai",32.3,34.4,"Lower",0,"No",0,"No",3999,"First",30.8,32.9,34.6
9580,29.1,35,"Sharjah",30,39.5,"Lower",0,"No",0,"No",3185,"Third",30.9,31.4,28.8
9581,27.4,14,"Abu Dhabi",32.4,39.8,"Lower",1,"Yes",0,"No",2723,"Second",34,31.8,33.7
9582,28.3,33,"Dubai",30.8,33.3,"Lower",0,"No",0,"No",3341,"Third",30.6,32.6,33.7
9583,22,30,"Sharjah",31.8,14.3,"Lower",0,"No",0,"No",3004,"Third",33.9,33.8,33.3
9584,40,23,"Sharjah",36.7,18.3,"High",0,"No",0,"No",3240,"Second",34.7,35.3,36
9585,25.1,5,"Sharjah",31.8,14.4,"Lower",0,"No",0,"No",3416,"First",33.8,29.3,31.2
9586,38.5,38,"Dubai",31.6,32.5,"Lower",0,"No",0,"No",3218,"Third",30.2,28.7,29.2
9587,40.1,10,"Abu Dhabi",32.9,23.1,"Lower",0,"No",0,"No",2634,"First",29.6,33.8,29
9588,40.9,38,"Abu Dhabi",35.7,41.9,"High",0,"No",0,"No",3147,"Third",34.3,37.3,37.3
9589,25.7,27,"Dubai",32.9,49.9,"Lower",0,"No",1,"Yes",3444,"Second",32.8,35.1,30.4
9590,24.4,14,"Sharjah",31.9,38.5,"Lower",0,"No",0,"No",3066,"Second",32.5,30.8,30.9
9591,44.8,12,"Sharjah",29.6,32,"Lower",0,"No",0,"No",2675,"First",28.9,29.6,28.9
9592,28.7,24,"Abu Dhabi",33.4,32.6,"Lower",1,"Yes",1,"Yes",3325,"Second",30.3,32.8,33.7
9593,21.5,16,"Dubai",29.5,35,"Lower",0,"No",0,"No",3130,"Second",30.3,31.4,29.3
9594,35.8,15,"Dubai",32.2,31.6,"Lower",1,"Yes",0,"No",3387,"Second",30.7,35,30.8
9595,32.7,24,"Abu Dhabi",31.1,30.5,"Lower",0,"No",0,"No",2778,"Second",29.9,33.6,32.6
9596,43.6,37,"Abu Dhabi",34,25.1,"Lower",0,"No",0,"No",3470,"Third",32.6,32.2,35.9
9597,38.1,22,"Abu Dhabi",34.6,22.2,"Lower",0,"No",0,"No",3653,"Second",37.3,30.8,33.6
9598,36.8,36,"Dubai",29.9,30.6,"Lower",0,"No",0,"No",4340,"Third",30.6,30,29.2
9599,39.9,38,"Sharjah",31.6,29.2,"Lower",1,"Yes",0,"No",2838,"Third",30.8,33.4,31.9
9600,35.3,8,"Dubai",37.6,37.2,"High",0,"No",0,"No",4084,"First",39.7,37.7,36.4
9601,29.8,26,"Dubai",31.8,32.2,"Lower",0,"No",0,"No",3194,"Second",31.9,34.7,33.3
9602,33.1,28,"Sharjah",33.3,21.9,"Lower",0,"No",0,"No",2764,"Third",31.7,32,33.8
9603,43.5,7,"Sharjah",30.6,32.5,"Lower",0,"No",0,"No",2944,"First",31.9,29,28.7
9604,42.4,6,"Abu Dhabi",36.8,33.6,"High",0,"No",1,"Yes",3087,"First",35.4,37.2,36.6
9605,31.3,15,"Abu Dhabi",32.3,25.9,"Lower",0,"No",0,"No",2857,"Second",34.8,31.6,34.3
9606,19.2,10,"Dubai",29.5,20.8,"Lower",0,"No",0,"No",3768,"First",29.5,29.4,28.1
9607,22.6,17,"Abu Dhabi",32.9,36.5,"Lower",0,"No",0,"No",2946,"Second",32.7,32.4,29
9608,43.6,36,"Dubai",33.6,37.7,"Lower",0,"No",0,"No",2599,"Third",32.1,32.6,34.2
9609,37,17,"Dubai",36.6,22.2,"High",0,"No",0,"No",2847,"Second",35.3,36.7,36.8
9610,39.6,22,"Dubai",29.3,39.7,"Lower",0,"No",0,"No",3110,"Second",29.2,28,31.5
9611,35.4,34,"Dubai",32.1,25.4,"Lower",0,"No",0,"No",3051,"Third",32.4,30.4,32.6
9612,39.7,4,"Abu Dhabi",32.2,33.8,"Lower",0,"No",0,"No",3967,"First",35.7,32.1,31.5
9613,18.3,16,"Abu Dhabi",29,36,"Lower",0,"No",0,"No",2919,"Second",28.7,27.3,26.9
9614,19.4,10,"Abu Dhabi",30.9,36.8,"Lower",0,"No",0,"No",3608,"First",30.2,32.7,31.3
9615,26.7,37,"Abu Dhabi",27.5,29.9,"Lower",0,"No",0,"No",2568,"Third",27.3,25.2,27
9616,31.3,24,"Abu Dhabi",28,15.9,"Lower",0,"No",0,"No",3871,"Second",28.6,24.8,28.9
9617,27.4,5,"Abu Dhabi",36.9,25.4,"High",1,"Yes",0,"No",3140,"First",35.8,37.5,35.9
9618,36.5,24,"Dubai",36.2,37.7,"High",1,"Yes",0,"No",3461,"Second",36.8,39.2,36.1
9619,33,27,"Dubai",35.5,33,"High",0,"No",0,"No",2894,"Second",38.3,35.8,34.9
9620,23.3,5,"Dubai",33.9,30.1,"Lower",1,"Yes",0,"No",2805,"First",34.7,33.5,33.4
9621,41.1,20,"Dubai",30,21.4,"Lower",0,"No",0,"No",3723,"Second",29.2,28.4,29
9622,40.9,8,"Sharjah",25.9,22.2,"Lower",0,"No",0,"No",3144,"First",26.4,26,25.6
9623,18.8,37,"Abu Dhabi",32.7,34,"Lower",0,"No",0,"No",3409,"Third",31.8,31.3,32.4
9624,26.3,17,"Dubai",28.5,36.6,"Lower",0,"No",0,"No",2912,"Second",29.3,27.5,28.5
9625,30.9,24,"Dubai",33.6,26,"Lower",0,"No",0,"No",3169,"Second",32.9,34,34.2
9626,32.1,34,"Dubai",34.4,22.2,"Lower",0,"No",0,"No",2669,"Third",34.2,34.4,34.4
9627,18,10,"Abu Dhabi",31.5,15.8,"Lower",0,"No",0,"No",2771,"First",31.8,31.8,31.7
9628,31,21,"Abu Dhabi",34.6,27.5,"Lower",0,"No",0,"No",2721,"Second",34.5,34.6,33.2
9629,26.7,15,"Abu Dhabi",27.8,31,"Lower",0,"No",0,"No",3053,"Second",26.9,27.2,28.5
9630,40,31,"Abu Dhabi",30.1,44.4,"Lower",0,"No",0,"No",3734,"Third",29.6,28.8,32.1
9631,33.2,19,"Abu Dhabi",31.7,36.1,"Lower",0,"No",0,"No",2734,"Second",30.1,29.3,32.2
9632,25.6,7,"Dubai",32.6,40.6,"Lower",0,"No",0,"No",2305,"First",34.6,33.4,33.8
9633,26.3,32,"Dubai",32.2,26.4,"Lower",0,"No",0,"No",3433,"Third",33.1,33.2,31.6
9634,41.9,39,"Dubai",34.6,19.8,"Lower",0,"No",0,"No",3434,"Third",34.5,35.1,37.1
9635,34.8,39,"Dubai",29,15.1,"Lower",0,"No",0,"No",2915,"Third",28.7,26.1,28.6
9636,35.7,7,"Dubai",27,32,"Lower",0,"No",1,"Yes",4312,"First",25.6,27.7,26.5
9637,40.9,6,"Abu Dhabi",33.6,25.8,"Lower",0,"No",0,"No",3020,"First",34.3,32.3,34.2
9638,23.5,39,"Dubai",32.1,34.8,"Lower",0,"No",0,"No",3048,"Third",32.5,33.5,34.1
9639,34.5,15,"Dubai",31.7,39.5,"Lower",0,"No",0,"No",2820,"Second",28.8,32.7,34
9640,41.7,25,"Abu Dhabi",27.1,22.3,"Lower",0,"No",1,"Yes",3329,"Second",24.7,29.4,27.7
9641,26.9,11,"Abu Dhabi",33.4,46.3,"Lower",1,"Yes",0,"No",3441,"First",33.9,34.2,33.9
9642,42.5,8,"Dubai",27.9,29.1,"Lower",0,"No",0,"No",2797,"First",30.6,29.8,28
9643,27.3,19,"Dubai",35.9,30.5,"High",0,"No",0,"No",3188,"Second",35.8,35.3,36.7
9644,35.7,38,"Dubai",31.6,34.3,"Lower",0,"No",0,"No",3362,"Third",30.4,31.3,30.8
9645,26.3,37,"Dubai",32.9,33.2,"Lower",0,"No",0,"No",3518,"Third",31.1,32.8,32.4
9646,19.7,34,"Dubai",27.7,32,"Lower",0,"No",0,"No",3148,"Third",28,27,29.3
9647,33.7,31,"Dubai",31.2,32.6,"Lower",1,"Yes",0,"No",2787,"Third",35.2,30.2,30
9648,24.8,19,"Dubai",37.9,43.6,"High",0,"No",0,"No",3029,"Second",37.8,37.3,36.2
9649,27.1,33,"Dubai",27.7,20.2,"Lower",0,"No",0,"No",3374,"Third",27.6,29.5,26.2
9650,20.4,14,"Dubai",30.3,25.9,"Lower",0,"No",0,"No",4004,"Second",31.3,28.1,28.1
9651,42.5,17,"Dubai",36.9,39.7,"High",0,"No",0,"No",1988,"Second",38.4,37.1,36.3
9652,25.2,24,"Dubai",30.9,15.2,"Lower",0,"No",0,"No",3625,"Second",31.6,30.6,30.3
9653,19.5,13,"Dubai",29.7,23.3,"Lower",1,"Yes",0,"No",4153,"First",27.3,32,30.4
9654,38.7,4,"Abu Dhabi",30.1,35.1,"Lower",0,"No",0,"No",3733,"First",27.4,30,29.7
9655,27.4,28,"Sharjah",29.7,23.5,"Lower",0,"No",0,"No",2799,"Third",32.4,28.1,28.1
9656,39.8,34,"Dubai",31.3,19.7,"Lower",0,"No",0,"No",3146,"Third",30.9,33,30.5
9657,30.5,22,"Dubai",30.3,24.5,"Lower",0,"No",0,"No",3020,"Second",30,26.7,28.7
9658,30.2,33,"Abu Dhabi",32.2,30.9,"Lower",0,"No",0,"No",3448,"Third",33.1,32.5,34.1
9659,30.8,18,"Abu Dhabi",33.7,27.2,"Lower",0,"No",0,"No",3027,"Second",32.5,35.1,32.7
9660,23.6,21,"Sharjah",31.9,25.3,"Lower",1,"Yes",0,"No",3662,"Second",30.5,33.3,31.2
9661,31.3,4,"Abu Dhabi",30.3,38.8,"Lower",0,"No",0,"No",2975,"First",31.8,31.6,33.1
9662,28.9,40,"Dubai",28.5,40.4,"Lower",0,"No",0,"No",3366,"Third",29.9,28.2,29.4
9663,34.7,32,"Dubai",32.5,25.9,"Lower",0,"No",0,"No",3882,"Third",32.9,34.2,31.7
9664,34.9,32,"Abu Dhabi",30.8,20.3,"Lower",0,"No",0,"No",4114,"Third",31.9,28.2,31.5
9665,38.3,10,"Abu Dhabi",34.1,40.8,"Lower",0,"No",0,"No",2667,"First",37.8,37,30.6
9666,43.3,39,"Abu Dhabi",28.7,36.9,"Lower",0,"No",0,"No",3201,"Third",28.5,26.3,29.5
9667,30.4,16,"Abu Dhabi",32.5,35,"Lower",0,"No",0,"No",3097,"Second",33,32.1,33.8
9668,41.3,34,"Dubai",31.5,33,"Lower",0,"No",0,"No",3153,"Third",31.9,30.9,33.9
9669,18.8,16,"Abu Dhabi",32.1,34.5,"Lower",0,"No",0,"No",3347,"Second",31.6,32.7,33
9670,26.6,18,"Sharjah",27.6,28.9,"Lower",0,"No",0,"No",2915,"Second",28.5,28.3,27.7
9671,25.7,6,"Dubai",33.4,22.9,"Lower",0,"No",0,"No",3406,"First",32.4,34,31.3
9672,39.3,18,"Sharjah",29.2,19.8,"Lower",0,"No",0,"No",3621,"Second",29.9,29.1,27.8
9673,31.7,30,"Sharjah",31.7,41.9,"Lower",0,"No",0,"No",4100,"Third",34.5,33.1,30.8
9674,42.9,40,"Abu Dhabi",32.2,24.4,"Lower",0,"No",1,"Yes",2975,"Third",33.2,35.6,30.3
9675,38.6,12,"Abu Dhabi",26.2,15.5,"Lower",0,"No",0,"No",3108,"First",26.5,25,26.5
9676,32.7,19,"Abu Dhabi",24.1,23.1,"Lower",0,"No",0,"No",3151,"Second",23.5,24.2,22.7
9677,18.2,5,"Abu Dhabi",35.4,42.1,"High",0,"No",0,"No",2393,"First",35.2,37.1,36.1
9678,22,6,"Dubai",27.4,22.1,"Lower",0,"No",0,"No",3609,"First",30.7,29.8,26.5
9679,28.8,36,"Abu Dhabi",31.2,12.2,"Lower",0,"No",1,"Yes",3572,"Third",34,32.4,30.7
9680,22,33,"Dubai",30.8,15.2,"Lower",0,"No",0,"No",3534,"Third",29.3,31.1,33.4
9681,39.4,26,"Dubai",34.6,38.8,"Lower",0,"No",1,"Yes",3116,"Second",37.3,32.2,32.7
9682,30.3,9,"Abu Dhabi",30.7,20.7,"Lower",0,"No",1,"Yes",3069,"First",32,31.9,31.1
9683,25.3,17,"Abu Dhabi",27.4,31.6,"Lower",0,"No",0,"No",4216,"Second",26.5,27.9,25.8
9684,32.6,32,"Dubai",32.7,15.7,"Lower",0,"No",0,"No",3587,"Third",32.2,33.1,32.9
9685,33.7,21,"Dubai",34.7,29.6,"Lower",0,"No",0,"No",2623,"Second",35,33.1,36.1
9686,19.9,18,"Abu Dhabi",33.7,20.6,"Lower",0,"No",0,"No",3849,"Second",34.9,32.1,35.2
9687,23.4,26,"Abu Dhabi",33.2,36.9,"Lower",0,"No",1,"Yes",2923,"Second",32.4,34.7,34.3
9688,25.1,4,"Abu Dhabi",34.6,14.9,"Lower",0,"No",0,"No",3645,"First",32.4,34.6,38
9689,40.5,31,"Dubai",32.7,37.7,"Lower",0,"No",0,"No",3494,"Third",35,34,34.4
9690,40.6,33,"Dubai",28.8,41.2,"Lower",0,"No",0,"No",2657,"Third",27.5,26.6,28.9
9691,19.1,14,"Dubai",34.2,36.5,"Lower",0,"No",1,"Yes",2982,"Second",33.4,35.1,34.6
9692,21.2,33,"Abu Dhabi",35.5,28.5,"High",0,"No",0,"No",2952,"Third",36.2,34,35.1
9693,21.6,17,"Dubai",32.3,36.3,"Lower",0,"No",0,"No",3565,"Second",33.1,31.6,31.9
9694,39.4,35,"Abu Dhabi",28.5,33.3,"Lower",0,"No",0,"No",4087,"Third",29.7,30.3,27.2
9695,28.5,9,"Abu Dhabi",36.9,53.6,"High",0,"No",0,"No",2743,"First",35.7,36.4,36.6
9696,20.6,13,"Dubai",33,34,"Lower",0,"No",0,"No",3268,"First",34.5,31.2,35.4
9697,28.7,19,"Abu Dhabi",30.2,32.6,"Lower",0,"No",0,"No",3539,"Second",31.4,30.8,26.8
9698,24.3,20,"Sharjah",35.2,33.3,"High",0,"No",0,"No",2774,"Second",32.8,32.6,35.1
9699,19.3,19,"Dubai",36.4,27.9,"High",0,"No",0,"No",2753,"Second",37.8,36.1,36.5
9700,30.3,30,"Dubai",22.8,31.5,"Lower",0,"No",0,"No",3148,"Third",22.6,22.6,23.9
9701,37.1,36,"Abu Dhabi",31.3,15.6,"Lower",0,"No",0,"No",4237,"Third",32.3,32.9,31.4
9702,43.1,13,"Dubai",30.6,36.2,"Lower",0,"No",0,"No",3028,"First",32.1,30.7,31.8
9703,20.7,4,"Sharjah",30.6,30.8,"Lower",0,"No",0,"No",3505,"First",32,30.3,33.8
9704,20.2,19,"Abu Dhabi",27.9,27.5,"Lower",0,"No",0,"No",3234,"Second",27.2,28.9,27.1
9705,36,38,"Dubai",35.5,20.8,"High",0,"No",0,"No",3041,"Third",32.2,36.4,36.1
9706,26.1,18,"Abu Dhabi",35.5,40.7,"High",0,"No",0,"No",2841,"Second",34.9,35.6,32.9
9707,44,26,"Dubai",31.9,41,"Lower",0,"No",0,"No",3325,"Second",33,31.6,34
9708,23,5,"Sharjah",34.1,20.3,"Lower",0,"No",0,"No",2754,"First",36,34.8,34.7
9709,44.9,29,"Dubai",31.2,23.6,"Lower",0,"No",0,"No",3274,"Third",33.8,31.8,29.9
9710,23.5,15,"Abu Dhabi",30.9,46.3,"Lower",0,"No",0,"No",3312,"Second",31.9,31.7,32.3
9711,22.3,13,"Sharjah",35.9,28.6,"High",0,"No",0,"No",3281,"First",36.6,37.3,34
9712,18.5,23,"Abu Dhabi",27.5,27,"Lower",0,"No",0,"No",3725,"Second",26.6,27.1,27.6
9713,37.8,17,"Dubai",30.9,21.3,"Lower",1,"Yes",0,"No",2702,"Second",29.7,30.3,28.8
9714,22.6,28,"Dubai",32.2,18.7,"Lower",0,"No",0,"No",2520,"Third",30.5,32.1,31.8
9715,20.8,20,"Abu Dhabi",28.6,35.2,"Lower",0,"No",0,"No",3283,"Second",28.4,27.4,30
9716,39.1,21,"Dubai",41.2,30.3,"High",0,"No",1,"Yes",2626,"Second",40.6,40.3,43.6
9717,39,18,"Abu Dhabi",30.6,39.5,"Lower",0,"No",0,"No",3147,"Second",30.3,30.3,29.4
9718,36.6,9,"Dubai",35.4,17.3,"High",0,"No",0,"No",3119,"First",34.6,36.9,33.9
9719,33.6,15,"Dubai",27.3,24.8,"Lower",0,"No",0,"No",3275,"Second",26.6,26.4,26.5
9720,42.6,8,"Dubai",30.5,30,"Lower",0,"No",0,"No",3779,"First",31,29.2,32.7
9721,19.9,11,"Dubai",30.3,21.9,"Lower",0,"No",0,"No",3206,"First",30.8,29.7,31.4
9722,26.8,6,"Dubai",28.2,35.5,"Lower",0,"No",0,"No",3492,"First",27.6,26.7,29.1
9723,19.5,36,"Sharjah",36.4,35.3,"High",0,"No",0,"No",2548,"Third",35.8,35.3,36.5
9724,37.3,28,"Sharjah",34,34.8,"Lower",1,"Yes",0,"No",2599,"Third",32.8,32.7,34.7
9725,34.5,31,"Dubai",34.2,39.3,"Lower",1,"Yes",0,"No",3415,"Third",33.8,35.6,34.8
9726,23,12,"Sharjah",32.8,26.4,"Lower",0,"No",0,"No",3390,"First",33.9,32.1,34.3
9727,34.9,31,"Sharjah",35.6,36.2,"High",0,"No",0,"No",2334,"Third",35.5,33.2,35.5
9728,41.8,6,"Dubai",34.7,29.7,"Lower",0,"No",0,"No",2462,"First",35.2,32.8,33.4
9729,34.6,26,"Dubai",36.5,36.3,"High",0,"No",0,"No",2972,"Second",37.4,37.9,36.7
9730,34.4,31,"Dubai",31.5,34.6,"Lower",0,"No",0,"No",3916,"Third",30.8,31.4,31.7
9731,23.6,18,"Sharjah",28.3,26.8,"Lower",0,"No",0,"No",2694,"Second",31.8,28.4,28.1
9732,44.8,21,"Dubai",35.3,27,"High",0,"No",0,"No",3152,"Second",38.7,34.8,36.5
9733,36.9,28,"Dubai",32.8,44.2,"Lower",0,"No",0,"No",2958,"Third",33.7,33.8,34
9734,30.6,6,"Abu Dhabi",33.2,18,"Lower",0,"No",0,"No",3349,"First",32.1,33,33.9
9735,43.9,37,"Dubai",31.7,38.4,"Lower",0,"No",0,"No",3040,"Third",32.4,32.5,30.4
9736,20.3,10,"Dubai",30,15.9,"Lower",0,"No",0,"No",2818,"First",28.1,25.4,28.3
9737,34.2,28,"Abu Dhabi",28.8,20.7,"Lower",0,"No",0,"No",2850,"Third",29.9,30.4,28.7
9738,36.6,16,"Dubai",33.4,24.9,"Lower",1,"Yes",0,"No",2507,"Second",31.9,31,32.9
9739,25,30,"Abu Dhabi",30.7,28.9,"Lower",0,"No",0,"No",3219,"Third",30,29.5,28.8
9740,36.8,20,"Sharjah",26.9,35.6,"Lower",0,"No",0,"No",3100,"Second",27.4,29.6,27.7
9741,30.8,17,"Dubai",30.1,47.1,"Lower",0,"No",0,"No",3421,"Second",29.5,30.7,32
9742,42.5,7,"Dubai",29.9,29.1,"Lower",0,"No",0,"No",3211,"First",28.6,29,29.4
9743,26.1,5,"Abu Dhabi",37.5,36.1,"High",0,"No",0,"No",3056,"First",35,37.4,38.6
9744,28.2,39,"Abu Dhabi",28.2,30.6,"Lower",0,"No",0,"No",3559,"Third",30.2,29.2,29.7
9745,18.5,29,"Sharjah",32.4,25.4,"Lower",0,"No",0,"No",3927,"Third",34,32.7,32.7
9746,19.5,15,"Dubai",31.8,32.4,"Lower",0,"No",1,"Yes",2804,"Second",31.9,32.5,31.9
9747,40.6,33,"Sharjah",32.5,27.8,"Lower",0,"No",0,"No",3022,"Third",33.2,32,32.2
9748,39.8,32,"Dubai",29.6,23.5,"Lower",1,"Yes",0,"No",3503,"Third",31.3,27.2,27.5
9749,18.1,34,"Sharjah",29.2,38.2,"Lower",0,"No",0,"No",3468,"Third",28.1,29.1,31.2
9750,23.5,27,"Sharjah",32.9,33.3,"Lower",0,"No",0,"No",3160,"Second",32.2,32.5,30.6
9751,39.9,32,"Dubai",36.7,33.9,"High",0,"No",0,"No",2268,"Third",34.9,38.5,38.5
9752,18.5,15,"Dubai",31.4,32.6,"Lower",0,"No",0,"No",2857,"Second",34.7,31.7,28.4
9753,27.6,21,"Abu Dhabi",29.7,24.6,"Lower",0,"No",0,"No",3437,"Second",29.1,29.2,27.4
9754,32.1,39,"Sharjah",27.1,33.8,"Lower",0,"No",0,"No",3096,"Third",30.4,27.8,25.5
9755,21.1,12,"Dubai",33.4,31,"Lower",0,"No",0,"No",3050,"First",33.9,31.4,35.2
9756,28.7,14,"Dubai",31.1,21.4,"Lower",0,"No",0,"No",3759,"Second",31.9,31.8,32.5
9757,23,13,"Dubai",31.8,23.9,"Lower",0,"No",0,"No",3612,"First",33.4,32.3,31.4
9758,30,12,"Abu Dhabi",31.3,15.6,"Lower",1,"Yes",0,"No",3467,"First",33.2,32.9,30.4
9759,37.3,38,"Abu Dhabi",26.6,38.1,"Lower",0,"No",0,"No",4349,"Third",26,25.7,27.4
9760,38.8,30,"Abu Dhabi",34.4,22.2,"Lower",0,"No",0,"No",2619,"Third",34,32.3,38
9761,44.2,17,"Sharjah",32.9,24.1,"Lower",0,"No",0,"No",3410,"Second",28.9,32.8,31.2
9762,36.4,9,"Abu Dhabi",32.1,34.6,"Lower",1,"Yes",0,"No",2637,"First",33.3,34.9,32.2
9763,33.5,9,"Dubai",29.4,27.1,"Lower",0,"No",0,"No",3720,"First",29.8,30.1,32
9764,30.3,23,"Sharjah",33.8,23.4,"Lower",0,"No",0,"No",2795,"Second",33.8,34.4,35
9765,41.7,34,"Sharjah",33,15.2,"Lower",0,"No",0,"No",3455,"Third",34.9,34.3,31.2
9766,23.5,34,"Dubai",31.6,35.7,"Lower",0,"No",0,"No",3053,"Third",34.8,32.8,31.6
9767,34.8,31,"Abu Dhabi",34,38.3,"Lower",0,"No",1,"Yes",3585,"Third",34.3,35.9,34.1
9768,44.2,29,"Abu Dhabi",31.5,24.8,"Lower",0,"No",0,"No",3077,"Third",32.4,31.9,31.5
9769,20.3,14,"Abu Dhabi",32,38.1,"Lower",0,"No",0,"No",3176,"Second",32.3,32.2,32.3
9770,25.4,39,"Dubai",31.2,22.9,"Lower",0,"No",1,"Yes",2918,"Third",33.6,32.2,30.2
9771,42,11,"Abu Dhabi",30.8,32.6,"Lower",0,"No",0,"No",2862,"First",29.5,31.5,30.4
9772,18.6,19,"Abu Dhabi",33.9,31.6,"Lower",0,"No",0,"No",3400,"Second",36.1,32.8,33.9
9773,34.3,10,"Dubai",31.1,20.3,"Lower",0,"No",0,"No",3935,"First",30.9,29.5,30.5
9774,38.5,34,"Abu Dhabi",31.2,21,"Lower",0,"No",0,"No",2287,"Third",32.1,32.9,30.1
9775,39.1,10,"Dubai",32.6,38,"Lower",0,"No",0,"No",3203,"First",32.3,31.9,33.2
9776,29.6,16,"Dubai",30.4,10.3,"Lower",0,"No",0,"No",3428,"Second",31.9,28.9,28.2
9777,20.1,38,"Dubai",33.3,20.4,"Lower",0,"No",0,"No",3013,"Third",33.4,33.2,32.3
9778,29.7,15,"Sharjah",33.7,35.1,"Lower",0,"No",0,"No",2844,"Second",32.3,32.6,32.1
9779,26.7,33,"Dubai",31.6,25.3,"Lower",0,"No",0,"No",3180,"Third",32,29.8,34.3
9780,44.4,19,"Dubai",34.3,23.4,"Lower",0,"No",1,"Yes",4201,"Second",36,35.4,35.4
9781,25.1,30,"Dubai",31.6,32.5,"Lower",0,"No",0,"No",2527,"Third",29.8,31.3,32
9782,23.2,28,"Sharjah",29.5,26,"Lower",0,"No",0,"No",3215,"Third",30.4,28.5,31
9783,33.7,11,"Sharjah",31.9,13.8,"Lower",0,"No",0,"No",3150,"First",32.2,32.2,31
9784,31.1,5,"Dubai",33.2,26.7,"Lower",0,"No",0,"No",3130,"First",31.9,34.9,32.4
9785,42.6,27,"Abu Dhabi",33,45.1,"Lower",0,"No",0,"No",3438,"Second",33,37.7,33.9
9786,25.3,28,"Abu Dhabi",34.5,23,"Lower",0,"No",0,"No",3283,"Third",35.4,31.9,36.8
9787,22.3,33,"Sharjah",34.3,37.4,"Lower",0,"No",0,"No",2790,"Third",36.7,32.5,37.5
9788,26,13,"Abu Dhabi",29.2,37.3,"Lower",0,"No",1,"Yes",3854,"First",27.6,29.6,29
9789,21.7,12,"Sharjah",32.4,42,"Lower",0,"No",1,"Yes",2877,"First",33.2,31.3,33.9
9790,35.5,13,"Dubai",31.9,28.2,"Lower",0,"No",0,"No",3223,"First",29.7,30.9,32.9
9791,21.3,18,"Sharjah",34,32.2,"Lower",0,"No",0,"No",3061,"Second",35.5,33.6,30.7
9792,20.2,21,"Dubai",37.2,31.8,"High",0,"No",0,"No",2698,"Second",38.8,35.3,34.5
9793,41.8,6,"Dubai",29,23.2,"Lower",0,"No",0,"No",3792,"First",30.9,29.6,28.6
9794,41.9,35,"Sharjah",29.8,26.3,"Lower",0,"No",0,"No",3579,"Third",31.5,30,29.7
9795,33.2,23,"Sharjah",32.2,29.6,"Lower",0,"No",0,"No",2935,"Second",32,33.8,32.5
9796,27.5,12,"Sharjah",30.9,32.2,"Lower",0,"No",0,"No",2339,"First",32.1,29.7,30.7
9797,34.8,11,"Abu Dhabi",32.2,34,"Lower",1,"Yes",0,"No",3348,"First",31.5,34.4,32.8
9798,28.4,8,"Dubai",38.9,27.7,"High",0,"No",0,"No",2211,"First",38.9,35.8,37.2
9799,28,27,"Dubai",35.8,15.9,"High",0,"No",1,"Yes",2233,"Second",35.3,34,37.7
9800,19.3,28,"Sharjah",30.9,24.1,"Lower",0,"No",0,"No",3332,"Third",32.9,28.8,30.1
9801,26.4,16,"Dubai",30.4,28.4,"Lower",0,"No",0,"No",3597,"Second",31.1,30.5,33.6
9802,28.6,11,"Abu Dhabi",30.2,39.4,"Lower",0,"No",0,"No",2970,"First",28.9,31.8,29.5
9803,38.6,40,"Abu Dhabi",33.3,28.1,"Lower",0,"No",0,"No",3895,"Third",33.1,32.2,31.7
9804,22.4,16,"Dubai",29,24.1,"Lower",0,"No",1,"Yes",4128,"Second",28.1,31.7,29
9805,29.9,19,"Abu Dhabi",29.8,28,"Lower",0,"No",0,"No",4146,"Second",27.5,30.6,30.4
9806,23.5,22,"Abu Dhabi",31.3,34.8,"Lower",0,"No",0,"No",3234,"Second",30.1,30.6,31.2
9807,34.8,16,"Dubai",27.3,24.4,"Lower",0,"No",1,"Yes",2881,"Second",28.3,26.7,30.5
9808,44.8,23,"Abu Dhabi",33.2,29.5,"Lower",0,"No",0,"No",2617,"Second",32.5,33.9,29.8
9809,19.2,37,"Abu Dhabi",34.4,26.1,"Lower",0,"No",0,"No",3814,"Third",35.2,32.6,36.7
9810,29.8,31,"Sharjah",33,34.1,"Lower",0,"No",0,"No",3381,"Third",32.4,33.8,34.5
9811,44,27,"Dubai",31.6,24.2,"Lower",0,"No",0,"No",3130,"Second",32.4,29.3,33.2
9812,39.6,27,"Dubai",31.5,21.2,"Lower",0,"No",0,"No",2561,"Second",33.1,30.6,30.6
9813,41.6,33,"Dubai",28.9,21.2,"Lower",0,"No",0,"No",3715,"Third",29.4,24.2,26.3
9814,29,39,"Sharjah",35.2,42.1,"High",0,"No",0,"No",2852,"Third",37.9,33.5,35.4
9815,43.8,7,"Dubai",35,26.7,"High",0,"No",0,"No",3316,"First",34.3,35.6,33.2
9816,24.4,19,"Abu Dhabi",30.8,26.2,"Lower",0,"No",0,"No",3777,"Second",34.1,33.5,29.3
9817,36.1,17,"Dubai",33.3,30.7,"Lower",0,"No",0,"No",3220,"Second",31.7,30.3,34
9818,21.5,39,"Abu Dhabi",30.4,38.8,"Lower",0,"No",0,"No",2913,"Third",28.8,30.5,32.4
9819,33.1,12,"Dubai",32.2,20.5,"Lower",0,"No",0,"No",3329,"First",31.1,31.7,30.5
9820,39.7,13,"Dubai",34.2,36.6,"Lower",0,"No",0,"No",2986,"First",34.2,34.7,32.5
9821,33.6,20,"Dubai",30.4,19.3,"Lower",0,"No",0,"No",2841,"Second",30.4,32,30.3
9822,30.5,13,"Dubai",33.6,46.4,"Lower",0,"No",0,"No",3917,"First",33.2,32.3,33.1
9823,33.1,26,"Abu Dhabi",33.5,40.7,"Lower",0,"No",1,"Yes",3110,"Second",31,32.7,34.7
9824,27.5,5,"Dubai",30,35.9,"Lower",0,"No",0,"No",2829,"First",29.7,29.2,31.8
9825,30.1,37,"Abu Dhabi",34,29.2,"Lower",0,"No",0,"No",3558,"Third",33.4,32,39.9
9826,24.2,4,"Abu Dhabi",32.1,16,"Lower",0,"No",0,"No",3743,"First",32.2,28.8,33.3
9827,25.5,39,"Abu Dhabi",27.9,31.4,"Lower",0,"No",0,"No",2752,"Third",30.2,29.8,25.8
9828,32.2,17,"Abu Dhabi",34.2,44.5,"Lower",0,"No",0,"No",2675,"Second",33.4,32.3,34.2
9829,34.1,23,"Abu Dhabi",31.5,27.1,"Lower",0,"No",0,"No",3138,"Second",29.6,33.9,33.1
9830,21.3,35,"Abu Dhabi",30.5,17.6,"Lower",0,"No",0,"No",2910,"Third",29.8,31.7,31.2
9831,28.3,23,"Abu Dhabi",36.6,21.1,"High",0,"No",0,"No",2539,"Second",36,38.3,37
9832,29,30,"Abu Dhabi",26.4,19.7,"Lower",0,"No",0,"No",3727,"Third",30.7,27,26
9833,38.7,28,"Dubai",32.6,47.3,"Lower",0,"No",0,"No",3161,"Third",33.8,31.6,30.9
9834,44.1,19,"Sharjah",32.6,42.2,"Lower",0,"No",0,"No",3909,"Second",32.9,33.6,31.5
9835,31.3,30,"Dubai",33.2,14.3,"Lower",0,"No",0,"No",4432,"Third",32.1,31.7,35.1
9836,25.2,13,"Sharjah",29,26.3,"Lower",0,"No",0,"No",2917,"First",27.8,29.4,27.7
9837,27.8,24,"Dubai",34,36.6,"Lower",0,"No",0,"No",2715,"Second",34.3,36.9,33.7
9838,36.7,22,"Sharjah",32.4,14.4,"Lower",0,"No",0,"No",3092,"Second",30.3,33,31.3
9839,33.3,31,"Sharjah",32.8,18.3,"Lower",0,"No",0,"No",2912,"Third",36,31.4,33.1
9840,28.1,20,"Dubai",35.9,35.9,"High",0,"No",0,"No",2821,"Second",35.9,35,36.9
9841,32.3,17,"Abu Dhabi",30.1,29.2,"Lower",0,"No",0,"No",3655,"Second",28.2,29,30.3
9842,39.7,10,"Abu Dhabi",28.2,30.3,"Lower",0,"No",0,"No",3334,"First",26.9,29.3,27.3
9843,25.1,5,"Abu Dhabi",32.6,9.3,"Lower",0,"No",0,"No",3155,"First",30.6,31.9,30.8
9844,39.7,40,"Dubai",27.5,28.7,"Lower",0,"No",0,"No",3758,"Third",27.1,27.6,28.3
9845,32.7,27,"Dubai",29.6,14.7,"Lower",0,"No",0,"No",3426,"Second",27.2,31.5,30.4
9846,24.3,12,"Abu Dhabi",30,26.4,"Lower",0,"No",0,"No",4258,"First",28.6,28.8,31.2
9847,30.9,8,"Dubai",34.5,23.6,"Lower",0,"No",0,"No",3456,"First",36.8,32.9,37.6
9848,24.5,9,"Sharjah",33.7,30.6,"Lower",0,"No",0,"No",2912,"First",31.9,32.2,34.5
9849,38.7,10,"Abu Dhabi",25.9,40.9,"Lower",0,"No",0,"No",2917,"First",25.8,27.4,27.8
9850,25.6,14,"Dubai",30.9,37.2,"Lower",0,"No",0,"No",3657,"Second",33.2,31.4,29.9
9851,32.9,40,"Abu Dhabi",27.7,38.3,"Lower",0,"No",0,"No",2989,"Third",27.9,27.5,26.8
9852,19.3,30,"Sharjah",26.8,29.3,"Lower",0,"No",1,"Yes",3218,"Third",26.4,27.8,27.7
9853,29,26,"Abu Dhabi",35.2,24.1,"High",1,"Yes",1,"Yes",3228,"Second",34,35.6,35.8
9854,24.6,21,"Abu Dhabi",35.1,36.6,"High",0,"No",1,"Yes",2775,"Second",36.1,36.2,34.2
9855,37,30,"Abu Dhabi",32.2,22.9,"Lower",0,"No",0,"No",2981,"Third",33.7,31.1,33.7
9856,19.8,27,"Sharjah",34.2,15.2,"Lower",0,"No",0,"No",3553,"Second",32.3,34,34.5
9857,40.4,28,"Abu Dhabi",32,14,"Lower",0,"No",0,"No",3541,"Third",32.2,33,29.5
9858,28.1,5,"Sharjah",31.3,37.5,"Lower",0,"No",1,"Yes",3279,"First",33.3,31.2,31.7
9859,36.4,10,"Abu Dhabi",29.5,22.6,"Lower",0,"No",0,"No",2873,"First",29.8,29.8,29.1
9860,37.2,23,"Dubai",32.9,16.6,"Lower",0,"No",0,"No",2510,"Second",35,33.9,36.1
9861,26.7,17,"Sharjah",33.2,40.5,"Lower",0,"No",0,"No",3110,"Second",33.5,36.8,33.5
9862,37.8,27,"Abu Dhabi",33.8,15.8,"Lower",0,"No",0,"No",2946,"Second",33.9,34.8,32.6
9863,22.5,12,"Dubai",34.2,32.4,"Lower",0,"No",0,"No",3711,"First",34.8,34.7,36.4
9864,41.1,32,"Sharjah",34.1,33,"Lower",0,"No",0,"No",2798,"Third",34.5,33.8,34.3
9865,20.3,22,"Dubai",31,9.9,"Lower",0,"No",0,"No",3603,"Second",29.6,31.8,30.3
9866,36.1,8,"Abu Dhabi",27.2,32.8,"Lower",0,"No",0,"No",3904,"First",29.2,27.1,27
9867,38.5,12,"Dubai",31,47,"Lower",0,"No",0,"No",3680,"First",31.7,31.4,31
9868,27.7,40,"Abu Dhabi",34.6,26.8,"Lower",0,"No",0,"No",2670,"Third",37,34.3,31.5
9869,24.8,27,"Abu Dhabi",34,24.6,"Lower",0,"No",0,"No",2562,"Second",32.2,34.3,34.2
9870,41.4,33,"Abu Dhabi",33.3,19.8,"Lower",0,"No",0,"No",3166,"Third",34,32.9,35.5
9871,42.6,9,"Sharjah",31.9,28.9,"Lower",0,"No",0,"No",4259,"First",33.7,31.5,33.2
9872,34.5,15,"Abu Dhabi",36.7,17,"High",0,"No",0,"No",2718,"Second",33.9,35.2,37.3
9873,39.3,21,"Dubai",34.8,17.8,"Lower",0,"No",0,"No",3077,"Second",35,33.9,33.4
9874,20.6,10,"Dubai",29.1,38,"Lower",0,"No",0,"No",3439,"First",30,28.6,28.3
9875,25.4,37,"Sharjah",36.4,34.2,"High",0,"No",0,"No",2850,"Third",36.8,35.8,37.4
9876,30.5,4,"Dubai",31.9,30.5,"Lower",0,"No",0,"No",3897,"First",31.9,31.8,32.7
9877,32.8,33,"Abu Dhabi",32.1,37.6,"Lower",0,"No",0,"No",3176,"Third",30.8,32.5,30
9878,20.1,19,"Dubai",31.5,20.2,"Lower",0,"No",0,"No",2921,"Second",31.5,29.8,31.3
9879,44.4,31,"Dubai",31.9,19.7,"Lower",0,"No",0,"No",3494,"Third",30.6,30.4,29.2
9880,38.1,27,"Abu Dhabi",32,38.2,"Lower",0,"No",0,"No",3366,"Second",31.3,32.8,32.3
9881,36.1,15,"Abu Dhabi",27.8,21.9,"Lower",0,"No",0,"No",3677,"Second",27.9,30.6,29.3
9882,23.5,11,"Abu Dhabi",32.9,44.7,"Lower",0,"No",0,"No",3216,"First",31.4,34.1,30.5
9883,41.3,22,"Abu Dhabi",30.6,38.5,"Lower",0,"No",0,"No",2060,"Second",30.9,30.6,29.6
9884,20.3,7,"Dubai",31.2,34.3,"Lower",0,"No",0,"No",3438,"First",29.5,31.5,30.7
9885,29,29,"Dubai",34.3,32.2,"Lower",0,"No",1,"Yes",3265,"Third",34.3,35.9,33.5
9886,21,23,"Dubai",27.5,26.2,"Lower",0,"No",0,"No",2694,"Second",27.9,25,26.3
9887,40,27,"Dubai",30.6,5.7,"Lower",0,"No",0,"No",3253,"Second",32.2,27.4,31.6
9888,24.8,31,"Dubai",34.7,48.8,"Lower",0,"No",0,"No",2710,"Third",32.6,34.5,37.6
9889,34.6,39,"Sharjah",32.9,41.8,"Lower",0,"No",0,"No",2918,"Third",34.3,35,31.9
9890,41.1,7,"Abu Dhabi",33.7,23.1,"Lower",0,"No",1,"Yes",3572,"First",32.4,32.9,32.9
9891,44.9,26,"Sharjah",36.8,28.4,"High",0,"No",0,"No",2920,"Second",37.8,34,35.7
9892,40.1,16,"Dubai",28.9,32.8,"Lower",0,"No",0,"No",3612,"Second",28.7,28,27.9
9893,24.5,24,"Dubai",29.9,28.8,"Lower",0,"No",0,"No",3298,"Second",28.2,29.2,32.5
9894,41.5,14,"Sharjah",31.6,22.7,"Lower",0,"No",0,"No",3284,"Second",34.5,32.4,31.6
9895,26.5,22,"Dubai",36.2,18.9,"High",0,"No",0,"No",3174,"Second",36.7,33.6,36.6
9896,28,12,"Dubai",25.8,14.7,"Lower",0,"No",0,"No",4028,"First",25.6,24.2,24.4
9897,30,37,"Dubai",27.6,24.1,"Lower",0,"No",0,"No",3203,"Third",28.1,25.4,26.5
9898,37.6,15,"Dubai",30.1,28.1,"Lower",0,"No",0,"No",3585,"Second",29.8,29,31.2
9899,31.7,14,"Sharjah",32,34.9,"Lower",0,"No",0,"No",2710,"Second",30.4,31.4,32.9
9900,37.2,20,"Abu Dhabi",28.9,53.9,"Lower",0,"No",0,"No",2749,"Second",29.1,30.6,29.1
9901,31.7,16,"Sharjah",26.2,27.2,"Lower",0,"No",0,"No",3760,"Second",24.2,25.7,25.7
9902,24.2,13,"Dubai",32.4,37.6,"Lower",0,"No",0,"No",2924,"First",31.9,31.6,34.2
9903,26.5,36,"Abu Dhabi",27.1,27.8,"Lower",0,"No",0,"No",3029,"Third",26.6,27.2,28.8
9904,19,15,"Abu Dhabi",36.2,26.2,"High",0,"No",0,"No",2626,"Second",35.3,38,38.5
9905,39.7,7,"Abu Dhabi",34.6,41.7,"Lower",0,"No",0,"No",2801,"First",34.9,35.8,32.2
9906,37.1,34,"Sharjah",32.5,27.7,"Lower",0,"No",0,"No",2751,"Third",31.7,34.5,30.6
9907,39.7,26,"Dubai",35.7,29.9,"High",0,"No",0,"No",2343,"Second",35.5,35.4,36.7
9908,20.2,34,"Dubai",30.3,28.2,"Lower",0,"No",0,"No",3459,"Third",30.5,28.3,31.5
9909,40.5,25,"Sharjah",31.4,29.7,"Lower",0,"No",0,"No",3431,"Second",32.2,31.8,32.2
9910,23.9,5,"Abu Dhabi",31.7,21.3,"Lower",0,"No",0,"No",3440,"First",30.3,33,32.2
9911,21,9,"Sharjah",28.7,36.6,"Lower",0,"No",1,"Yes",3476,"First",27.4,27.4,28.7
9912,23.1,25,"Abu Dhabi",29.8,23.7,"Lower",0,"No",0,"No",3175,"Second",27.7,30,27.3
9913,26.7,33,"Abu Dhabi",34.4,26,"Lower",0,"No",0,"No",3172,"Third",35.8,32.9,34.5
9914,22.9,13,"Dubai",28.3,27.9,"Lower",0,"No",1,"Yes",3606,"First",27.9,27.8,28.5
9915,35.3,10,"Sharjah",28.8,21.9,"Lower",0,"No",0,"No",2681,"First",26,29.6,27.4
9916,37.6,19,"Dubai",32.1,33.5,"Lower",0,"No",0,"No",2861,"Second",30,29.8,32.4
9917,25.9,21,"Dubai",31.4,30,"Lower",0,"No",0,"No",3369,"Second",34,32.5,29.7
9918,20.9,37,"Dubai",36.9,12.7,"High",0,"No",0,"No",2769,"Third",35.2,36.2,37
9919,33.4,13,"Abu Dhabi",31,30.7,"Lower",0,"No",0,"No",2620,"First",30.1,31,29.9
9920,39.4,39,"Dubai",33.6,21.4,"Lower",0,"No",0,"No",3210,"Third",34.4,35.2,31.6
9921,27.9,37,"Dubai",25.5,40.2,"Lower",0,"No",0,"No",3903,"Third",24.6,24.4,25.6
9922,26.8,16,"Abu Dhabi",30.6,32.3,"Lower",0,"No",0,"No",3401,"Second",30.4,28.3,26.8
9923,43.2,40,"Dubai",31.8,26.8,"Lower",0,"No",0,"No",3267,"Third",32.8,32.7,32
9924,27.1,25,"Abu Dhabi",36.3,41.5,"High",0,"No",0,"No",2706,"Second",31.6,33.4,35
9925,35.5,10,"Abu Dhabi",28.1,24,"Lower",0,"No",0,"No",3414,"First",27.2,28,28
9926,38.3,30,"Abu Dhabi",32.3,32,"Lower",0,"No",1,"Yes",3222,"Third",30.9,34.5,30.1
9927,24.2,4,"Sharjah",30.8,35.7,"Lower",0,"No",0,"No",3710,"First",31.1,30.5,30.4
9928,40.1,28,"Dubai",34.6,48.4,"Lower",0,"No",0,"No",3590,"Third",35.9,36,33.2
9929,37.9,25,"Abu Dhabi",25.9,24.8,"Lower",0,"No",0,"No",3641,"Second",24.7,26.6,23.7
9930,26.1,13,"Sharjah",32.7,33.6,"Lower",0,"No",0,"No",3042,"First",33.9,34,31.1
9931,37.4,20,"Dubai",32,29.5,"Lower",1,"Yes",0,"No",3760,"Second",32,35.7,34.1
9932,20.2,24,"Abu Dhabi",32.1,36,"Lower",1,"Yes",1,"Yes",2956,"Second",32.6,33.5,31
9933,22.2,9,"Dubai",34.5,50.1,"Lower",0,"No",0,"No",2770,"First",34.9,33.7,35
9934,25.9,35,"Dubai",35.5,34.6,"High",0,"No",1,"Yes",3401,"Third",40.6,35.3,35.2
9935,35.1,38,"Sharjah",35.6,36.1,"High",0,"No",0,"No",3038,"Third",34.1,37.1,38.3
9936,18.2,28,"Abu Dhabi",31.8,24.9,"Lower",0,"No",0,"No",2820,"Third",33.6,31.9,32.4
9937,31.8,13,"Abu Dhabi",37.9,40.8,"High",0,"No",0,"No",3006,"First",38.5,38.2,37.8
9938,36.5,33,"Abu Dhabi",33.3,41.2,"Lower",0,"No",0,"No",3033,"Third",33.3,30.6,35.5
9939,44.3,27,"Dubai",28.3,8.9,"Lower",1,"Yes",0,"No",3570,"Second",28.8,28.2,28.8
9940,34.1,14,"Sharjah",32.6,23.8,"Lower",0,"No",0,"No",3289,"Second",32.4,34,32.6
9941,19.8,25,"Dubai",33.6,31.1,"Lower",1,"Yes",1,"Yes",3525,"Second",34.9,33.8,35.7
9942,34,25,"Dubai",30.2,32,"Lower",0,"No",0,"No",3253,"Second",28.8,29.4,29.7
9943,28.4,22,"Sharjah",28.3,37.9,"Lower",0,"No",0,"No",3258,"Second",31.1,29.9,26.6
9944,38.3,7,"Abu Dhabi",27.4,33.7,"Lower",0,"No",0,"No",3026,"First",28.2,28,29.3
9945,45,40,"Dubai",30.2,24.6,"Lower",0,"No",0,"No",3026,"Third",31.7,28.7,28.8
9946,34.3,25,"Abu Dhabi",32.4,32.8,"Lower",0,"No",0,"No",1940,"Second",32.1,30.9,31.2
9947,24.2,17,"Dubai",34,19.6,"Lower",0,"No",0,"No",3684,"Second",32.6,32.1,35.7
9948,35.5,27,"Dubai",28.9,24.4,"Lower",0,"No",0,"No",2857,"Second",28.2,26.8,32.8
9949,21.7,7,"Abu Dhabi",34,27.8,"Lower",0,"No",0,"No",3345,"First",31.8,33.2,33.3
9950,36.6,22,"Abu Dhabi",26.7,23.4,"Lower",0,"No",0,"No",3264,"Second",27.8,27.7,28.1
9951,36.4,10,"Abu Dhabi",32.5,20.1,"Lower",0,"No",0,"No",3806,"First",34.8,35.4,31.5
9952,22.6,14,"Sharjah",38.9,25.1,"High",0,"No",0,"No",2895,"Second",39,38,41
9953,20.6,7,"Dubai",31.8,20.3,"Lower",0,"No",0,"No",4101,"First",33,31.6,31.2
9954,23.2,30,"Dubai",36.1,33.4,"High",0,"No",0,"No",3078,"Third",37.2,35.9,33.9
9955,43.9,31,"Dubai",30.3,31.4,"Lower",0,"No",0,"No",3928,"Third",31,33.1,31.5
9956,20.7,24,"Sharjah",26.5,45.2,"Lower",0,"No",0,"No",3731,"Second",26.2,26.7,25.7
9957,26,37,"Abu Dhabi",35.8,36.6,"High",0,"No",0,"No",3453,"Third",33.8,36.9,35.2
9958,36.5,5,"Dubai",33.1,25.3,"Lower",0,"No",0,"No",3783,"First",34.5,33.3,30.7
9959,40.8,19,"Abu Dhabi",34.5,26.8,"Lower",0,"No",0,"No",3170,"Second",36.6,33.4,36.8
9960,22.8,28,"Sharjah",31.5,40.3,"Lower",0,"No",0,"No",2888,"Third",32.3,32,30.7
9961,37.7,40,"Dubai",31.4,15.5,"Lower",0,"No",0,"No",4179,"Third",32.3,30.9,33.2
9962,31.3,29,"Abu Dhabi",28.8,40.2,"Lower",0,"No",0,"No",3056,"Third",29.8,31.1,31
9963,31.8,8,"Abu Dhabi",34.9,23.7,"Lower",0,"No",0,"No",3230,"First",34.8,36.1,35.1
9964,41.5,33,"Abu Dhabi",35.4,31.4,"High",0,"No",0,"No",3902,"Third",34.8,35.2,33.7
9965,29.9,15,"Dubai",33.2,49.8,"Lower",0,"No",0,"No",3800,"Second",33.7,31.8,31.8
9966,21.3,24,"Dubai",33.1,17.4,"Lower",0,"No",0,"No",3943,"Second",34.5,34.8,33.7
9967,19.3,28,"Abu Dhabi",34.6,38.2,"Lower",0,"No",0,"No",2746,"Third",33.8,34.4,34.8
9968,35.4,26,"Abu Dhabi",36.1,18.6,"High",0,"No",0,"No",3246,"Second",36.3,34,34.5
9969,21.1,7,"Abu Dhabi",30.4,20.2,"Lower",0,"No",0,"No",2903,"First",29.2,29.8,31
9970,30.9,6,"Dubai",31.7,13.7,"Lower",0,"No",0,"No",2857,"First",32.2,30.7,31.1
9971,20.7,8,"Dubai",30.2,25,"Lower",0,"No",0,"No",3989,"First",30.1,31.4,30.2
9972,23.7,16,"Abu Dhabi",28.9,28.9,"Lower",0,"No",0,"No",3558,"Second",29.5,29.3,26.4
9973,29.5,31,"Dubai",34,32.7,"Lower",0,"No",0,"No",2984,"Third",33.2,34.7,32.8
9974,31.5,34,"Dubai",39.2,21.9,"High",0,"No",1,"Yes",2585,"Third",39.5,38.7,39.7
9975,44.1,24,"Sharjah",35.4,22.3,"High",0,"No",1,"Yes",3206,"Second",35.7,36.8,34.6
9976,45,11,"Dubai",30.7,43.4,"Lower",1,"Yes",0,"No",2670,"First",29.9,32.7,30.2
9977,34.4,20,"Abu Dhabi",29.1,20.3,"Lower",0,"No",0,"No",2955,"Second",28.9,31.5,29.1
9978,29.9,25,"Dubai",34.1,52.1,"Lower",0,"No",0,"No",2293,"Second",34.4,35.1,35.9
9979,41.4,36,"Sharjah",35.9,38.3,"High",0,"No",1,"Yes",2103,"Third",35.7,36.1,35.5
9980,18.2,32,"Dubai",35,36.6,"High",0,"No",0,"No",3227,"Third",34.4,34.2,33.9
9981,25.7,20,"Sharjah",31.4,38.3,"Lower",1,"Yes",0,"No",3769,"Second",30.4,32,33.5
9982,21.8,23,"Abu Dhabi",29.5,24.8,"Lower",0,"No",1,"Yes",2593,"Second",29.6,27.2,27.5
9983,25.3,26,"Dubai",36.8,45.5,"High",0,"No",0,"No",3941,"Second",35.8,37.9,36
9984,44,38,"Sharjah",31.8,32.6,"Lower",0,"No",0,"No",4042,"Third",33.3,30.4,30.3
9985,37.9,35,"Sharjah",27.1,35.6,"Lower",0,"No",0,"No",3884,"Third",28.6,26,25.3
9986,31.4,26,"Abu Dhabi",37,31.9,"High",1,"Yes",0,"No",2877,"Second",37.1,38.2,39.2
9987,23.8,21,"Sharjah",35.7,28.2,"High",0,"No",0,"No",3041,"Second",36.6,36.1,33.9
9988,27.4,28,"Dubai",31.6,19.9,"Lower",0,"No",0,"No",3706,"Third",30.4,31.7,31.3
9989,20.8,10,"Sharjah",35.7,20.1,"High",0,"No",0,"No",3639,"First",37.7,34.2,35.2
9990,37.5,22,"Dubai",30.8,34.4,"Lower",0,"No",0,"No",4010,"Second",31.1,33.3,29.6
9991,28.7,7,"Abu Dhabi",29.6,35.1,"Lower",0,"No",0,"No",3629,"First",29.9,29.7,27.2
9992,29.1,11,"Dubai",26.6,34.6,"Lower",0,"No",0,"No",3645,"First",27.6,27.8,25.6
9993,24.4,14,"Dubai",32.9,15,"Lower",0,"No",0,"No",3616,"Second",32.3,34.6,32
9994,31.2,16,"Abu Dhabi",31.4,30.2,"Lower",0,"No",0,"No",3213,"Second",33.1,33.1,32.4
9995,20.1,6,"Abu Dhabi",29.8,24.4,"Lower",0,"No",0,"No",3460,"First",28.9,31.7,30
9996,19.5,23,"Abu Dhabi",30.5,26.6,"Lower",0,"No",0,"No",3103,"Second",31,29.2,32.3
9997,41.8,6,"Dubai",30.6,26.5,"Lower",0,"No",0,"No",2633,"First",29.4,30.8,31.8
9998,31.2,16,"Dubai",32.4,39.4,"Lower",0,"No",0,"No",3152,"Second",32.5,30.3,33.6
9999,28.2,6,"Abu Dhabi",36.7,29.7,"High",0,"No",0,"No",3316,"First",36.7,34.2,37
10000,18.7,40,"Dubai",32.2,36.7,"Lower",0,"No",0,"No",3393,"Third",32.2,34,32.1
